tool,k,true_context,true_n,predicted_category,count,pct_of_true,pct_of_true_lo,pct_of_true_hi,n_predicted,pct_of_predicted,pct_of_predicted_lo,pct_of_predicted_hi,is_exact_match,bootstrap_draws,library
CARD k-mers,4,chromosome,7314,chromosome,0,0.0,0.0,0.0,0,0.0,0.0,0.0,1,2000,"size_test (card_database_v3.2.6_all, k=4-100); k=61 == Figure 1"
CARD k-mers,4,chromosome,7314,plasmid,0,0.0,0.0,0.0,0,0.0,0.0,0.0,0,2000,"size_test (card_database_v3.2.6_all, k=4-100); k=61 == Figure 1"
CARD k-mers,4,chromosome,7314,chr + plasmid,7314,100.0,100.0,100.0,8207,89.119,88.4367,89.8014,0,2000,"size_test (card_database_v3.2.6_all, k=4-100); k=61 == Figure 1"
CARD k-mers,4,chromosome,7314,unclassified,0,0.0,0.0,0.0,0,0.0,0.0,0.0,0,2000,"size_test (card_database_v3.2.6_all, k=4-100); k=61 == Figure 1"
CARD k-mers,4,chromosome,7314,rejected,0,0.0,0.0,0.0,0,0.0,0.0,0.0,0,2000,"size_test (card_database_v3.2.6_all, k=4-100); k=61 == Figure 1"
CARD k-mers,4,plasmid,893,chromosome,0,0.0,0.0,0.0,0,0.0,0.0,0.0,0,2000,"size_test (card_database_v3.2.6_all, k=4-100); k=61 == Figure 1"
CARD k-mers,4,plasmid,893,plasmid,0,0.0,0.0,0.0,0,0.0,0.0,0.0,1,2000,"size_test (card_database_v3.2.6_all, k=4-100); k=61 == Figure 1"
CARD k-mers,4,plasmid,893,chr + plasmid,893,100.0,100.0,100.0,8207,10.881,10.1986,11.5633,0,2000,"size_test (card_database_v3.2.6_all, k=4-100); k=61 == Figure 1"
CARD k-mers,4,plasmid,893,unclassified,0,0.0,0.0,0.0,0,0.0,0.0,0.0,0,2000,"size_test (card_database_v3.2.6_all, k=4-100); k=61 == Figure 1"
CARD k-mers,4,plasmid,893,rejected,0,0.0,0.0,0.0,0,0.0,0.0,0.0,0,2000,"size_test (card_database_v3.2.6_all, k=4-100); k=61 == Figure 1"
CARD k-mers,5,chromosome,7314,chromosome,0,0.0,0.0,0.0,0,0.0,0.0,0.0,1,2000,"size_test (card_database_v3.2.6_all, k=4-100); k=61 == Figure 1"
CARD k-mers,5,chromosome,7314,plasmid,0,0.0,0.0,0.0,0,0.0,0.0,0.0,0,2000,"size_test (card_database_v3.2.6_all, k=4-100); k=61 == Figure 1"
CARD k-mers,5,chromosome,7314,chr + plasmid,7314,100.0,100.0,100.0,8207,89.119,88.4367,89.8014,0,2000,"size_test (card_database_v3.2.6_all, k=4-100); k=61 == Figure 1"
CARD k-mers,5,chromosome,7314,unclassified,0,0.0,0.0,0.0,0,0.0,0.0,0.0,0,2000,"size_test (card_database_v3.2.6_all, k=4-100); k=61 == Figure 1"
CARD k-mers,5,chromosome,7314,rejected,0,0.0,0.0,0.0,0,0.0,0.0,0.0,0,2000,"size_test (card_database_v3.2.6_all, k=4-100); k=61 == Figure 1"
CARD k-mers,5,plasmid,893,chromosome,0,0.0,0.0,0.0,0,0.0,0.0,0.0,0,2000,"size_test (card_database_v3.2.6_all, k=4-100); k=61 == Figure 1"
CARD k-mers,5,plasmid,893,plasmid,0,0.0,0.0,0.0,0,0.0,0.0,0.0,1,2000,"size_test (card_database_v3.2.6_all, k=4-100); k=61 == Figure 1"
CARD k-mers,5,plasmid,893,chr + plasmid,893,100.0,100.0,100.0,8207,10.881,10.1986,11.5633,0,2000,"size_test (card_database_v3.2.6_all, k=4-100); k=61 == Figure 1"
CARD k-mers,5,plasmid,893,unclassified,0,0.0,0.0,0.0,0,0.0,0.0,0.0,0,2000,"size_test (card_database_v3.2.6_all, k=4-100); k=61 == Figure 1"
CARD k-mers,5,plasmid,893,rejected,0,0.0,0.0,0.0,0,0.0,0.0,0.0,0,2000,"size_test (card_database_v3.2.6_all, k=4-100); k=61 == Figure 1"
CARD k-mers,6,chromosome,7314,chromosome,0,0.0,0.0,0.0,0,0.0,0.0,0.0,1,2000,"size_test (card_database_v3.2.6_all, k=4-100); k=61 == Figure 1"
CARD k-mers,6,chromosome,7314,plasmid,0,0.0,0.0,0.0,0,0.0,0.0,0.0,0,2000,"size_test (card_database_v3.2.6_all, k=4-100); k=61 == Figure 1"
CARD k-mers,6,chromosome,7314,chr + plasmid,7314,100.0,100.0,100.0,8207,89.119,88.4367,89.8014,0,2000,"size_test (card_database_v3.2.6_all, k=4-100); k=61 == Figure 1"
CARD k-mers,6,chromosome,7314,unclassified,0,0.0,0.0,0.0,0,0.0,0.0,0.0,0,2000,"size_test (card_database_v3.2.6_all, k=4-100); k=61 == Figure 1"
CARD k-mers,6,chromosome,7314,rejected,0,0.0,0.0,0.0,0,0.0,0.0,0.0,0,2000,"size_test (card_database_v3.2.6_all, k=4-100); k=61 == Figure 1"
CARD k-mers,6,plasmid,893,chromosome,0,0.0,0.0,0.0,0,0.0,0.0,0.0,0,2000,"size_test (card_database_v3.2.6_all, k=4-100); k=61 == Figure 1"
CARD k-mers,6,plasmid,893,plasmid,0,0.0,0.0,0.0,0,0.0,0.0,0.0,1,2000,"size_test (card_database_v3.2.6_all, k=4-100); k=61 == Figure 1"
CARD k-mers,6,plasmid,893,chr + plasmid,893,100.0,100.0,100.0,8207,10.881,10.1986,11.5633,0,2000,"size_test (card_database_v3.2.6_all, k=4-100); k=61 == Figure 1"
CARD k-mers,6,plasmid,893,unclassified,0,0.0,0.0,0.0,0,0.0,0.0,0.0,0,2000,"size_test (card_database_v3.2.6_all, k=4-100); k=61 == Figure 1"
CARD k-mers,6,plasmid,893,rejected,0,0.0,0.0,0.0,0,0.0,0.0,0.0,0,2000,"size_test (card_database_v3.2.6_all, k=4-100); k=61 == Figure 1"
CARD k-mers,7,chromosome,7314,chromosome,0,0.0,0.0,0.0,0,0.0,0.0,0.0,1,2000,"size_test (card_database_v3.2.6_all, k=4-100); k=61 == Figure 1"
CARD k-mers,7,chromosome,7314,plasmid,0,0.0,0.0,0.0,0,0.0,0.0,0.0,0,2000,"size_test (card_database_v3.2.6_all, k=4-100); k=61 == Figure 1"
CARD k-mers,7,chromosome,7314,chr + plasmid,7314,100.0,100.0,100.0,8207,89.119,88.4367,89.8014,0,2000,"size_test (card_database_v3.2.6_all, k=4-100); k=61 == Figure 1"
CARD k-mers,7,chromosome,7314,unclassified,0,0.0,0.0,0.0,0,0.0,0.0,0.0,0,2000,"size_test (card_database_v3.2.6_all, k=4-100); k=61 == Figure 1"
CARD k-mers,7,chromosome,7314,rejected,0,0.0,0.0,0.0,0,0.0,0.0,0.0,0,2000,"size_test (card_database_v3.2.6_all, k=4-100); k=61 == Figure 1"
CARD k-mers,7,plasmid,893,chromosome,0,0.0,0.0,0.0,0,0.0,0.0,0.0,0,2000,"size_test (card_database_v3.2.6_all, k=4-100); k=61 == Figure 1"
CARD k-mers,7,plasmid,893,plasmid,0,0.0,0.0,0.0,0,0.0,0.0,0.0,1,2000,"size_test (card_database_v3.2.6_all, k=4-100); k=61 == Figure 1"
CARD k-mers,7,plasmid,893,chr + plasmid,893,100.0,100.0,100.0,8207,10.881,10.1986,11.5633,0,2000,"size_test (card_database_v3.2.6_all, k=4-100); k=61 == Figure 1"
CARD k-mers,7,plasmid,893,unclassified,0,0.0,0.0,0.0,0,0.0,0.0,0.0,0,2000,"size_test (card_database_v3.2.6_all, k=4-100); k=61 == Figure 1"
CARD k-mers,7,plasmid,893,rejected,0,0.0,0.0,0.0,0,0.0,0.0,0.0,0,2000,"size_test (card_database_v3.2.6_all, k=4-100); k=61 == Figure 1"
CARD k-mers,8,chromosome,7314,chromosome,0,0.0,0.0,0.0,0,0.0,0.0,0.0,1,2000,"size_test (card_database_v3.2.6_all, k=4-100); k=61 == Figure 1"
CARD k-mers,8,chromosome,7314,plasmid,0,0.0,0.0,0.0,0,0.0,0.0,0.0,0,2000,"size_test (card_database_v3.2.6_all, k=4-100); k=61 == Figure 1"
CARD k-mers,8,chromosome,7314,chr + plasmid,7314,100.0,100.0,100.0,8207,89.119,88.4367,89.8014,0,2000,"size_test (card_database_v3.2.6_all, k=4-100); k=61 == Figure 1"
CARD k-mers,8,chromosome,7314,unclassified,0,0.0,0.0,0.0,0,0.0,0.0,0.0,0,2000,"size_test (card_database_v3.2.6_all, k=4-100); k=61 == Figure 1"
CARD k-mers,8,chromosome,7314,rejected,0,0.0,0.0,0.0,0,0.0,0.0,0.0,0,2000,"size_test (card_database_v3.2.6_all, k=4-100); k=61 == Figure 1"
CARD k-mers,8,plasmid,893,chromosome,0,0.0,0.0,0.0,0,0.0,0.0,0.0,0,2000,"size_test (card_database_v3.2.6_all, k=4-100); k=61 == Figure 1"
CARD k-mers,8,plasmid,893,plasmid,0,0.0,0.0,0.0,0,0.0,0.0,0.0,1,2000,"size_test (card_database_v3.2.6_all, k=4-100); k=61 == Figure 1"
CARD k-mers,8,plasmid,893,chr + plasmid,893,100.0,100.0,100.0,8207,10.881,10.1986,11.5633,0,2000,"size_test (card_database_v3.2.6_all, k=4-100); k=61 == Figure 1"
CARD k-mers,8,plasmid,893,unclassified,0,0.0,0.0,0.0,0,0.0,0.0,0.0,0,2000,"size_test (card_database_v3.2.6_all, k=4-100); k=61 == Figure 1"
CARD k-mers,8,plasmid,893,rejected,0,0.0,0.0,0.0,0,0.0,0.0,0.0,0,2000,"size_test (card_database_v3.2.6_all, k=4-100); k=61 == Figure 1"
CARD k-mers,9,chromosome,7314,chromosome,0,0.0,0.0,0.0,0,0.0,0.0,0.0,1,2000,"size_test (card_database_v3.2.6_all, k=4-100); k=61 == Figure 1"
CARD k-mers,9,chromosome,7314,plasmid,0,0.0,0.0,0.0,0,0.0,0.0,0.0,0,2000,"size_test (card_database_v3.2.6_all, k=4-100); k=61 == Figure 1"
CARD k-mers,9,chromosome,7314,chr + plasmid,7314,100.0,100.0,100.0,8207,89.119,88.4367,89.8014,0,2000,"size_test (card_database_v3.2.6_all, k=4-100); k=61 == Figure 1"
CARD k-mers,9,chromosome,7314,unclassified,0,0.0,0.0,0.0,0,0.0,0.0,0.0,0,2000,"size_test (card_database_v3.2.6_all, k=4-100); k=61 == Figure 1"
CARD k-mers,9,chromosome,7314,rejected,0,0.0,0.0,0.0,0,0.0,0.0,0.0,0,2000,"size_test (card_database_v3.2.6_all, k=4-100); k=61 == Figure 1"
CARD k-mers,9,plasmid,893,chromosome,0,0.0,0.0,0.0,0,0.0,0.0,0.0,0,2000,"size_test (card_database_v3.2.6_all, k=4-100); k=61 == Figure 1"
CARD k-mers,9,plasmid,893,plasmid,0,0.0,0.0,0.0,0,0.0,0.0,0.0,1,2000,"size_test (card_database_v3.2.6_all, k=4-100); k=61 == Figure 1"
CARD k-mers,9,plasmid,893,chr + plasmid,893,100.0,100.0,100.0,8207,10.881,10.1986,11.5633,0,2000,"size_test (card_database_v3.2.6_all, k=4-100); k=61 == Figure 1"
CARD k-mers,9,plasmid,893,unclassified,0,0.0,0.0,0.0,0,0.0,0.0,0.0,0,2000,"size_test (card_database_v3.2.6_all, k=4-100); k=61 == Figure 1"
CARD k-mers,9,plasmid,893,rejected,0,0.0,0.0,0.0,0,0.0,0.0,0.0,0,2000,"size_test (card_database_v3.2.6_all, k=4-100); k=61 == Figure 1"
CARD k-mers,10,chromosome,7314,chromosome,0,0.0,0.0,0.0,0,0.0,0.0,0.0,1,2000,"size_test (card_database_v3.2.6_all, k=4-100); k=61 == Figure 1"
CARD k-mers,10,chromosome,7314,plasmid,0,0.0,0.0,0.0,0,0.0,0.0,0.0,0,2000,"size_test (card_database_v3.2.6_all, k=4-100); k=61 == Figure 1"
CARD k-mers,10,chromosome,7314,chr + plasmid,7314,100.0,100.0,100.0,8207,89.119,88.4367,89.8014,0,2000,"size_test (card_database_v3.2.6_all, k=4-100); k=61 == Figure 1"
CARD k-mers,10,chromosome,7314,unclassified,0,0.0,0.0,0.0,0,0.0,0.0,0.0,0,2000,"size_test (card_database_v3.2.6_all, k=4-100); k=61 == Figure 1"
CARD k-mers,10,chromosome,7314,rejected,0,0.0,0.0,0.0,0,0.0,0.0,0.0,0,2000,"size_test (card_database_v3.2.6_all, k=4-100); k=61 == Figure 1"
CARD k-mers,10,plasmid,893,chromosome,0,0.0,0.0,0.0,0,0.0,0.0,0.0,0,2000,"size_test (card_database_v3.2.6_all, k=4-100); k=61 == Figure 1"
CARD k-mers,10,plasmid,893,plasmid,0,0.0,0.0,0.0,0,0.0,0.0,0.0,1,2000,"size_test (card_database_v3.2.6_all, k=4-100); k=61 == Figure 1"
CARD k-mers,10,plasmid,893,chr + plasmid,893,100.0,100.0,100.0,8207,10.881,10.1986,11.5633,0,2000,"size_test (card_database_v3.2.6_all, k=4-100); k=61 == Figure 1"
CARD k-mers,10,plasmid,893,unclassified,0,0.0,0.0,0.0,0,0.0,0.0,0.0,0,2000,"size_test (card_database_v3.2.6_all, k=4-100); k=61 == Figure 1"
CARD k-mers,10,plasmid,893,rejected,0,0.0,0.0,0.0,0,0.0,0.0,0.0,0,2000,"size_test (card_database_v3.2.6_all, k=4-100); k=61 == Figure 1"
CARD k-mers,11,chromosome,7314,chromosome,0,0.0,0.0,0.0,0,0.0,0.0,0.0,1,2000,"size_test (card_database_v3.2.6_all, k=4-100); k=61 == Figure 1"
CARD k-mers,11,chromosome,7314,plasmid,0,0.0,0.0,0.0,0,0.0,0.0,0.0,0,2000,"size_test (card_database_v3.2.6_all, k=4-100); k=61 == Figure 1"
CARD k-mers,11,chromosome,7314,chr + plasmid,7314,100.0,100.0,100.0,8207,89.119,88.4367,89.8014,0,2000,"size_test (card_database_v3.2.6_all, k=4-100); k=61 == Figure 1"
CARD k-mers,11,chromosome,7314,unclassified,0,0.0,0.0,0.0,0,0.0,0.0,0.0,0,2000,"size_test (card_database_v3.2.6_all, k=4-100); k=61 == Figure 1"
CARD k-mers,11,chromosome,7314,rejected,0,0.0,0.0,0.0,0,0.0,0.0,0.0,0,2000,"size_test (card_database_v3.2.6_all, k=4-100); k=61 == Figure 1"
CARD k-mers,11,plasmid,893,chromosome,0,0.0,0.0,0.0,0,0.0,0.0,0.0,0,2000,"size_test (card_database_v3.2.6_all, k=4-100); k=61 == Figure 1"
CARD k-mers,11,plasmid,893,plasmid,0,0.0,0.0,0.0,0,0.0,0.0,0.0,1,2000,"size_test (card_database_v3.2.6_all, k=4-100); k=61 == Figure 1"
CARD k-mers,11,plasmid,893,chr + plasmid,893,100.0,100.0,100.0,8207,10.881,10.1986,11.5633,0,2000,"size_test (card_database_v3.2.6_all, k=4-100); k=61 == Figure 1"
CARD k-mers,11,plasmid,893,unclassified,0,0.0,0.0,0.0,0,0.0,0.0,0.0,0,2000,"size_test (card_database_v3.2.6_all, k=4-100); k=61 == Figure 1"
CARD k-mers,11,plasmid,893,rejected,0,0.0,0.0,0.0,0,0.0,0.0,0.0,0,2000,"size_test (card_database_v3.2.6_all, k=4-100); k=61 == Figure 1"
CARD k-mers,12,chromosome,7314,chromosome,7,0.0957,0.0273,0.1641,8,87.5,55.5556,100.0,1,2000,"size_test (card_database_v3.2.6_all, k=4-100); k=61 == Figure 1"
CARD k-mers,12,chromosome,7314,plasmid,0,0.0,0.0,0.0,0,0.0,0.0,0.0,0,2000,"size_test (card_database_v3.2.6_all, k=4-100); k=61 == Figure 1"
CARD k-mers,12,chromosome,7314,chr + plasmid,7307,99.9043,99.8359,99.9727,8199,89.1206,88.4539,89.7999,0,2000,"size_test (card_database_v3.2.6_all, k=4-100); k=61 == Figure 1"
CARD k-mers,12,chromosome,7314,unclassified,0,0.0,0.0,0.0,0,0.0,0.0,0.0,0,2000,"size_test (card_database_v3.2.6_all, k=4-100); k=61 == Figure 1"
CARD k-mers,12,chromosome,7314,rejected,0,0.0,0.0,0.0,0,0.0,0.0,0.0,0,2000,"size_test (card_database_v3.2.6_all, k=4-100); k=61 == Figure 1"
CARD k-mers,12,plasmid,893,chromosome,1,0.112,0.0,0.3359,8,12.5,0.0,42.8968,0,2000,"size_test (card_database_v3.2.6_all, k=4-100); k=61 == Figure 1"
CARD k-mers,12,plasmid,893,plasmid,0,0.0,0.0,0.0,0,0.0,0.0,0.0,1,2000,"size_test (card_database_v3.2.6_all, k=4-100); k=61 == Figure 1"
CARD k-mers,12,plasmid,893,chr + plasmid,892,99.888,99.6641,100.0,8199,10.8794,10.2001,11.5461,0,2000,"size_test (card_database_v3.2.6_all, k=4-100); k=61 == Figure 1"
CARD k-mers,12,plasmid,893,unclassified,0,0.0,0.0,0.0,0,0.0,0.0,0.0,0,2000,"size_test (card_database_v3.2.6_all, k=4-100); k=61 == Figure 1"
CARD k-mers,12,plasmid,893,rejected,0,0.0,0.0,0.0,0,0.0,0.0,0.0,0,2000,"size_test (card_database_v3.2.6_all, k=4-100); k=61 == Figure 1"
CARD k-mers,13,chromosome,7314,chromosome,204,2.7892,2.42,3.1583,210,97.1429,94.5268,99.1072,1,2000,"size_test (card_database_v3.2.6_all, k=4-100); k=61 == Figure 1"
CARD k-mers,13,chromosome,7314,plasmid,0,0.0,0.0,0.0,0,0.0,0.0,0.0,0,2000,"size_test (card_database_v3.2.6_all, k=4-100); k=61 == Figure 1"
CARD k-mers,13,chromosome,7314,chr + plasmid,7110,97.2108,96.8417,97.58,7996,88.9195,88.239,89.6204,0,2000,"size_test (card_database_v3.2.6_all, k=4-100); k=61 == Figure 1"
CARD k-mers,13,chromosome,7314,unclassified,0,0.0,0.0,0.0,0,0.0,0.0,0.0,0,2000,"size_test (card_database_v3.2.6_all, k=4-100); k=61 == Figure 1"
CARD k-mers,13,chromosome,7314,rejected,0,0.0,0.0,0.0,1,0.0,0.0,0.0,0,2000,"size_test (card_database_v3.2.6_all, k=4-100); k=61 == Figure 1"
CARD k-mers,13,plasmid,893,chromosome,6,0.6719,0.224,1.2318,210,2.8571,0.8928,5.4732,0,2000,"size_test (card_database_v3.2.6_all, k=4-100); k=61 == Figure 1"
CARD k-mers,13,plasmid,893,plasmid,0,0.0,0.0,0.0,0,0.0,0.0,0.0,1,2000,"size_test (card_database_v3.2.6_all, k=4-100); k=61 == Figure 1"
CARD k-mers,13,plasmid,893,chr + plasmid,886,99.2161,98.5442,99.776,7996,11.0805,10.3796,11.761,0,2000,"size_test (card_database_v3.2.6_all, k=4-100); k=61 == Figure 1"
CARD k-mers,13,plasmid,893,unclassified,0,0.0,0.0,0.0,0,0.0,0.0,0.0,0,2000,"size_test (card_database_v3.2.6_all, k=4-100); k=61 == Figure 1"
CARD k-mers,13,plasmid,893,rejected,1,0.112,0.0,0.3359,1,100.0,0.0,100.0,0,2000,"size_test (card_database_v3.2.6_all, k=4-100); k=61 == Figure 1"
CARD k-mers,14,chromosome,7314,chromosome,1064,14.5474,13.7681,15.3131,1074,99.0689,98.4346,99.6219,1,2000,"size_test (card_database_v3.2.6_all, k=4-100); k=61 == Figure 1"
CARD k-mers,14,chromosome,7314,plasmid,0,0.0,0.0,0.0,18,0.0,0.0,0.0,0,2000,"size_test (card_database_v3.2.6_all, k=4-100); k=61 == Figure 1"
CARD k-mers,14,chromosome,7314,chr + plasmid,6248,85.4252,84.6596,86.2045,7108,87.901,87.1683,88.6605,0,2000,"size_test (card_database_v3.2.6_all, k=4-100); k=61 == Figure 1"
CARD k-mers,14,chromosome,7314,unclassified,1,0.0137,0.0,0.041,2,50.0,0.0,100.0,0,2000,"size_test (card_database_v3.2.6_all, k=4-100); k=61 == Figure 1"
CARD k-mers,14,chromosome,7314,rejected,1,0.0137,0.0,0.041,5,20.0,0.0,66.6667,0,2000,"size_test (card_database_v3.2.6_all, k=4-100); k=61 == Figure 1"
CARD k-mers,14,plasmid,893,chromosome,10,1.1198,0.4479,1.9037,1074,0.9311,0.3781,1.5654,0,2000,"size_test (card_database_v3.2.6_all, k=4-100); k=61 == Figure 1"
CARD k-mers,14,plasmid,893,plasmid,18,2.0157,1.1198,2.9115,18,100.0,100.0,100.0,1,2000,"size_test (card_database_v3.2.6_all, k=4-100); k=61 == Figure 1"
CARD k-mers,14,plasmid,893,chr + plasmid,860,96.3046,95.0728,97.5364,7108,12.099,11.3395,12.8317,0,2000,"size_test (card_database_v3.2.6_all, k=4-100); k=61 == Figure 1"
CARD k-mers,14,plasmid,893,unclassified,1,0.112,0.0,0.3359,2,50.0,0.0,100.0,0,2000,"size_test (card_database_v3.2.6_all, k=4-100); k=61 == Figure 1"
CARD k-mers,14,plasmid,893,rejected,4,0.4479,0.112,0.8959,5,80.0,33.125,100.0,0,2000,"size_test (card_database_v3.2.6_all, k=4-100); k=61 == Figure 1"
CARD k-mers,15,chromosome,7314,chromosome,2119,28.9718,27.9187,29.9426,2128,99.5771,99.2888,99.818,1,2000,"size_test (card_database_v3.2.6_all, k=4-100); k=61 == Figure 1"
CARD k-mers,15,chromosome,7314,plasmid,7,0.0957,0.0273,0.1777,69,10.1449,3.3898,17.393,0,2000,"size_test (card_database_v3.2.6_all, k=4-100); k=61 == Figure 1"
CARD k-mers,15,chromosome,7314,chr + plasmid,5174,70.741,69.7566,71.8075,5989,86.3917,85.5673,87.2701,0,2000,"size_test (card_database_v3.2.6_all, k=4-100); k=61 == Figure 1"
CARD k-mers,15,chromosome,7314,unclassified,7,0.0957,0.0273,0.1777,11,63.6364,33.3333,92.3077,0,2000,"size_test (card_database_v3.2.6_all, k=4-100); k=61 == Figure 1"
CARD k-mers,15,chromosome,7314,rejected,7,0.0957,0.0273,0.1777,10,70.0,37.5,100.0,0,2000,"size_test (card_database_v3.2.6_all, k=4-100); k=61 == Figure 1"
CARD k-mers,15,plasmid,893,chromosome,9,1.0078,0.4479,1.6797,2128,0.4229,0.182,0.7112,0,2000,"size_test (card_database_v3.2.6_all, k=4-100); k=61 == Figure 1"
CARD k-mers,15,plasmid,893,plasmid,62,6.9429,5.2632,8.5106,69,89.8551,82.607,96.6102,1,2000,"size_test (card_database_v3.2.6_all, k=4-100); k=61 == Figure 1"
CARD k-mers,15,plasmid,893,chr + plasmid,815,91.2654,89.4737,93.0571,5989,13.6083,12.7299,14.4327,0,2000,"size_test (card_database_v3.2.6_all, k=4-100); k=61 == Figure 1"
CARD k-mers,15,plasmid,893,unclassified,4,0.4479,0.112,0.8959,11,36.3636,7.6923,66.6667,0,2000,"size_test (card_database_v3.2.6_all, k=4-100); k=61 == Figure 1"
CARD k-mers,15,plasmid,893,rejected,3,0.3359,0.0,0.7839,10,30.0,0.0,62.5,0,2000,"size_test (card_database_v3.2.6_all, k=4-100); k=61 == Figure 1"
CARD k-mers,16,chromosome,7314,chromosome,2539,34.7142,33.6615,35.7533,2551,99.5296,99.2627,99.7679,1,2000,"size_test (card_database_v3.2.6_all, k=4-100); k=61 == Figure 1"
CARD k-mers,16,chromosome,7314,plasmid,9,0.1231,0.0547,0.2051,104,8.6538,3.7383,14.1414,0,2000,"size_test (card_database_v3.2.6_all, k=4-100); k=61 == Figure 1"
CARD k-mers,16,chromosome,7314,chr + plasmid,4749,64.9303,63.9045,66.0104,5528,85.9081,85.044,86.7993,0,2000,"size_test (card_database_v3.2.6_all, k=4-100); k=61 == Figure 1"
CARD k-mers,16,chromosome,7314,unclassified,11,0.1504,0.0684,0.2461,17,64.7059,40.0,87.5,0,2000,"size_test (card_database_v3.2.6_all, k=4-100); k=61 == Figure 1"
CARD k-mers,16,chromosome,7314,rejected,6,0.082,0.0273,0.1504,7,85.7143,50.0,100.0,0,2000,"size_test (card_database_v3.2.6_all, k=4-100); k=61 == Figure 1"
CARD k-mers,16,plasmid,893,chromosome,12,1.3438,0.6719,2.1277,2551,0.4704,0.2321,0.7373,0,2000,"size_test (card_database_v3.2.6_all, k=4-100); k=61 == Figure 1"
CARD k-mers,16,plasmid,893,plasmid,95,10.6383,8.7318,12.654,104,91.3462,85.8586,96.2617,1,2000,"size_test (card_database_v3.2.6_all, k=4-100); k=61 == Figure 1"
CARD k-mers,16,plasmid,893,chr + plasmid,779,87.234,85.1064,89.2525,5528,14.0919,13.2007,14.956,0,2000,"size_test (card_database_v3.2.6_all, k=4-100); k=61 == Figure 1"
CARD k-mers,16,plasmid,893,unclassified,6,0.6719,0.224,1.2318,17,35.2941,12.5,60.0,0,2000,"size_test (card_database_v3.2.6_all, k=4-100); k=61 == Figure 1"
CARD k-mers,16,plasmid,893,rejected,1,0.112,0.0,0.3359,7,14.2857,0.0,50.0,0,2000,"size_test (card_database_v3.2.6_all, k=4-100); k=61 == Figure 1"
CARD k-mers,17,chromosome,7314,chromosome,2674,36.56,35.4662,37.5858,2685,99.5903,99.3426,99.8129,1,2000,"size_test (card_database_v3.2.6_all, k=4-100); k=61 == Figure 1"
CARD k-mers,17,chromosome,7314,plasmid,10,0.1367,0.0547,0.2188,123,8.1301,3.6697,13.179,0,2000,"size_test (card_database_v3.2.6_all, k=4-100); k=61 == Figure 1"
CARD k-mers,17,chromosome,7314,chr + plasmid,4605,62.9614,61.936,64.0279,5365,85.8341,84.9547,86.7581,0,2000,"size_test (card_database_v3.2.6_all, k=4-100); k=61 == Figure 1"
CARD k-mers,17,chromosome,7314,unclassified,16,0.2188,0.1231,0.3418,23,69.5652,50.0,87.5125,0,2000,"size_test (card_database_v3.2.6_all, k=4-100); k=61 == Figure 1"
CARD k-mers,17,chromosome,7314,rejected,9,0.1231,0.0547,0.2051,11,81.8182,55.5556,100.0,0,2000,"size_test (card_database_v3.2.6_all, k=4-100); k=61 == Figure 1"
CARD k-mers,17,plasmid,893,chromosome,11,1.2318,0.5599,2.0157,2685,0.4097,0.1871,0.6574,0,2000,"size_test (card_database_v3.2.6_all, k=4-100); k=61 == Figure 1"
CARD k-mers,17,plasmid,893,plasmid,113,12.654,10.5263,14.8936,123,91.8699,86.821,96.3303,1,2000,"size_test (card_database_v3.2.6_all, k=4-100); k=61 == Figure 1"
CARD k-mers,17,plasmid,893,chr + plasmid,760,85.1064,82.8667,87.458,5365,14.1659,13.2419,15.0453,0,2000,"size_test (card_database_v3.2.6_all, k=4-100); k=61 == Figure 1"
CARD k-mers,17,plasmid,893,unclassified,7,0.7839,0.224,1.3438,23,30.4348,12.4875,50.0,0,2000,"size_test (card_database_v3.2.6_all, k=4-100); k=61 == Figure 1"
CARD k-mers,17,plasmid,893,rejected,2,0.224,0.0,0.5599,11,18.1818,0.0,44.4444,0,2000,"size_test (card_database_v3.2.6_all, k=4-100); k=61 == Figure 1"
CARD k-mers,18,chromosome,7314,chromosome,2788,38.1187,36.9839,39.1578,2798,99.6426,99.4213,99.8554,1,2000,"size_test (card_database_v3.2.6_all, k=4-100); k=61 == Figure 1"
CARD k-mers,18,chromosome,7314,plasmid,10,0.1367,0.0547,0.2188,126,7.9365,3.6355,12.8449,0,2000,"size_test (card_database_v3.2.6_all, k=4-100); k=61 == Figure 1"
CARD k-mers,18,chromosome,7314,chr + plasmid,4487,61.3481,60.2953,62.4419,5244,85.5645,84.6659,86.4897,0,2000,"size_test (card_database_v3.2.6_all, k=4-100); k=61 == Figure 1"
CARD k-mers,18,chromosome,7314,unclassified,17,0.2324,0.1231,0.3555,25,68.0,47.8261,85.7143,0,2000,"size_test (card_database_v3.2.6_all, k=4-100); k=61 == Figure 1"
CARD k-mers,18,chromosome,7314,rejected,12,0.1641,0.082,0.2598,14,85.7143,64.7059,100.0,0,2000,"size_test (card_database_v3.2.6_all, k=4-100); k=61 == Figure 1"
CARD k-mers,18,plasmid,893,chromosome,10,1.1198,0.4479,1.7917,2798,0.3574,0.1446,0.5787,0,2000,"size_test (card_database_v3.2.6_all, k=4-100); k=61 == Figure 1"
CARD k-mers,18,plasmid,893,plasmid,116,12.9899,10.7503,15.2296,126,92.0635,87.1551,96.3645,1,2000,"size_test (card_database_v3.2.6_all, k=4-100); k=61 == Figure 1"
CARD k-mers,18,plasmid,893,chr + plasmid,757,84.7704,82.4188,87.1249,5244,14.4355,13.5103,15.3341,0,2000,"size_test (card_database_v3.2.6_all, k=4-100); k=61 == Figure 1"
CARD k-mers,18,plasmid,893,unclassified,8,0.8959,0.3359,1.5677,25,32.0,14.2857,52.1739,0,2000,"size_test (card_database_v3.2.6_all, k=4-100); k=61 == Figure 1"
CARD k-mers,18,plasmid,893,rejected,2,0.224,0.0,0.5599,14,14.2857,0.0,35.2941,0,2000,"size_test (card_database_v3.2.6_all, k=4-100); k=61 == Figure 1"
CARD k-mers,19,chromosome,7314,chromosome,2852,38.9937,37.8589,40.0602,2861,99.6854,99.4779,99.8627,1,2000,"size_test (card_database_v3.2.6_all, k=4-100); k=61 == Figure 1"
CARD k-mers,19,chromosome,7314,plasmid,10,0.1367,0.0547,0.2188,127,7.874,3.6232,12.7141,0,2000,"size_test (card_database_v3.2.6_all, k=4-100); k=61 == Figure 1"
CARD k-mers,19,chromosome,7314,chr + plasmid,4423,60.4731,59.3929,61.5805,5177,85.4356,84.513,86.3779,0,2000,"size_test (card_database_v3.2.6_all, k=4-100); k=61 == Figure 1"
CARD k-mers,19,chromosome,7314,unclassified,17,0.2324,0.1231,0.3555,28,60.7143,42.3026,78.9474,0,2000,"size_test (card_database_v3.2.6_all, k=4-100); k=61 == Figure 1"
CARD k-mers,19,chromosome,7314,rejected,12,0.1641,0.082,0.2598,14,85.7143,64.6954,100.0,0,2000,"size_test (card_database_v3.2.6_all, k=4-100); k=61 == Figure 1"
CARD k-mers,19,plasmid,893,chromosome,9,1.0078,0.4479,1.6797,2861,0.3146,0.1373,0.5221,0,2000,"size_test (card_database_v3.2.6_all, k=4-100); k=61 == Figure 1"
CARD k-mers,19,plasmid,893,plasmid,117,13.1019,10.8623,15.2296,127,92.126,87.2859,96.3768,1,2000,"size_test (card_database_v3.2.6_all, k=4-100); k=61 == Figure 1"
CARD k-mers,19,plasmid,893,chr + plasmid,754,84.4345,82.0829,86.7861,5177,14.5644,13.6221,15.487,0,2000,"size_test (card_database_v3.2.6_all, k=4-100); k=61 == Figure 1"
CARD k-mers,19,plasmid,893,unclassified,11,1.2318,0.5599,2.0157,28,39.2857,21.0526,57.6974,0,2000,"size_test (card_database_v3.2.6_all, k=4-100); k=61 == Figure 1"
CARD k-mers,19,plasmid,893,rejected,2,0.224,0.0,0.5599,14,14.2857,0.0,35.3046,0,2000,"size_test (card_database_v3.2.6_all, k=4-100); k=61 == Figure 1"
CARD k-mers,20,chromosome,7314,chromosome,2890,39.5133,38.4331,40.5801,2899,99.6895,99.4845,99.8647,1,2000,"size_test (card_database_v3.2.6_all, k=4-100); k=61 == Figure 1"
CARD k-mers,20,chromosome,7314,plasmid,10,0.1367,0.0547,0.2188,128,7.8125,3.5965,12.5879,0,2000,"size_test (card_database_v3.2.6_all, k=4-100); k=61 == Figure 1"
CARD k-mers,20,chromosome,7314,chr + plasmid,4384,59.9398,58.8597,61.0203,5137,85.3416,84.4059,86.2939,0,2000,"size_test (card_database_v3.2.6_all, k=4-100); k=61 == Figure 1"
CARD k-mers,20,chromosome,7314,unclassified,21,0.2871,0.1777,0.4238,32,65.625,48.0,81.2558,0,2000,"size_test (card_database_v3.2.6_all, k=4-100); k=61 == Figure 1"
CARD k-mers,20,chromosome,7314,rejected,9,0.1231,0.0547,0.2051,11,81.8182,54.5455,100.0,0,2000,"size_test (card_database_v3.2.6_all, k=4-100); k=61 == Figure 1"
CARD k-mers,20,plasmid,893,chromosome,9,1.0078,0.4479,1.6797,2899,0.3105,0.1353,0.5155,0,2000,"size_test (card_database_v3.2.6_all, k=4-100); k=61 == Figure 1"
CARD k-mers,20,plasmid,893,plasmid,118,13.2139,10.9742,15.3415,128,92.1875,87.4121,96.4035,1,2000,"size_test (card_database_v3.2.6_all, k=4-100); k=61 == Figure 1"
CARD k-mers,20,plasmid,893,chr + plasmid,753,84.3225,81.9709,86.7861,5137,14.6584,13.7061,15.5941,0,2000,"size_test (card_database_v3.2.6_all, k=4-100); k=61 == Figure 1"
CARD k-mers,20,plasmid,893,unclassified,11,1.2318,0.5599,2.0157,32,34.375,18.7442,52.0,0,2000,"size_test (card_database_v3.2.6_all, k=4-100); k=61 == Figure 1"
CARD k-mers,20,plasmid,893,rejected,2,0.224,0.0,0.5599,11,18.1818,0.0,45.4545,0,2000,"size_test (card_database_v3.2.6_all, k=4-100); k=61 == Figure 1"
CARD k-mers,21,chromosome,7314,chromosome,2951,40.3473,39.2672,41.4547,2961,99.6623,99.4598,99.8646,1,2000,"size_test (card_database_v3.2.6_all, k=4-100); k=61 == Figure 1"
CARD k-mers,21,chromosome,7314,plasmid,10,0.1367,0.0547,0.2188,150,6.6667,2.9844,10.7143,0,2000,"size_test (card_database_v3.2.6_all, k=4-100); k=61 == Figure 1"
CARD k-mers,21,chromosome,7314,chr + plasmid,4320,59.0648,57.9573,60.1313,5050,85.5446,84.5891,86.4919,0,2000,"size_test (card_database_v3.2.6_all, k=4-100); k=61 == Figure 1"
CARD k-mers,21,chromosome,7314,unclassified,21,0.2871,0.1777,0.4238,32,65.625,48.0,81.5849,0,2000,"size_test (card_database_v3.2.6_all, k=4-100); k=61 == Figure 1"
CARD k-mers,21,chromosome,7314,rejected,12,0.1641,0.082,0.2598,14,85.7143,64.2857,100.0,0,2000,"size_test (card_database_v3.2.6_all, k=4-100); k=61 == Figure 1"
CARD k-mers,21,plasmid,893,chromosome,10,1.1198,0.4479,1.7917,2961,0.3377,0.1354,0.5402,0,2000,"size_test (card_database_v3.2.6_all, k=4-100); k=61 == Figure 1"
CARD k-mers,21,plasmid,893,plasmid,140,15.6775,13.3231,18.0291,150,93.3333,89.2857,97.0156,1,2000,"size_test (card_database_v3.2.6_all, k=4-100); k=61 == Figure 1"
CARD k-mers,21,plasmid,893,chr + plasmid,730,81.7469,79.3953,84.3225,5050,14.4554,13.5081,15.4109,0,2000,"size_test (card_database_v3.2.6_all, k=4-100); k=61 == Figure 1"
CARD k-mers,21,plasmid,893,unclassified,11,1.2318,0.5599,2.0157,32,34.375,18.4151,52.0,0,2000,"size_test (card_database_v3.2.6_all, k=4-100); k=61 == Figure 1"
CARD k-mers,21,plasmid,893,rejected,2,0.224,0.0,0.5599,14,14.2857,0.0,35.7143,0,2000,"size_test (card_database_v3.2.6_all, k=4-100); k=61 == Figure 1"
CARD k-mers,22,chromosome,7314,chromosome,3003,41.0582,39.9645,42.1794,3013,99.6681,99.4698,99.8668,1,2000,"size_test (card_database_v3.2.6_all, k=4-100); k=61 == Figure 1"
CARD k-mers,22,chromosome,7314,plasmid,11,0.1504,0.0684,0.2461,153,7.1895,3.3328,11.3337,0,2000,"size_test (card_database_v3.2.6_all, k=4-100); k=61 == Figure 1"
CARD k-mers,22,chromosome,7314,chr + plasmid,4266,58.3265,57.2327,59.3656,4994,85.4225,84.448,86.3793,0,2000,"size_test (card_database_v3.2.6_all, k=4-100); k=61 == Figure 1"
CARD k-mers,22,chromosome,7314,unclassified,22,0.3008,0.1914,0.4375,34,64.7059,47.8261,80.0122,0,2000,"size_test (card_database_v3.2.6_all, k=4-100); k=61 == Figure 1"
CARD k-mers,22,chromosome,7314,rejected,12,0.1641,0.082,0.2598,13,92.3077,75.0,100.0,0,2000,"size_test (card_database_v3.2.6_all, k=4-100); k=61 == Figure 1"
CARD k-mers,22,plasmid,893,chromosome,10,1.1198,0.4479,1.7917,3013,0.3319,0.1332,0.5302,0,2000,"size_test (card_database_v3.2.6_all, k=4-100); k=61 == Figure 1"
CARD k-mers,22,plasmid,893,plasmid,142,15.9015,13.5498,18.2531,153,92.8105,88.6663,96.6672,1,2000,"size_test (card_database_v3.2.6_all, k=4-100); k=61 == Figure 1"
CARD k-mers,22,plasmid,893,chr + plasmid,728,81.523,79.1713,84.0985,4994,14.5775,13.6207,15.552,0,2000,"size_test (card_database_v3.2.6_all, k=4-100); k=61 == Figure 1"
CARD k-mers,22,plasmid,893,unclassified,12,1.3438,0.6719,2.1277,34,35.2941,19.9878,52.1739,0,2000,"size_test (card_database_v3.2.6_all, k=4-100); k=61 == Figure 1"
CARD k-mers,22,plasmid,893,rejected,1,0.112,0.0,0.3359,13,7.6923,0.0,25.0,0,2000,"size_test (card_database_v3.2.6_all, k=4-100); k=61 == Figure 1"
CARD k-mers,23,chromosome,7314,chromosome,3069,41.9606,40.8802,43.0551,3079,99.6752,99.4807,99.8697,1,2000,"size_test (card_database_v3.2.6_all, k=4-100); k=61 == Figure 1"
CARD k-mers,23,chromosome,7314,plasmid,11,0.1504,0.0684,0.2461,153,7.1895,3.3328,11.3337,0,2000,"size_test (card_database_v3.2.6_all, k=4-100); k=61 == Figure 1"
CARD k-mers,23,chromosome,7314,chr + plasmid,4195,57.3558,56.2346,58.4222,4923,85.2123,84.2284,86.1973,0,2000,"size_test (card_database_v3.2.6_all, k=4-100); k=61 == Figure 1"
CARD k-mers,23,chromosome,7314,unclassified,30,0.4102,0.2734,0.5742,42,71.4286,56.0976,84.4487,0,2000,"size_test (card_database_v3.2.6_all, k=4-100); k=61 == Figure 1"
CARD k-mers,23,chromosome,7314,rejected,9,0.1231,0.0547,0.2051,10,90.0,66.6667,100.0,0,2000,"size_test (card_database_v3.2.6_all, k=4-100); k=61 == Figure 1"
CARD k-mers,23,plasmid,893,chromosome,10,1.1198,0.4479,1.7917,3079,0.3248,0.1303,0.5193,0,2000,"size_test (card_database_v3.2.6_all, k=4-100); k=61 == Figure 1"
CARD k-mers,23,plasmid,893,plasmid,142,15.9015,13.5498,18.2531,153,92.8105,88.6663,96.6672,1,2000,"size_test (card_database_v3.2.6_all, k=4-100); k=61 == Figure 1"
CARD k-mers,23,plasmid,893,chr + plasmid,728,81.523,79.1713,84.0985,4923,14.7877,13.8027,15.7716,0,2000,"size_test (card_database_v3.2.6_all, k=4-100); k=61 == Figure 1"
CARD k-mers,23,plasmid,893,unclassified,12,1.3438,0.6719,2.1277,42,28.5714,15.5513,43.9024,0,2000,"size_test (card_database_v3.2.6_all, k=4-100); k=61 == Figure 1"
CARD k-mers,23,plasmid,893,rejected,1,0.112,0.0,0.3359,10,10.0,0.0,33.3333,0,2000,"size_test (card_database_v3.2.6_all, k=4-100); k=61 == Figure 1"
CARD k-mers,24,chromosome,7314,chromosome,3143,42.9724,41.8646,44.0528,3154,99.6512,99.4492,99.842,1,2000,"size_test (card_database_v3.2.6_all, k=4-100); k=61 == Figure 1"
CARD k-mers,24,chromosome,7314,plasmid,11,0.1504,0.0684,0.2461,153,7.1895,3.3328,11.3337,0,2000,"size_test (card_database_v3.2.6_all, k=4-100); k=61 == Figure 1"
CARD k-mers,24,chromosome,7314,chr + plasmid,4119,56.3167,55.2088,57.3971,4846,84.9979,83.9991,86.0054,0,2000,"size_test (card_database_v3.2.6_all, k=4-100); k=61 == Figure 1"
CARD k-mers,24,chromosome,7314,unclassified,34,0.4649,0.3281,0.6289,46,73.913,59.6144,86.2745,0,2000,"size_test (card_database_v3.2.6_all, k=4-100); k=61 == Figure 1"
CARD k-mers,24,chromosome,7314,rejected,7,0.0957,0.041,0.1641,8,87.5,58.3333,100.0,0,2000,"size_test (card_database_v3.2.6_all, k=4-100); k=61 == Figure 1"
CARD k-mers,24,plasmid,893,chromosome,11,1.2318,0.5599,2.0157,3154,0.3488,0.158,0.5508,0,2000,"size_test (card_database_v3.2.6_all, k=4-100); k=61 == Figure 1"
CARD k-mers,24,plasmid,893,plasmid,142,15.9015,13.5498,18.2531,153,92.8105,88.6663,96.6672,1,2000,"size_test (card_database_v3.2.6_all, k=4-100); k=61 == Figure 1"
CARD k-mers,24,plasmid,893,chr + plasmid,727,81.411,79.0594,83.9866,4846,15.0021,13.9946,16.0009,0,2000,"size_test (card_database_v3.2.6_all, k=4-100); k=61 == Figure 1"
CARD k-mers,24,plasmid,893,unclassified,12,1.3438,0.6719,2.1277,46,26.087,13.7255,40.3856,0,2000,"size_test (card_database_v3.2.6_all, k=4-100); k=61 == Figure 1"
CARD k-mers,24,plasmid,893,rejected,1,0.112,0.0,0.3359,8,12.5,0.0,41.6667,0,2000,"size_test (card_database_v3.2.6_all, k=4-100); k=61 == Figure 1"
CARD k-mers,25,chromosome,7314,chromosome,3181,43.4919,42.3435,44.5861,3192,99.6554,99.4553,99.844,1,2000,"size_test (card_database_v3.2.6_all, k=4-100); k=61 == Figure 1"
CARD k-mers,25,chromosome,7314,plasmid,11,0.1504,0.0684,0.2461,152,7.2368,3.3551,11.4286,0,2000,"size_test (card_database_v3.2.6_all, k=4-100); k=61 == Figure 1"
CARD k-mers,25,chromosome,7314,chr + plasmid,4078,55.7561,54.6349,56.8639,4805,84.8699,83.8636,85.8821,0,2000,"size_test (card_database_v3.2.6_all, k=4-100); k=61 == Figure 1"
CARD k-mers,25,chromosome,7314,unclassified,35,0.4785,0.3281,0.6563,48,72.9167,59.6748,85.1084,0,2000,"size_test (card_database_v3.2.6_all, k=4-100); k=61 == Figure 1"
CARD k-mers,25,chromosome,7314,rejected,9,0.1231,0.0547,0.2051,10,90.0,66.6667,100.0,0,2000,"size_test (card_database_v3.2.6_all, k=4-100); k=61 == Figure 1"
CARD k-mers,25,plasmid,893,chromosome,11,1.2318,0.5599,2.0157,3192,0.3446,0.156,0.5447,0,2000,"size_test (card_database_v3.2.6_all, k=4-100); k=61 == Figure 1"
CARD k-mers,25,plasmid,893,plasmid,141,15.7895,13.4378,18.1411,152,92.7632,88.5714,96.6449,1,2000,"size_test (card_database_v3.2.6_all, k=4-100); k=61 == Figure 1"
CARD k-mers,25,plasmid,893,chr + plasmid,727,81.411,79.0594,83.9866,4805,15.1301,14.1179,16.1364,0,2000,"size_test (card_database_v3.2.6_all, k=4-100); k=61 == Figure 1"
CARD k-mers,25,plasmid,893,unclassified,13,1.4558,0.6719,2.2396,48,27.0833,14.8916,40.3252,0,2000,"size_test (card_database_v3.2.6_all, k=4-100); k=61 == Figure 1"
CARD k-mers,25,plasmid,893,rejected,1,0.112,0.0,0.3359,10,10.0,0.0,33.3333,0,2000,"size_test (card_database_v3.2.6_all, k=4-100); k=61 == Figure 1"
CARD k-mers,26,chromosome,7314,chromosome,3242,44.326,43.2181,45.4338,3254,99.6312,99.4181,99.8194,1,2000,"size_test (card_database_v3.2.6_all, k=4-100); k=61 == Figure 1"
CARD k-mers,26,chromosome,7314,plasmid,11,0.1504,0.0684,0.2461,152,7.2368,3.3551,11.4286,0,2000,"size_test (card_database_v3.2.6_all, k=4-100); k=61 == Figure 1"
CARD k-mers,26,chromosome,7314,chr + plasmid,4016,54.9084,53.8006,56.0025,4742,84.69,83.6717,85.7083,0,2000,"size_test (card_database_v3.2.6_all, k=4-100); k=61 == Figure 1"
CARD k-mers,26,chromosome,7314,unclassified,37,0.5059,0.3555,0.6836,51,72.549,59.5745,84.6154,0,2000,"size_test (card_database_v3.2.6_all, k=4-100); k=61 == Figure 1"
CARD k-mers,26,chromosome,7314,rejected,8,0.1094,0.041,0.1914,8,100.0,100.0,100.0,0,2000,"size_test (card_database_v3.2.6_all, k=4-100); k=61 == Figure 1"
CARD k-mers,26,plasmid,893,chromosome,12,1.3438,0.6719,2.1277,3254,0.3688,0.1806,0.5819,0,2000,"size_test (card_database_v3.2.6_all, k=4-100); k=61 == Figure 1"
CARD k-mers,26,plasmid,893,plasmid,141,15.7895,13.4378,18.1411,152,92.7632,88.5714,96.6449,1,2000,"size_test (card_database_v3.2.6_all, k=4-100); k=61 == Figure 1"
CARD k-mers,26,plasmid,893,chr + plasmid,726,81.299,78.9474,83.8746,4742,15.31,14.2917,16.3283,0,2000,"size_test (card_database_v3.2.6_all, k=4-100); k=61 == Figure 1"
CARD k-mers,26,plasmid,893,unclassified,14,1.5677,0.7839,2.3516,51,27.451,15.3846,40.4255,0,2000,"size_test (card_database_v3.2.6_all, k=4-100); k=61 == Figure 1"
CARD k-mers,26,plasmid,893,rejected,0,0.0,0.0,0.0,8,0.0,0.0,0.0,0,2000,"size_test (card_database_v3.2.6_all, k=4-100); k=61 == Figure 1"
CARD k-mers,27,chromosome,7314,chromosome,3303,45.16,44.0252,46.2674,3315,99.638,99.4284,99.8229,1,2000,"size_test (card_database_v3.2.6_all, k=4-100); k=61 == Figure 1"
CARD k-mers,27,chromosome,7314,plasmid,11,0.1504,0.0684,0.2461,153,7.1895,3.3333,11.4094,0,2000,"size_test (card_database_v3.2.6_all, k=4-100); k=61 == Figure 1"
CARD k-mers,27,chromosome,7314,chr + plasmid,3950,54.006,52.8986,55.1408,4675,84.492,83.4633,85.5303,0,2000,"size_test (card_database_v3.2.6_all, k=4-100); k=61 == Figure 1"
CARD k-mers,27,chromosome,7314,unclassified,44,0.6016,0.4375,0.7797,58,75.8621,64.1509,86.6667,0,2000,"size_test (card_database_v3.2.6_all, k=4-100); k=61 == Figure 1"
CARD k-mers,27,chromosome,7314,rejected,6,0.082,0.0273,0.1504,6,100.0,100.0,100.0,0,2000,"size_test (card_database_v3.2.6_all, k=4-100); k=61 == Figure 1"
CARD k-mers,27,plasmid,893,chromosome,12,1.3438,0.6719,2.1277,3315,0.362,0.1771,0.5716,0,2000,"size_test (card_database_v3.2.6_all, k=4-100); k=61 == Figure 1"
CARD k-mers,27,plasmid,893,plasmid,142,15.9015,13.5498,18.2531,153,92.8105,88.5906,96.6667,1,2000,"size_test (card_database_v3.2.6_all, k=4-100); k=61 == Figure 1"
CARD k-mers,27,plasmid,893,chr + plasmid,725,81.187,78.8354,83.7626,4675,15.508,14.4697,16.5367,0,2000,"size_test (card_database_v3.2.6_all, k=4-100); k=61 == Figure 1"
CARD k-mers,27,plasmid,893,unclassified,14,1.5677,0.7839,2.3516,58,24.1379,13.3333,35.8491,0,2000,"size_test (card_database_v3.2.6_all, k=4-100); k=61 == Figure 1"
CARD k-mers,27,plasmid,893,rejected,0,0.0,0.0,0.0,6,0.0,0.0,0.0,0,2000,"size_test (card_database_v3.2.6_all, k=4-100); k=61 == Figure 1"
CARD k-mers,28,chromosome,7314,chromosome,3324,45.4471,44.3396,46.5546,3336,99.6403,99.4319,99.8239,1,2000,"size_test (card_database_v3.2.6_all, k=4-100); k=61 == Figure 1"
CARD k-mers,28,chromosome,7314,plasmid,11,0.1504,0.0684,0.2461,154,7.1429,3.3322,11.3475,0,2000,"size_test (card_database_v3.2.6_all, k=4-100); k=61 == Figure 1"
CARD k-mers,28,chromosome,7314,chr + plasmid,3926,53.6779,52.5701,54.8127,4650,84.4301,83.4015,85.4679,0,2000,"size_test (card_database_v3.2.6_all, k=4-100); k=61 == Figure 1"
CARD k-mers,28,chromosome,7314,unclassified,47,0.6426,0.4649,0.8207,61,77.0492,65.7143,87.1818,0,2000,"size_test (card_database_v3.2.6_all, k=4-100); k=61 == Figure 1"
CARD k-mers,28,chromosome,7314,rejected,6,0.082,0.0273,0.1504,6,100.0,100.0,100.0,0,2000,"size_test (card_database_v3.2.6_all, k=4-100); k=61 == Figure 1"
CARD k-mers,28,plasmid,893,chromosome,12,1.3438,0.6719,2.1277,3336,0.3597,0.1761,0.5681,0,2000,"size_test (card_database_v3.2.6_all, k=4-100); k=61 == Figure 1"
CARD k-mers,28,plasmid,893,plasmid,143,16.0134,13.6618,18.3651,154,92.8571,88.6525,96.6678,1,2000,"size_test (card_database_v3.2.6_all, k=4-100); k=61 == Figure 1"
CARD k-mers,28,plasmid,893,chr + plasmid,724,81.075,78.7234,83.6506,4650,15.5699,14.5321,16.5985,0,2000,"size_test (card_database_v3.2.6_all, k=4-100); k=61 == Figure 1"
CARD k-mers,28,plasmid,893,unclassified,14,1.5677,0.7839,2.3516,61,22.9508,12.8182,34.2857,0,2000,"size_test (card_database_v3.2.6_all, k=4-100); k=61 == Figure 1"
CARD k-mers,28,plasmid,893,rejected,0,0.0,0.0,0.0,6,0.0,0.0,0.0,0,2000,"size_test (card_database_v3.2.6_all, k=4-100); k=61 == Figure 1"
CARD k-mers,29,chromosome,7314,chromosome,3423,46.8007,45.6658,47.8674,3435,99.6507,99.4477,99.829,1,2000,"size_test (card_database_v3.2.6_all, k=4-100); k=61 == Figure 1"
CARD k-mers,29,chromosome,7314,plasmid,11,0.1504,0.0684,0.2461,157,7.0064,3.2468,11.1111,0,2000,"size_test (card_database_v3.2.6_all, k=4-100); k=61 == Figure 1"
CARD k-mers,29,chromosome,7314,chr + plasmid,3826,52.3106,51.2302,53.4318,4547,84.1434,83.0985,85.186,0,2000,"size_test (card_database_v3.2.6_all, k=4-100); k=61 == Figure 1"
CARD k-mers,29,chromosome,7314,unclassified,47,0.6426,0.4649,0.8207,61,77.0492,65.7143,87.1818,0,2000,"size_test (card_database_v3.2.6_all, k=4-100); k=61 == Figure 1"
CARD k-mers,29,chromosome,7314,rejected,7,0.0957,0.041,0.1777,7,100.0,100.0,100.0,0,2000,"size_test (card_database_v3.2.6_all, k=4-100); k=61 == Figure 1"
CARD k-mers,29,plasmid,893,chromosome,12,1.3438,0.6719,2.1277,3435,0.3493,0.171,0.5523,0,2000,"size_test (card_database_v3.2.6_all, k=4-100); k=61 == Figure 1"
CARD k-mers,29,plasmid,893,plasmid,146,16.3494,13.995,18.701,157,92.9936,88.8889,96.7532,1,2000,"size_test (card_database_v3.2.6_all, k=4-100); k=61 == Figure 1"
CARD k-mers,29,plasmid,893,chr + plasmid,721,80.7391,78.3875,83.4267,4547,15.8566,14.814,16.9015,0,2000,"size_test (card_database_v3.2.6_all, k=4-100); k=61 == Figure 1"
CARD k-mers,29,plasmid,893,unclassified,14,1.5677,0.7839,2.3516,61,22.9508,12.8182,34.2857,0,2000,"size_test (card_database_v3.2.6_all, k=4-100); k=61 == Figure 1"
CARD k-mers,29,plasmid,893,rejected,0,0.0,0.0,0.0,7,0.0,0.0,0.0,0,2000,"size_test (card_database_v3.2.6_all, k=4-100); k=61 == Figure 1"
CARD k-mers,30,chromosome,7314,chromosome,3555,48.6054,47.4836,49.7402,3568,99.6357,99.4364,99.8296,1,2000,"size_test (card_database_v3.2.6_all, k=4-100); k=61 == Figure 1"
CARD k-mers,30,chromosome,7314,plasmid,11,0.1504,0.0684,0.2461,159,6.9182,3.2046,10.9679,0,2000,"size_test (card_database_v3.2.6_all, k=4-100); k=61 == Figure 1"
CARD k-mers,30,chromosome,7314,chr + plasmid,3693,50.4922,49.3711,51.6137,4411,83.7225,82.6566,84.7782,0,2000,"size_test (card_database_v3.2.6_all, k=4-100); k=61 == Figure 1"
CARD k-mers,30,chromosome,7314,unclassified,49,0.6699,0.4922,0.8477,63,77.7778,67.1233,87.5,0,2000,"size_test (card_database_v3.2.6_all, k=4-100); k=61 == Figure 1"
CARD k-mers,30,chromosome,7314,rejected,6,0.082,0.0273,0.1504,6,100.0,100.0,100.0,0,2000,"size_test (card_database_v3.2.6_all, k=4-100); k=61 == Figure 1"
CARD k-mers,30,plasmid,893,chromosome,13,1.4558,0.7839,2.2396,3568,0.3643,0.1704,0.5636,0,2000,"size_test (card_database_v3.2.6_all, k=4-100); k=61 == Figure 1"
CARD k-mers,30,plasmid,893,plasmid,148,16.5733,14.1097,18.925,159,93.0818,89.0321,96.7954,1,2000,"size_test (card_database_v3.2.6_all, k=4-100); k=61 == Figure 1"
CARD k-mers,30,plasmid,893,chr + plasmid,718,80.4031,78.0515,83.0907,4411,16.2775,15.2218,17.3434,0,2000,"size_test (card_database_v3.2.6_all, k=4-100); k=61 == Figure 1"
CARD k-mers,30,plasmid,893,unclassified,14,1.5677,0.7839,2.3516,63,22.2222,12.5,32.8767,0,2000,"size_test (card_database_v3.2.6_all, k=4-100); k=61 == Figure 1"
CARD k-mers,30,plasmid,893,rejected,0,0.0,0.0,0.0,6,0.0,0.0,0.0,0,2000,"size_test (card_database_v3.2.6_all, k=4-100); k=61 == Figure 1"
CARD k-mers,31,chromosome,7314,chromosome,3605,49.289,48.1402,50.3968,3619,99.6132,99.4106,99.8069,1,2000,"size_test (card_database_v3.2.6_all, k=4-100); k=61 == Figure 1"
CARD k-mers,31,chromosome,7314,plasmid,11,0.1504,0.0684,0.2461,158,6.962,3.2462,11.0391,0,2000,"size_test (card_database_v3.2.6_all, k=4-100); k=61 == Figure 1"
CARD k-mers,31,chromosome,7314,chr + plasmid,3643,49.8086,48.7148,50.9574,4360,83.555,82.4919,84.6244,0,2000,"size_test (card_database_v3.2.6_all, k=4-100); k=61 == Figure 1"
CARD k-mers,31,chromosome,7314,unclassified,49,0.6699,0.4922,0.8477,63,77.7778,67.1233,87.5,0,2000,"size_test (card_database_v3.2.6_all, k=4-100); k=61 == Figure 1"
CARD k-mers,31,chromosome,7314,rejected,6,0.082,0.0273,0.1504,7,85.7143,50.0,100.0,0,2000,"size_test (card_database_v3.2.6_all, k=4-100); k=61 == Figure 1"
CARD k-mers,31,plasmid,893,chromosome,14,1.5677,0.7839,2.4636,3619,0.3868,0.1931,0.5894,0,2000,"size_test (card_database_v3.2.6_all, k=4-100); k=61 == Figure 1"
CARD k-mers,31,plasmid,893,plasmid,147,16.4614,14.1097,18.813,158,93.038,88.9609,96.7538,1,2000,"size_test (card_database_v3.2.6_all, k=4-100); k=61 == Figure 1"
CARD k-mers,31,plasmid,893,chr + plasmid,717,80.2912,78.0487,82.9787,4360,16.445,15.3756,17.5081,0,2000,"size_test (card_database_v3.2.6_all, k=4-100); k=61 == Figure 1"
CARD k-mers,31,plasmid,893,unclassified,14,1.5677,0.7839,2.3516,63,22.2222,12.5,32.8767,0,2000,"size_test (card_database_v3.2.6_all, k=4-100); k=61 == Figure 1"
CARD k-mers,31,plasmid,893,rejected,1,0.112,0.0,0.3359,7,14.2857,0.0,50.0,0,2000,"size_test (card_database_v3.2.6_all, k=4-100); k=61 == Figure 1"
CARD k-mers,32,chromosome,7314,chromosome,3636,49.7129,48.5371,50.807,3650,99.6164,99.4148,99.8087,1,2000,"size_test (card_database_v3.2.6_all, k=4-100); k=61 == Figure 1"
CARD k-mers,32,chromosome,7314,plasmid,11,0.1504,0.0684,0.2461,173,6.3584,2.9762,10.0592,0,2000,"size_test (card_database_v3.2.6_all, k=4-100); k=61 == Figure 1"
CARD k-mers,32,chromosome,7314,chr + plasmid,3609,49.3437,48.2499,50.5059,4311,83.7161,82.6344,84.7999,0,2000,"size_test (card_database_v3.2.6_all, k=4-100); k=61 == Figure 1"
CARD k-mers,32,chromosome,7314,unclassified,49,0.6699,0.4922,0.8614,63,77.7778,67.1233,87.5,0,2000,"size_test (card_database_v3.2.6_all, k=4-100); k=61 == Figure 1"
CARD k-mers,32,chromosome,7314,rejected,9,0.1231,0.0547,0.2051,10,90.0,66.6667,100.0,0,2000,"size_test (card_database_v3.2.6_all, k=4-100); k=61 == Figure 1"
CARD k-mers,32,plasmid,893,chromosome,14,1.5677,0.7839,2.4636,3650,0.3836,0.1913,0.5852,0,2000,"size_test (card_database_v3.2.6_all, k=4-100); k=61 == Figure 1"
CARD k-mers,32,plasmid,893,plasmid,162,18.1411,15.6775,20.6047,173,93.6416,89.9408,97.0238,1,2000,"size_test (card_database_v3.2.6_all, k=4-100); k=61 == Figure 1"
CARD k-mers,32,plasmid,893,chr + plasmid,702,78.6114,76.1478,81.299,4311,16.2839,15.2001,17.3656,0,2000,"size_test (card_database_v3.2.6_all, k=4-100); k=61 == Figure 1"
CARD k-mers,32,plasmid,893,unclassified,14,1.5677,0.7839,2.3516,63,22.2222,12.5,32.8767,0,2000,"size_test (card_database_v3.2.6_all, k=4-100); k=61 == Figure 1"
CARD k-mers,32,plasmid,893,rejected,1,0.112,0.0,0.3359,10,10.0,0.0,33.3333,0,2000,"size_test (card_database_v3.2.6_all, k=4-100); k=61 == Figure 1"
CARD k-mers,33,chromosome,7314,chromosome,3743,51.1758,50.0133,52.2559,3757,99.6274,99.4319,99.8138,1,2000,"size_test (card_database_v3.2.6_all, k=4-100); k=61 == Figure 1"
CARD k-mers,33,chromosome,7314,plasmid,11,0.1504,0.0684,0.2461,177,6.2147,2.9061,9.8765,0,2000,"size_test (card_database_v3.2.6_all, k=4-100); k=61 == Figure 1"
CARD k-mers,33,chromosome,7314,chr + plasmid,3497,47.8124,46.7186,48.9609,4195,83.3611,82.2901,84.4561,0,2000,"size_test (card_database_v3.2.6_all, k=4-100); k=61 == Figure 1"
CARD k-mers,33,chromosome,7314,unclassified,56,0.7657,0.5742,0.9707,70,80.0,70.2679,88.8889,0,2000,"size_test (card_database_v3.2.6_all, k=4-100); k=61 == Figure 1"
CARD k-mers,33,chromosome,7314,rejected,7,0.0957,0.0273,0.1777,8,87.5,60.0,100.0,0,2000,"size_test (card_database_v3.2.6_all, k=4-100); k=61 == Figure 1"
CARD k-mers,33,plasmid,893,chromosome,14,1.5677,0.7839,2.4636,3757,0.3726,0.1862,0.5681,0,2000,"size_test (card_database_v3.2.6_all, k=4-100); k=61 == Figure 1"
CARD k-mers,33,plasmid,893,plasmid,166,18.589,16.1254,21.0526,177,93.7853,90.1235,97.0939,1,2000,"size_test (card_database_v3.2.6_all, k=4-100); k=61 == Figure 1"
CARD k-mers,33,plasmid,893,chr + plasmid,698,78.1635,75.6999,80.8511,4195,16.6389,15.5439,17.7099,0,2000,"size_test (card_database_v3.2.6_all, k=4-100); k=61 == Figure 1"
CARD k-mers,33,plasmid,893,unclassified,14,1.5677,0.7839,2.3516,70,20.0,11.1111,29.7321,0,2000,"size_test (card_database_v3.2.6_all, k=4-100); k=61 == Figure 1"
CARD k-mers,33,plasmid,893,rejected,1,0.112,0.0,0.3359,8,12.5,0.0,40.0,0,2000,"size_test (card_database_v3.2.6_all, k=4-100); k=61 == Figure 1"
CARD k-mers,34,chromosome,7314,chromosome,3810,52.0919,50.9024,53.1583,3824,99.6339,99.4422,99.8171,1,2000,"size_test (card_database_v3.2.6_all, k=4-100); k=61 == Figure 1"
CARD k-mers,34,chromosome,7314,plasmid,11,0.1504,0.0684,0.2461,177,6.2147,2.9061,9.8765,0,2000,"size_test (card_database_v3.2.6_all, k=4-100); k=61 == Figure 1"
CARD k-mers,34,chromosome,7314,chr + plasmid,3430,46.8964,45.7889,48.0589,4128,83.0911,82.0004,84.2257,0,2000,"size_test (card_database_v3.2.6_all, k=4-100); k=61 == Figure 1"
CARD k-mers,34,chromosome,7314,unclassified,56,0.7657,0.5742,0.9707,70,80.0,70.2679,88.8889,0,2000,"size_test (card_database_v3.2.6_all, k=4-100); k=61 == Figure 1"
CARD k-mers,34,chromosome,7314,rejected,7,0.0957,0.0273,0.1777,8,87.5,60.0,100.0,0,2000,"size_test (card_database_v3.2.6_all, k=4-100); k=61 == Figure 1"
CARD k-mers,34,plasmid,893,chromosome,14,1.5677,0.7839,2.4636,3824,0.3661,0.1829,0.5578,0,2000,"size_test (card_database_v3.2.6_all, k=4-100); k=61 == Figure 1"
CARD k-mers,34,plasmid,893,plasmid,166,18.589,16.1254,21.0526,177,93.7853,90.1235,97.0939,1,2000,"size_test (card_database_v3.2.6_all, k=4-100); k=61 == Figure 1"
CARD k-mers,34,plasmid,893,chr + plasmid,698,78.1635,75.6999,80.8511,4128,16.9089,15.7743,17.9996,0,2000,"size_test (card_database_v3.2.6_all, k=4-100); k=61 == Figure 1"
CARD k-mers,34,plasmid,893,unclassified,14,1.5677,0.7839,2.3516,70,20.0,11.1111,29.7321,0,2000,"size_test (card_database_v3.2.6_all, k=4-100); k=61 == Figure 1"
CARD k-mers,34,plasmid,893,rejected,1,0.112,0.0,0.3359,8,12.5,0.0,40.0,0,2000,"size_test (card_database_v3.2.6_all, k=4-100); k=61 == Figure 1"
CARD k-mers,35,chromosome,7314,chromosome,3851,52.6524,51.4493,53.7329,3865,99.6378,99.447,99.819,1,2000,"size_test (card_database_v3.2.6_all, k=4-100); k=61 == Figure 1"
CARD k-mers,35,chromosome,7314,plasmid,11,0.1504,0.0684,0.2461,178,6.1798,2.8736,9.8162,0,2000,"size_test (card_database_v3.2.6_all, k=4-100); k=61 == Figure 1"
CARD k-mers,35,chromosome,7314,chr + plasmid,3386,46.2948,45.1736,47.4706,4083,82.9292,81.8316,84.0671,0,2000,"size_test (card_database_v3.2.6_all, k=4-100); k=61 == Figure 1"
CARD k-mers,35,chromosome,7314,unclassified,58,0.793,0.6149,1.0118,72,80.5556,71.0526,89.2308,0,2000,"size_test (card_database_v3.2.6_all, k=4-100); k=61 == Figure 1"
CARD k-mers,35,chromosome,7314,rejected,8,0.1094,0.041,0.1914,9,88.8889,66.6667,100.0,0,2000,"size_test (card_database_v3.2.6_all, k=4-100); k=61 == Figure 1"
CARD k-mers,35,plasmid,893,chromosome,14,1.5677,0.7839,2.4636,3865,0.3622,0.181,0.553,0,2000,"size_test (card_database_v3.2.6_all, k=4-100); k=61 == Figure 1"
CARD k-mers,35,plasmid,893,plasmid,167,18.701,16.2374,21.1646,178,93.8202,90.1838,97.1264,1,2000,"size_test (card_database_v3.2.6_all, k=4-100); k=61 == Figure 1"
CARD k-mers,35,plasmid,893,chr + plasmid,697,78.0515,75.5851,80.7391,4083,17.0708,15.9329,18.1684,0,2000,"size_test (card_database_v3.2.6_all, k=4-100); k=61 == Figure 1"
CARD k-mers,35,plasmid,893,unclassified,14,1.5677,0.7839,2.3516,72,19.4444,10.7692,28.9474,0,2000,"size_test (card_database_v3.2.6_all, k=4-100); k=61 == Figure 1"
CARD k-mers,35,plasmid,893,rejected,1,0.112,0.0,0.3359,9,11.1111,0.0,33.3333,0,2000,"size_test (card_database_v3.2.6_all, k=4-100); k=61 == Figure 1"
CARD k-mers,36,chromosome,7314,chromosome,3903,53.3634,52.1739,54.4712,3917,99.6426,99.4548,99.8212,1,2000,"size_test (card_database_v3.2.6_all, k=4-100); k=61 == Figure 1"
CARD k-mers,36,chromosome,7314,plasmid,11,0.1504,0.0684,0.2461,179,6.1453,2.8732,9.7143,0,2000,"size_test (card_database_v3.2.6_all, k=4-100); k=61 == Figure 1"
CARD k-mers,36,chromosome,7314,chr + plasmid,3330,45.5291,44.4217,46.7049,4026,82.7124,81.5924,83.8575,0,2000,"size_test (card_database_v3.2.6_all, k=4-100); k=61 == Figure 1"
CARD k-mers,36,chromosome,7314,unclassified,61,0.834,0.6426,1.0528,75,81.3333,72.1481,89.7436,0,2000,"size_test (card_database_v3.2.6_all, k=4-100); k=61 == Figure 1"
CARD k-mers,36,chromosome,7314,rejected,9,0.1231,0.0547,0.2051,10,90.0,66.6667,100.0,0,2000,"size_test (card_database_v3.2.6_all, k=4-100); k=61 == Figure 1"
CARD k-mers,36,plasmid,893,chromosome,14,1.5677,0.7839,2.4636,3917,0.3574,0.1788,0.5452,0,2000,"size_test (card_database_v3.2.6_all, k=4-100); k=61 == Figure 1"
CARD k-mers,36,plasmid,893,plasmid,168,18.813,16.3494,21.2766,179,93.8547,90.2857,97.1268,1,2000,"size_test (card_database_v3.2.6_all, k=4-100); k=61 == Figure 1"
CARD k-mers,36,plasmid,893,chr + plasmid,696,77.9395,75.4759,80.6271,4026,17.2876,16.1425,18.4076,0,2000,"size_test (card_database_v3.2.6_all, k=4-100); k=61 == Figure 1"
CARD k-mers,36,plasmid,893,unclassified,14,1.5677,0.7839,2.3516,75,18.6667,10.2564,27.8519,0,2000,"size_test (card_database_v3.2.6_all, k=4-100); k=61 == Figure 1"
CARD k-mers,36,plasmid,893,rejected,1,0.112,0.0,0.3359,10,10.0,0.0,33.3333,0,2000,"size_test (card_database_v3.2.6_all, k=4-100); k=61 == Figure 1"
CARD k-mers,37,chromosome,7314,chromosome,3938,53.8419,52.6521,54.9357,3952,99.6457,99.4609,99.8228,1,2000,"size_test (card_database_v3.2.6_all, k=4-100); k=61 == Figure 1"
CARD k-mers,37,chromosome,7314,plasmid,11,0.1504,0.0684,0.2461,180,6.1111,2.8409,9.6591,0,2000,"size_test (card_database_v3.2.6_all, k=4-100); k=61 == Figure 1"
CARD k-mers,37,chromosome,7314,chr + plasmid,3294,45.0369,43.9295,46.2401,3989,82.5771,81.4682,83.7263,0,2000,"size_test (card_database_v3.2.6_all, k=4-100); k=61 == Figure 1"
CARD k-mers,37,chromosome,7314,unclassified,60,0.8203,0.6289,1.0391,75,80.0,70.6506,88.7328,0,2000,"size_test (card_database_v3.2.6_all, k=4-100); k=61 == Figure 1"
CARD k-mers,37,chromosome,7314,rejected,11,0.1504,0.0684,0.2461,11,100.0,100.0,100.0,0,2000,"size_test (card_database_v3.2.6_all, k=4-100); k=61 == Figure 1"
CARD k-mers,37,plasmid,893,chromosome,14,1.5677,0.7839,2.4636,3952,0.3543,0.1772,0.5391,0,2000,"size_test (card_database_v3.2.6_all, k=4-100); k=61 == Figure 1"
CARD k-mers,37,plasmid,893,plasmid,169,18.925,16.4614,21.3886,180,93.8889,90.3409,97.1591,1,2000,"size_test (card_database_v3.2.6_all, k=4-100); k=61 == Figure 1"
CARD k-mers,37,plasmid,893,chr + plasmid,695,77.8275,75.3639,80.5151,3989,17.4229,16.2737,18.5318,0,2000,"size_test (card_database_v3.2.6_all, k=4-100); k=61 == Figure 1"
CARD k-mers,37,plasmid,893,unclassified,15,1.6797,0.8959,2.5756,75,20.0,11.2672,29.3494,0,2000,"size_test (card_database_v3.2.6_all, k=4-100); k=61 == Figure 1"
CARD k-mers,37,plasmid,893,rejected,0,0.0,0.0,0.0,11,0.0,0.0,0.0,0,2000,"size_test (card_database_v3.2.6_all, k=4-100); k=61 == Figure 1"
CARD k-mers,38,chromosome,7314,chromosome,3960,54.1427,52.9669,55.2639,3975,99.6226,99.4228,99.8001,1,2000,"size_test (card_database_v3.2.6_all, k=4-100); k=61 == Figure 1"
CARD k-mers,38,chromosome,7314,plasmid,11,0.1504,0.0684,0.2461,179,6.1453,2.8571,9.7143,0,2000,"size_test (card_database_v3.2.6_all, k=4-100); k=61 == Figure 1"
CARD k-mers,38,chromosome,7314,chr + plasmid,3270,44.7088,43.615,45.8576,3964,82.4924,81.3615,83.6534,0,2000,"size_test (card_database_v3.2.6_all, k=4-100); k=61 == Figure 1"
CARD k-mers,38,chromosome,7314,unclassified,60,0.8203,0.6289,1.0391,75,80.0,70.6506,88.7328,0,2000,"size_test (card_database_v3.2.6_all, k=4-100); k=61 == Figure 1"
CARD k-mers,38,chromosome,7314,rejected,13,0.1777,0.0957,0.2734,14,92.8571,75.0,100.0,0,2000,"size_test (card_database_v3.2.6_all, k=4-100); k=61 == Figure 1"
CARD k-mers,38,plasmid,893,chromosome,15,1.6797,0.8959,2.5756,3975,0.3774,0.1999,0.5772,0,2000,"size_test (card_database_v3.2.6_all, k=4-100); k=61 == Figure 1"
CARD k-mers,38,plasmid,893,plasmid,168,18.813,16.3466,21.2766,179,93.8547,90.2857,97.1429,1,2000,"size_test (card_database_v3.2.6_all, k=4-100); k=61 == Figure 1"
CARD k-mers,38,plasmid,893,chr + plasmid,694,77.7156,75.14,80.4031,3964,17.5076,16.3466,18.6385,0,2000,"size_test (card_database_v3.2.6_all, k=4-100); k=61 == Figure 1"
CARD k-mers,38,plasmid,893,unclassified,15,1.6797,0.8959,2.5756,75,20.0,11.2672,29.3494,0,2000,"size_test (card_database_v3.2.6_all, k=4-100); k=61 == Figure 1"
CARD k-mers,38,plasmid,893,rejected,1,0.112,0.0,0.3359,14,7.1429,0.0,25.0,0,2000,"size_test (card_database_v3.2.6_all, k=4-100); k=61 == Figure 1"
CARD k-mers,39,chromosome,7314,chromosome,4035,55.1682,53.9647,56.262,4050,99.6296,99.4325,99.8037,1,2000,"size_test (card_database_v3.2.6_all, k=4-100); k=61 == Figure 1"
CARD k-mers,39,chromosome,7314,plasmid,11,0.1504,0.0684,0.2461,179,6.1453,2.8571,9.7143,0,2000,"size_test (card_database_v3.2.6_all, k=4-100); k=61 == Figure 1"
CARD k-mers,39,chromosome,7314,chr + plasmid,3192,43.6423,42.5485,44.8182,3886,82.141,80.9915,83.3207,0,2000,"size_test (card_database_v3.2.6_all, k=4-100); k=61 == Figure 1"
CARD k-mers,39,chromosome,7314,unclassified,63,0.8614,0.6563,1.0801,78,80.7692,71.7949,89.2857,0,2000,"size_test (card_database_v3.2.6_all, k=4-100); k=61 == Figure 1"
CARD k-mers,39,chromosome,7314,rejected,13,0.1777,0.0957,0.2871,14,92.8571,75.0,100.0,0,2000,"size_test (card_database_v3.2.6_all, k=4-100); k=61 == Figure 1"
CARD k-mers,39,plasmid,893,chromosome,15,1.6797,0.8959,2.5756,4050,0.3704,0.1963,0.5675,0,2000,"size_test (card_database_v3.2.6_all, k=4-100); k=61 == Figure 1"
CARD k-mers,39,plasmid,893,plasmid,168,18.813,16.3466,21.2766,179,93.8547,90.2857,97.1429,1,2000,"size_test (card_database_v3.2.6_all, k=4-100); k=61 == Figure 1"
CARD k-mers,39,plasmid,893,chr + plasmid,694,77.7156,75.14,80.4031,3886,17.859,16.6793,19.0085,0,2000,"size_test (card_database_v3.2.6_all, k=4-100); k=61 == Figure 1"
CARD k-mers,39,plasmid,893,unclassified,15,1.6797,0.8959,2.5756,78,19.2308,10.7143,28.2051,0,2000,"size_test (card_database_v3.2.6_all, k=4-100); k=61 == Figure 1"
CARD k-mers,39,plasmid,893,rejected,1,0.112,0.0,0.3359,14,7.1429,0.0,25.0,0,2000,"size_test (card_database_v3.2.6_all, k=4-100); k=61 == Figure 1"
CARD k-mers,40,chromosome,7314,chromosome,4047,55.3322,54.1291,56.4124,4062,99.6307,99.4345,99.8042,1,2000,"size_test (card_database_v3.2.6_all, k=4-100); k=61 == Figure 1"
CARD k-mers,40,chromosome,7314,plasmid,11,0.1504,0.0684,0.2461,179,6.1453,2.8571,9.7143,0,2000,"size_test (card_database_v3.2.6_all, k=4-100); k=61 == Figure 1"
CARD k-mers,40,chromosome,7314,chr + plasmid,3177,43.4372,42.3571,44.5997,3871,82.0718,80.9106,83.2527,0,2000,"size_test (card_database_v3.2.6_all, k=4-100); k=61 == Figure 1"
CARD k-mers,40,chromosome,7314,unclassified,65,0.8887,0.6836,1.1075,80,81.25,72.4138,89.5368,0,2000,"size_test (card_database_v3.2.6_all, k=4-100); k=61 == Figure 1"
CARD k-mers,40,chromosome,7314,rejected,14,0.1914,0.0957,0.3008,15,93.3333,76.9231,100.0,0,2000,"size_test (card_database_v3.2.6_all, k=4-100); k=61 == Figure 1"
CARD k-mers,40,plasmid,893,chromosome,15,1.6797,0.8959,2.5756,4062,0.3693,0.1958,0.5655,0,2000,"size_test (card_database_v3.2.6_all, k=4-100); k=61 == Figure 1"
CARD k-mers,40,plasmid,893,plasmid,168,18.813,16.3466,21.2766,179,93.8547,90.2857,97.1429,1,2000,"size_test (card_database_v3.2.6_all, k=4-100); k=61 == Figure 1"
CARD k-mers,40,plasmid,893,chr + plasmid,694,77.7156,75.14,80.4031,3871,17.9282,16.7473,19.0894,0,2000,"size_test (card_database_v3.2.6_all, k=4-100); k=61 == Figure 1"
CARD k-mers,40,plasmid,893,unclassified,15,1.6797,0.8959,2.5756,80,18.75,10.4632,27.5862,0,2000,"size_test (card_database_v3.2.6_all, k=4-100); k=61 == Figure 1"
CARD k-mers,40,plasmid,893,rejected,1,0.112,0.0,0.3359,15,6.6667,0.0,23.0769,0,2000,"size_test (card_database_v3.2.6_all, k=4-100); k=61 == Figure 1"
CARD k-mers,41,chromosome,7314,chromosome,4070,55.6467,54.4025,56.7268,4085,99.6328,99.4372,99.8053,1,2000,"size_test (card_database_v3.2.6_all, k=4-100); k=61 == Figure 1"
CARD k-mers,41,chromosome,7314,plasmid,11,0.1504,0.0684,0.2461,180,6.1111,2.8409,9.6595,0,2000,"size_test (card_database_v3.2.6_all, k=4-100); k=61 == Figure 1"
CARD k-mers,41,chromosome,7314,chr + plasmid,3152,43.0954,42.0016,44.2713,3845,81.9766,80.8091,83.1614,0,2000,"size_test (card_database_v3.2.6_all, k=4-100); k=61 == Figure 1"
CARD k-mers,41,chromosome,7314,unclassified,67,0.9161,0.711,1.1348,82,81.7073,73.1339,89.7733,0,2000,"size_test (card_database_v3.2.6_all, k=4-100); k=61 == Figure 1"
CARD k-mers,41,chromosome,7314,rejected,14,0.1914,0.0957,0.3008,15,93.3333,76.9231,100.0,0,2000,"size_test (card_database_v3.2.6_all, k=4-100); k=61 == Figure 1"
CARD k-mers,41,plasmid,893,chromosome,15,1.6797,0.8959,2.5756,4085,0.3672,0.1947,0.5628,0,2000,"size_test (card_database_v3.2.6_all, k=4-100); k=61 == Figure 1"
CARD k-mers,41,plasmid,893,plasmid,169,18.925,16.4614,21.3886,180,93.8889,90.3405,97.1591,1,2000,"size_test (card_database_v3.2.6_all, k=4-100); k=61 == Figure 1"
CARD k-mers,41,plasmid,893,chr + plasmid,693,77.6036,75.028,80.2912,3845,18.0234,16.8386,19.1909,0,2000,"size_test (card_database_v3.2.6_all, k=4-100); k=61 == Figure 1"
CARD k-mers,41,plasmid,893,unclassified,15,1.6797,0.8959,2.5756,82,18.2927,10.2267,26.8661,0,2000,"size_test (card_database_v3.2.6_all, k=4-100); k=61 == Figure 1"
CARD k-mers,41,plasmid,893,rejected,1,0.112,0.0,0.3359,15,6.6667,0.0,23.0769,0,2000,"size_test (card_database_v3.2.6_all, k=4-100); k=61 == Figure 1"
CARD k-mers,42,chromosome,7314,chromosome,4112,56.2209,54.9897,57.2877,4128,99.6124,99.4165,99.7883,1,2000,"size_test (card_database_v3.2.6_all, k=4-100); k=61 == Figure 1"
CARD k-mers,42,chromosome,7314,plasmid,11,0.1504,0.0684,0.2461,180,6.1111,2.8409,9.6595,0,2000,"size_test (card_database_v3.2.6_all, k=4-100); k=61 == Figure 1"
CARD k-mers,42,chromosome,7314,chr + plasmid,3107,42.4802,41.4134,43.656,3799,81.7847,80.5899,82.9945,0,2000,"size_test (card_database_v3.2.6_all, k=4-100); k=61 == Figure 1"
CARD k-mers,42,chromosome,7314,unclassified,71,0.9707,0.7653,1.1898,86,82.5581,74.2251,90.2799,0,2000,"size_test (card_database_v3.2.6_all, k=4-100); k=61 == Figure 1"
CARD k-mers,42,chromosome,7314,rejected,13,0.1777,0.0957,0.2738,14,92.8571,75.0,100.0,0,2000,"size_test (card_database_v3.2.6_all, k=4-100); k=61 == Figure 1"
CARD k-mers,42,plasmid,893,chromosome,16,1.7917,1.0078,2.6876,4128,0.3876,0.2117,0.5835,0,2000,"size_test (card_database_v3.2.6_all, k=4-100); k=61 == Figure 1"
CARD k-mers,42,plasmid,893,plasmid,169,18.925,16.4614,21.3886,180,93.8889,90.3405,97.1591,1,2000,"size_test (card_database_v3.2.6_all, k=4-100); k=61 == Figure 1"
CARD k-mers,42,plasmid,893,chr + plasmid,692,77.4916,74.916,80.1792,3799,18.2153,17.0055,19.4101,0,2000,"size_test (card_database_v3.2.6_all, k=4-100); k=61 == Figure 1"
CARD k-mers,42,plasmid,893,unclassified,15,1.6797,0.8959,2.5756,86,17.4419,9.7201,25.7749,0,2000,"size_test (card_database_v3.2.6_all, k=4-100); k=61 == Figure 1"
CARD k-mers,42,plasmid,893,rejected,1,0.112,0.0,0.3359,14,7.1429,0.0,25.0,0,2000,"size_test (card_database_v3.2.6_all, k=4-100); k=61 == Figure 1"
CARD k-mers,43,chromosome,7314,chromosome,4151,56.7542,55.5237,57.8069,4167,99.616,99.422,99.7903,1,2000,"size_test (card_database_v3.2.6_all, k=4-100); k=61 == Figure 1"
CARD k-mers,43,chromosome,7314,plasmid,11,0.1504,0.0684,0.2461,180,6.1111,2.8409,9.6595,0,2000,"size_test (card_database_v3.2.6_all, k=4-100); k=61 == Figure 1"
CARD k-mers,43,chromosome,7314,chr + plasmid,3066,41.9196,40.8532,43.0681,3758,81.5859,80.3952,82.8057,0,2000,"size_test (card_database_v3.2.6_all, k=4-100); k=61 == Figure 1"
CARD k-mers,43,chromosome,7314,unclassified,73,0.9981,0.7927,1.2305,88,82.9545,74.7366,90.4762,0,2000,"size_test (card_database_v3.2.6_all, k=4-100); k=61 == Figure 1"
CARD k-mers,43,chromosome,7314,rejected,13,0.1777,0.0957,0.2738,14,92.8571,75.0,100.0,0,2000,"size_test (card_database_v3.2.6_all, k=4-100); k=61 == Figure 1"
CARD k-mers,43,plasmid,893,chromosome,16,1.7917,1.0078,2.6876,4167,0.384,0.2097,0.578,0,2000,"size_test (card_database_v3.2.6_all, k=4-100); k=61 == Figure 1"
CARD k-mers,43,plasmid,893,plasmid,169,18.925,16.4614,21.3886,180,93.8889,90.3405,97.1591,1,2000,"size_test (card_database_v3.2.6_all, k=4-100); k=61 == Figure 1"
CARD k-mers,43,plasmid,893,chr + plasmid,692,77.4916,74.916,80.1792,3758,18.4141,17.1943,19.6048,0,2000,"size_test (card_database_v3.2.6_all, k=4-100); k=61 == Figure 1"
CARD k-mers,43,plasmid,893,unclassified,15,1.6797,0.8959,2.5756,88,17.0455,9.5238,25.2634,0,2000,"size_test (card_database_v3.2.6_all, k=4-100); k=61 == Figure 1"
CARD k-mers,43,plasmid,893,rejected,1,0.112,0.0,0.3359,14,7.1429,0.0,25.0,0,2000,"size_test (card_database_v3.2.6_all, k=4-100); k=61 == Figure 1"
CARD k-mers,44,chromosome,7314,chromosome,4172,57.0413,55.8381,58.0944,4187,99.6417,99.4543,99.8106,1,2000,"size_test (card_database_v3.2.6_all, k=4-100); k=61 == Figure 1"
CARD k-mers,44,chromosome,7314,plasmid,11,0.1504,0.0684,0.2461,180,6.1111,2.8409,9.6595,0,2000,"size_test (card_database_v3.2.6_all, k=4-100); k=61 == Figure 1"
CARD k-mers,44,chromosome,7314,chr + plasmid,3044,41.6188,40.5524,42.7676,3736,81.4775,80.2734,82.706,0,2000,"size_test (card_database_v3.2.6_all, k=4-100); k=61 == Figure 1"
CARD k-mers,44,chromosome,7314,unclassified,74,1.0118,0.793,1.2442,90,82.2222,73.9572,90.0,0,2000,"size_test (card_database_v3.2.6_all, k=4-100); k=61 == Figure 1"
CARD k-mers,44,chromosome,7314,rejected,13,0.1777,0.0957,0.2871,14,92.8571,75.0,100.0,0,2000,"size_test (card_database_v3.2.6_all, k=4-100); k=61 == Figure 1"
CARD k-mers,44,plasmid,893,chromosome,15,1.6797,0.8959,2.5756,4187,0.3583,0.1894,0.5457,0,2000,"size_test (card_database_v3.2.6_all, k=4-100); k=61 == Figure 1"
CARD k-mers,44,plasmid,893,plasmid,169,18.925,16.4614,21.3886,180,93.8889,90.3405,97.1591,1,2000,"size_test (card_database_v3.2.6_all, k=4-100); k=61 == Figure 1"
CARD k-mers,44,plasmid,893,chr + plasmid,692,77.4916,74.916,80.1792,3736,18.5225,17.294,19.7266,0,2000,"size_test (card_database_v3.2.6_all, k=4-100); k=61 == Figure 1"
CARD k-mers,44,plasmid,893,unclassified,16,1.7917,1.0078,2.6876,90,17.7778,10.0,26.0428,0,2000,"size_test (card_database_v3.2.6_all, k=4-100); k=61 == Figure 1"
CARD k-mers,44,plasmid,893,rejected,1,0.112,0.0,0.3359,14,7.1429,0.0,25.0,0,2000,"size_test (card_database_v3.2.6_all, k=4-100); k=61 == Figure 1"
CARD k-mers,45,chromosome,7314,chromosome,4196,57.3694,56.1663,58.4225,4211,99.6438,99.4576,99.8117,1,2000,"size_test (card_database_v3.2.6_all, k=4-100); k=61 == Figure 1"
CARD k-mers,45,chromosome,7314,plasmid,11,0.1504,0.0684,0.2461,181,6.0773,2.8249,9.605,0,2000,"size_test (card_database_v3.2.6_all, k=4-100); k=61 == Figure 1"
CARD k-mers,45,chromosome,7314,chr + plasmid,3015,41.2223,40.1559,42.3711,3706,81.3546,80.1341,82.5935,0,2000,"size_test (card_database_v3.2.6_all, k=4-100); k=61 == Figure 1"
CARD k-mers,45,chromosome,7314,unclassified,80,1.0938,0.875,1.3399,95,84.2105,76.8293,91.2286,0,2000,"size_test (card_database_v3.2.6_all, k=4-100); k=61 == Figure 1"
CARD k-mers,45,chromosome,7314,rejected,12,0.1641,0.082,0.2598,14,85.7143,63.6364,100.0,0,2000,"size_test (card_database_v3.2.6_all, k=4-100); k=61 == Figure 1"
CARD k-mers,45,plasmid,893,chromosome,15,1.6797,0.8959,2.5756,4211,0.3562,0.1883,0.5424,0,2000,"size_test (card_database_v3.2.6_all, k=4-100); k=61 == Figure 1"
CARD k-mers,45,plasmid,893,plasmid,170,19.037,16.5733,21.6125,181,93.9227,90.395,97.1751,1,2000,"size_test (card_database_v3.2.6_all, k=4-100); k=61 == Figure 1"
CARD k-mers,45,plasmid,893,chr + plasmid,691,77.3796,74.804,80.1792,3706,18.6454,17.4065,19.8659,0,2000,"size_test (card_database_v3.2.6_all, k=4-100); k=61 == Figure 1"
CARD k-mers,45,plasmid,893,unclassified,15,1.6797,0.8959,2.5756,95,15.7895,8.7714,23.1707,0,2000,"size_test (card_database_v3.2.6_all, k=4-100); k=61 == Figure 1"
CARD k-mers,45,plasmid,893,rejected,2,0.224,0.0,0.5599,14,14.2857,0.0,36.3636,0,2000,"size_test (card_database_v3.2.6_all, k=4-100); k=61 == Figure 1"
CARD k-mers,46,chromosome,7314,chromosome,4202,57.4515,56.2209,58.5179,4217,99.6443,99.458,99.8121,1,2000,"size_test (card_database_v3.2.6_all, k=4-100); k=61 == Figure 1"
CARD k-mers,46,chromosome,7314,plasmid,11,0.1504,0.0684,0.2461,181,6.0773,2.8249,9.605,0,2000,"size_test (card_database_v3.2.6_all, k=4-100); k=61 == Figure 1"
CARD k-mers,46,chromosome,7314,chr + plasmid,3006,41.0993,40.0328,42.2618,3697,81.3092,80.092,82.5441,0,2000,"size_test (card_database_v3.2.6_all, k=4-100); k=61 == Figure 1"
CARD k-mers,46,chromosome,7314,unclassified,84,1.1485,0.9161,1.4083,99,84.8485,77.6699,91.4916,0,2000,"size_test (card_database_v3.2.6_all, k=4-100); k=61 == Figure 1"
CARD k-mers,46,chromosome,7314,rejected,11,0.1504,0.0684,0.2461,13,84.6154,61.5,100.0,0,2000,"size_test (card_database_v3.2.6_all, k=4-100); k=61 == Figure 1"
CARD k-mers,46,plasmid,893,chromosome,15,1.6797,0.8959,2.5756,4217,0.3557,0.1879,0.542,0,2000,"size_test (card_database_v3.2.6_all, k=4-100); k=61 == Figure 1"
CARD k-mers,46,plasmid,893,plasmid,170,19.037,16.5733,21.6125,181,93.9227,90.395,97.1751,1,2000,"size_test (card_database_v3.2.6_all, k=4-100); k=61 == Figure 1"
CARD k-mers,46,plasmid,893,chr + plasmid,691,77.3796,74.804,80.1792,3697,18.6908,17.4559,19.908,0,2000,"size_test (card_database_v3.2.6_all, k=4-100); k=61 == Figure 1"
CARD k-mers,46,plasmid,893,unclassified,15,1.6797,0.8959,2.5756,99,15.1515,8.5084,22.3301,0,2000,"size_test (card_database_v3.2.6_all, k=4-100); k=61 == Figure 1"
CARD k-mers,46,plasmid,893,rejected,2,0.224,0.0,0.5599,13,15.3846,0.0,38.5,0,2000,"size_test (card_database_v3.2.6_all, k=4-100); k=61 == Figure 1"
CARD k-mers,47,chromosome,7314,chromosome,4236,57.9163,56.7132,58.9554,4251,99.6471,99.4622,99.8135,1,2000,"size_test (card_database_v3.2.6_all, k=4-100); k=61 == Figure 1"
CARD k-mers,47,chromosome,7314,plasmid,11,0.1504,0.0684,0.2461,182,6.044,2.8249,9.5245,0,2000,"size_test (card_database_v3.2.6_all, k=4-100); k=61 == Figure 1"
CARD k-mers,47,chromosome,7314,chr + plasmid,2970,40.6071,39.5543,41.7555,3660,81.1475,79.9179,82.3913,0,2000,"size_test (card_database_v3.2.6_all, k=4-100); k=61 == Figure 1"
CARD k-mers,47,chromosome,7314,unclassified,85,1.1622,0.9297,1.4219,101,84.1584,76.4706,90.911,0,2000,"size_test (card_database_v3.2.6_all, k=4-100); k=61 == Figure 1"
CARD k-mers,47,chromosome,7314,rejected,12,0.1641,0.082,0.2598,13,92.3077,75.0,100.0,0,2000,"size_test (card_database_v3.2.6_all, k=4-100); k=61 == Figure 1"
CARD k-mers,47,plasmid,893,chromosome,15,1.6797,0.8959,2.5756,4251,0.3529,0.1865,0.5378,0,2000,"size_test (card_database_v3.2.6_all, k=4-100); k=61 == Figure 1"
CARD k-mers,47,plasmid,893,plasmid,171,19.1489,16.5733,21.6125,182,93.956,90.4755,97.1751,1,2000,"size_test (card_database_v3.2.6_all, k=4-100); k=61 == Figure 1"
CARD k-mers,47,plasmid,893,chr + plasmid,690,77.2676,74.692,80.0672,3660,18.8525,17.6087,20.0821,0,2000,"size_test (card_database_v3.2.6_all, k=4-100); k=61 == Figure 1"
CARD k-mers,47,plasmid,893,unclassified,16,1.7917,1.0078,2.6876,101,15.8416,9.089,23.5294,0,2000,"size_test (card_database_v3.2.6_all, k=4-100); k=61 == Figure 1"
CARD k-mers,47,plasmid,893,rejected,1,0.112,0.0,0.3359,13,7.6923,0.0,25.0,0,2000,"size_test (card_database_v3.2.6_all, k=4-100); k=61 == Figure 1"
CARD k-mers,48,chromosome,7314,chromosome,4282,58.5453,57.3421,59.6117,4297,99.6509,99.4682,99.8158,1,2000,"size_test (card_database_v3.2.6_all, k=4-100); k=61 == Figure 1"
CARD k-mers,48,chromosome,7314,plasmid,11,0.1504,0.0684,0.2461,182,6.044,2.8249,9.5245,0,2000,"size_test (card_database_v3.2.6_all, k=4-100); k=61 == Figure 1"
CARD k-mers,48,chromosome,7314,chr + plasmid,2921,39.9371,38.884,41.0993,3611,80.8917,79.6321,82.149,0,2000,"size_test (card_database_v3.2.6_all, k=4-100); k=61 == Figure 1"
CARD k-mers,48,chromosome,7314,unclassified,93,1.2715,1.0391,1.5317,109,85.3211,78.1813,91.5395,0,2000,"size_test (card_database_v3.2.6_all, k=4-100); k=61 == Figure 1"
CARD k-mers,48,chromosome,7314,rejected,7,0.0957,0.0273,0.1644,8,87.5,57.1429,100.0,0,2000,"size_test (card_database_v3.2.6_all, k=4-100); k=61 == Figure 1"
CARD k-mers,48,plasmid,893,chromosome,15,1.6797,0.8959,2.5756,4297,0.3491,0.1842,0.5318,0,2000,"size_test (card_database_v3.2.6_all, k=4-100); k=61 == Figure 1"
CARD k-mers,48,plasmid,893,plasmid,171,19.1489,16.5733,21.6125,182,93.956,90.4755,97.1751,1,2000,"size_test (card_database_v3.2.6_all, k=4-100); k=61 == Figure 1"
CARD k-mers,48,plasmid,893,chr + plasmid,690,77.2676,74.692,80.0672,3611,19.1083,17.851,20.3679,0,2000,"size_test (card_database_v3.2.6_all, k=4-100); k=61 == Figure 1"
CARD k-mers,48,plasmid,893,unclassified,16,1.7917,1.0078,2.6876,109,14.6789,8.4605,21.8187,0,2000,"size_test (card_database_v3.2.6_all, k=4-100); k=61 == Figure 1"
CARD k-mers,48,plasmid,893,rejected,1,0.112,0.0,0.3359,8,12.5,0.0,42.8571,0,2000,"size_test (card_database_v3.2.6_all, k=4-100); k=61 == Figure 1"
CARD k-mers,49,chromosome,7314,chromosome,4289,58.641,57.4515,59.7211,4304,99.6515,99.4693,99.816,1,2000,"size_test (card_database_v3.2.6_all, k=4-100); k=61 == Figure 1"
CARD k-mers,49,chromosome,7314,plasmid,10,0.1367,0.0547,0.2324,182,5.4945,2.3256,8.8889,0,2000,"size_test (card_database_v3.2.6_all, k=4-100); k=61 == Figure 1"
CARD k-mers,49,chromosome,7314,chr + plasmid,2912,39.8141,38.7473,40.9766,3599,80.9114,79.6395,82.1686,0,2000,"size_test (card_database_v3.2.6_all, k=4-100); k=61 == Figure 1"
CARD k-mers,49,chromosome,7314,unclassified,97,1.3262,1.0801,1.5997,113,85.8407,78.9061,91.8926,0,2000,"size_test (card_database_v3.2.6_all, k=4-100); k=61 == Figure 1"
CARD k-mers,49,chromosome,7314,rejected,6,0.082,0.0273,0.1504,9,66.6667,33.3333,100.0,0,2000,"size_test (card_database_v3.2.6_all, k=4-100); k=61 == Figure 1"
CARD k-mers,49,plasmid,893,chromosome,15,1.6797,0.8959,2.5756,4304,0.3485,0.184,0.5307,0,2000,"size_test (card_database_v3.2.6_all, k=4-100); k=61 == Figure 1"
CARD k-mers,49,plasmid,893,plasmid,172,19.2609,16.6853,21.7245,182,94.5055,91.1111,97.6744,1,2000,"size_test (card_database_v3.2.6_all, k=4-100); k=61 == Figure 1"
CARD k-mers,49,plasmid,893,chr + plasmid,687,76.9317,74.3561,79.7312,3599,19.0886,17.8314,20.3605,0,2000,"size_test (card_database_v3.2.6_all, k=4-100); k=61 == Figure 1"
CARD k-mers,49,plasmid,893,unclassified,16,1.7917,1.0078,2.6876,113,14.1593,8.1074,21.0939,0,2000,"size_test (card_database_v3.2.6_all, k=4-100); k=61 == Figure 1"
CARD k-mers,49,plasmid,893,rejected,3,0.3359,0.0,0.7839,9,33.3333,0.0,66.6667,0,2000,"size_test (card_database_v3.2.6_all, k=4-100); k=61 == Figure 1"
CARD k-mers,50,chromosome,7314,chromosome,4292,58.682,57.4785,59.7484,4307,99.6517,99.4692,99.8161,1,2000,"size_test (card_database_v3.2.6_all, k=4-100); k=61 == Figure 1"
CARD k-mers,50,chromosome,7314,plasmid,10,0.1367,0.0547,0.2324,184,5.4348,2.2989,8.7912,0,2000,"size_test (card_database_v3.2.6_all, k=4-100); k=61 == Figure 1"
CARD k-mers,50,chromosome,7314,chr + plasmid,2907,39.7457,38.6926,40.9078,3591,80.9524,79.6952,82.218,0,2000,"size_test (card_database_v3.2.6_all, k=4-100); k=61 == Figure 1"
CARD k-mers,50,chromosome,7314,unclassified,100,1.3672,1.1211,1.6407,116,86.2069,79.4637,92.1576,0,2000,"size_test (card_database_v3.2.6_all, k=4-100); k=61 == Figure 1"
CARD k-mers,50,chromosome,7314,rejected,5,0.0684,0.0137,0.1367,9,55.5556,20.0,90.0,0,2000,"size_test (card_database_v3.2.6_all, k=4-100); k=61 == Figure 1"
CARD k-mers,50,plasmid,893,chromosome,15,1.6797,0.8959,2.5756,4307,0.3483,0.1839,0.5308,0,2000,"size_test (card_database_v3.2.6_all, k=4-100); k=61 == Figure 1"
CARD k-mers,50,plasmid,893,plasmid,174,19.4849,16.9093,21.9485,184,94.5652,91.2088,97.7011,1,2000,"size_test (card_database_v3.2.6_all, k=4-100); k=61 == Figure 1"
CARD k-mers,50,plasmid,893,chr + plasmid,684,76.5957,74.0202,79.5073,3591,19.0476,17.782,20.3048,0,2000,"size_test (card_database_v3.2.6_all, k=4-100); k=61 == Figure 1"
CARD k-mers,50,plasmid,893,unclassified,16,1.7917,1.0078,2.6876,116,13.7931,7.8424,20.5363,0,2000,"size_test (card_database_v3.2.6_all, k=4-100); k=61 == Figure 1"
CARD k-mers,50,plasmid,893,rejected,4,0.4479,0.112,0.8959,9,44.4444,10.0,80.0,0,2000,"size_test (card_database_v3.2.6_all, k=4-100); k=61 == Figure 1"
CARD k-mers,51,chromosome,7314,chromosome,4322,59.0922,57.9433,60.1316,4337,99.6541,99.473,99.8175,1,2000,"size_test (card_database_v3.2.6_all, k=4-100); k=61 == Figure 1"
CARD k-mers,51,chromosome,7314,plasmid,10,0.1367,0.0547,0.2324,184,5.4348,2.2989,8.7912,0,2000,"size_test (card_database_v3.2.6_all, k=4-100); k=61 == Figure 1"
CARD k-mers,51,chromosome,7314,chr + plasmid,2876,39.3218,38.2547,40.443,3560,80.7865,79.5038,82.0635,0,2000,"size_test (card_database_v3.2.6_all, k=4-100); k=61 == Figure 1"
CARD k-mers,51,chromosome,7314,unclassified,101,1.3809,1.1348,1.6544,118,85.5932,78.8458,91.7443,0,2000,"size_test (card_database_v3.2.6_all, k=4-100); k=61 == Figure 1"
CARD k-mers,51,chromosome,7314,rejected,5,0.0684,0.0137,0.1367,8,62.5,25.0,100.0,0,2000,"size_test (card_database_v3.2.6_all, k=4-100); k=61 == Figure 1"
CARD k-mers,51,plasmid,893,chromosome,15,1.6797,0.8959,2.5756,4337,0.3459,0.1825,0.527,0,2000,"size_test (card_database_v3.2.6_all, k=4-100); k=61 == Figure 1"
CARD k-mers,51,plasmid,893,plasmid,174,19.4849,16.9093,21.9485,184,94.5652,91.2088,97.7011,1,2000,"size_test (card_database_v3.2.6_all, k=4-100); k=61 == Figure 1"
CARD k-mers,51,plasmid,893,chr + plasmid,684,76.5957,74.0202,79.5073,3560,19.2135,17.9365,20.4962,0,2000,"size_test (card_database_v3.2.6_all, k=4-100); k=61 == Figure 1"
CARD k-mers,51,plasmid,893,unclassified,17,1.9037,1.1198,2.8024,118,14.4068,8.2557,21.1542,0,2000,"size_test (card_database_v3.2.6_all, k=4-100); k=61 == Figure 1"
CARD k-mers,51,plasmid,893,rejected,3,0.3359,0.0,0.7839,8,37.5,0.0,75.0,0,2000,"size_test (card_database_v3.2.6_all, k=4-100); k=61 == Figure 1"
CARD k-mers,52,chromosome,7314,chromosome,4329,59.1879,58.0257,60.2543,4344,99.6547,99.4741,99.8177,1,2000,"size_test (card_database_v3.2.6_all, k=4-100); k=61 == Figure 1"
CARD k-mers,52,chromosome,7314,plasmid,11,0.1504,0.0684,0.2461,186,5.914,2.7023,9.2697,0,2000,"size_test (card_database_v3.2.6_all, k=4-100); k=61 == Figure 1"
CARD k-mers,52,chromosome,7314,chr + plasmid,2868,39.2125,38.132,40.361,3550,80.7887,79.4994,82.0695,0,2000,"size_test (card_database_v3.2.6_all, k=4-100); k=61 == Figure 1"
CARD k-mers,52,chromosome,7314,unclassified,102,1.3946,1.1485,1.668,119,85.7143,79.0688,91.8033,0,2000,"size_test (card_database_v3.2.6_all, k=4-100); k=61 == Figure 1"
CARD k-mers,52,chromosome,7314,rejected,4,0.0547,0.0137,0.1094,8,50.0,12.5,87.5,0,2000,"size_test (card_database_v3.2.6_all, k=4-100); k=61 == Figure 1"
CARD k-mers,52,plasmid,893,chromosome,15,1.6797,0.8959,2.5756,4344,0.3453,0.1823,0.5259,0,2000,"size_test (card_database_v3.2.6_all, k=4-100); k=61 == Figure 1"
CARD k-mers,52,plasmid,893,plasmid,175,19.5969,17.0213,22.1725,186,94.086,90.7303,97.2977,1,2000,"size_test (card_database_v3.2.6_all, k=4-100); k=61 == Figure 1"
CARD k-mers,52,plasmid,893,chr + plasmid,682,76.3718,73.7962,79.1713,3550,19.2113,17.9305,20.5006,0,2000,"size_test (card_database_v3.2.6_all, k=4-100); k=61 == Figure 1"
CARD k-mers,52,plasmid,893,unclassified,17,1.9037,1.1198,2.8024,119,14.2857,8.1967,20.9312,0,2000,"size_test (card_database_v3.2.6_all, k=4-100); k=61 == Figure 1"
CARD k-mers,52,plasmid,893,rejected,4,0.4479,0.112,0.8959,8,50.0,12.5,87.5,0,2000,"size_test (card_database_v3.2.6_all, k=4-100); k=61 == Figure 1"
CARD k-mers,53,chromosome,7314,chromosome,4446,60.7875,59.6117,61.827,4461,99.6638,99.4869,99.8225,1,2000,"size_test (card_database_v3.2.6_all, k=4-100); k=61 == Figure 1"
CARD k-mers,53,chromosome,7314,plasmid,11,0.1504,0.0684,0.2461,186,5.914,2.7023,9.2697,0,2000,"size_test (card_database_v3.2.6_all, k=4-100); k=61 == Figure 1"
CARD k-mers,53,chromosome,7314,chr + plasmid,2749,37.5855,36.519,38.7066,3431,80.1224,78.7759,81.4476,0,2000,"size_test (card_database_v3.2.6_all, k=4-100); k=61 == Figure 1"
CARD k-mers,53,chromosome,7314,unclassified,104,1.4219,1.1758,1.6957,121,85.9504,79.2781,92.0,0,2000,"size_test (card_database_v3.2.6_all, k=4-100); k=61 == Figure 1"
CARD k-mers,53,chromosome,7314,rejected,4,0.0547,0.0137,0.1094,8,50.0,12.5,87.5,0,2000,"size_test (card_database_v3.2.6_all, k=4-100); k=61 == Figure 1"
CARD k-mers,53,plasmid,893,chromosome,15,1.6797,0.8959,2.5756,4461,0.3362,0.1775,0.5131,0,2000,"size_test (card_database_v3.2.6_all, k=4-100); k=61 == Figure 1"
CARD k-mers,53,plasmid,893,plasmid,175,19.5969,17.0213,22.1725,186,94.086,90.7303,97.2977,1,2000,"size_test (card_database_v3.2.6_all, k=4-100); k=61 == Figure 1"
CARD k-mers,53,plasmid,893,chr + plasmid,682,76.3718,73.7962,79.1713,3431,19.8776,18.5524,21.2241,0,2000,"size_test (card_database_v3.2.6_all, k=4-100); k=61 == Figure 1"
CARD k-mers,53,plasmid,893,unclassified,17,1.9037,1.1198,2.8024,121,14.0496,8.0,20.7219,0,2000,"size_test (card_database_v3.2.6_all, k=4-100); k=61 == Figure 1"
CARD k-mers,53,plasmid,893,rejected,4,0.4479,0.112,0.8959,8,50.0,12.5,87.5,0,2000,"size_test (card_database_v3.2.6_all, k=4-100); k=61 == Figure 1"
CARD k-mers,54,chromosome,7314,chromosome,4485,61.3208,60.1723,62.3465,4500,99.6667,99.4919,99.8243,1,2000,"size_test (card_database_v3.2.6_all, k=4-100); k=61 == Figure 1"
CARD k-mers,54,chromosome,7314,plasmid,12,0.1641,0.082,0.2598,188,6.383,3.0483,9.7839,0,2000,"size_test (card_database_v3.2.6_all, k=4-100); k=61 == Figure 1"
CARD k-mers,54,chromosome,7314,chr + plasmid,2705,36.9839,35.9034,38.0917,3386,79.8878,78.5429,81.2205,0,2000,"size_test (card_database_v3.2.6_all, k=4-100); k=61 == Figure 1"
CARD k-mers,54,chromosome,7314,unclassified,108,1.4766,1.2168,1.7637,126,85.7143,79.0894,91.7914,0,2000,"size_test (card_database_v3.2.6_all, k=4-100); k=61 == Figure 1"
CARD k-mers,54,chromosome,7314,rejected,4,0.0547,0.0137,0.1094,7,57.1429,16.6667,100.0,0,2000,"size_test (card_database_v3.2.6_all, k=4-100); k=61 == Figure 1"
CARD k-mers,54,plasmid,893,chromosome,15,1.6797,0.8959,2.5756,4500,0.3333,0.1757,0.5081,0,2000,"size_test (card_database_v3.2.6_all, k=4-100); k=61 == Figure 1"
CARD k-mers,54,plasmid,893,plasmid,176,19.7088,17.1333,22.2844,188,93.617,90.2161,96.9517,1,2000,"size_test (card_database_v3.2.6_all, k=4-100); k=61 == Figure 1"
CARD k-mers,54,plasmid,893,chr + plasmid,681,76.2598,73.6842,79.0594,3386,20.1122,18.7795,21.4571,0,2000,"size_test (card_database_v3.2.6_all, k=4-100); k=61 == Figure 1"
CARD k-mers,54,plasmid,893,unclassified,18,2.0157,1.1198,2.9115,126,14.2857,8.2086,20.9106,0,2000,"size_test (card_database_v3.2.6_all, k=4-100); k=61 == Figure 1"
CARD k-mers,54,plasmid,893,rejected,3,0.3359,0.0,0.7839,7,42.8571,0.0,83.3333,0,2000,"size_test (card_database_v3.2.6_all, k=4-100); k=61 == Figure 1"
CARD k-mers,55,chromosome,7314,chromosome,4487,61.3481,60.1859,62.3875,4502,99.6668,99.4922,99.8243,1,2000,"size_test (card_database_v3.2.6_all, k=4-100); k=61 == Figure 1"
CARD k-mers,55,chromosome,7314,plasmid,12,0.1641,0.082,0.2598,188,6.383,3.0483,9.7839,0,2000,"size_test (card_database_v3.2.6_all, k=4-100); k=61 == Figure 1"
CARD k-mers,55,chromosome,7314,chr + plasmid,2701,36.9292,35.8354,38.037,3382,79.864,78.5109,81.2019,0,2000,"size_test (card_database_v3.2.6_all, k=4-100); k=61 == Figure 1"
CARD k-mers,55,chromosome,7314,unclassified,110,1.504,1.2442,1.7778,128,85.9375,79.4517,91.8523,0,2000,"size_test (card_database_v3.2.6_all, k=4-100); k=61 == Figure 1"
CARD k-mers,55,chromosome,7314,rejected,4,0.0547,0.0137,0.1094,7,57.1429,16.6667,100.0,0,2000,"size_test (card_database_v3.2.6_all, k=4-100); k=61 == Figure 1"
CARD k-mers,55,plasmid,893,chromosome,15,1.6797,0.8959,2.5756,4502,0.3332,0.1757,0.5078,0,2000,"size_test (card_database_v3.2.6_all, k=4-100); k=61 == Figure 1"
CARD k-mers,55,plasmid,893,plasmid,176,19.7088,17.1333,22.2844,188,93.617,90.2161,96.9517,1,2000,"size_test (card_database_v3.2.6_all, k=4-100); k=61 == Figure 1"
CARD k-mers,55,plasmid,893,chr + plasmid,681,76.2598,73.6842,79.0594,3382,20.136,18.7981,21.4891,0,2000,"size_test (card_database_v3.2.6_all, k=4-100); k=61 == Figure 1"
CARD k-mers,55,plasmid,893,unclassified,18,2.0157,1.1198,2.9115,128,14.0625,8.1477,20.5483,0,2000,"size_test (card_database_v3.2.6_all, k=4-100); k=61 == Figure 1"
CARD k-mers,55,plasmid,893,rejected,3,0.3359,0.0,0.7839,7,42.8571,0.0,83.3333,0,2000,"size_test (card_database_v3.2.6_all, k=4-100); k=61 == Figure 1"
CARD k-mers,56,chromosome,7314,chromosome,4493,61.4301,60.2543,62.4556,4508,99.6673,99.4926,99.8244,1,2000,"size_test (card_database_v3.2.6_all, k=4-100); k=61 == Figure 1"
CARD k-mers,56,chromosome,7314,plasmid,12,0.1641,0.082,0.2598,188,6.383,3.0483,9.7839,0,2000,"size_test (card_database_v3.2.6_all, k=4-100); k=61 == Figure 1"
CARD k-mers,56,chromosome,7314,chr + plasmid,2690,36.7788,35.685,37.8726,3371,79.7983,78.442,81.1311,0,2000,"size_test (card_database_v3.2.6_all, k=4-100); k=61 == Figure 1"
CARD k-mers,56,chromosome,7314,unclassified,112,1.5313,1.2715,1.8184,130,86.1538,79.8382,91.9644,0,2000,"size_test (card_database_v3.2.6_all, k=4-100); k=61 == Figure 1"
CARD k-mers,56,chromosome,7314,rejected,7,0.0957,0.0273,0.1641,10,70.0,36.3636,100.0,0,2000,"size_test (card_database_v3.2.6_all, k=4-100); k=61 == Figure 1"
CARD k-mers,56,plasmid,893,chromosome,15,1.6797,0.8959,2.5756,4508,0.3327,0.1756,0.5074,0,2000,"size_test (card_database_v3.2.6_all, k=4-100); k=61 == Figure 1"
CARD k-mers,56,plasmid,893,plasmid,176,19.7088,17.1333,22.2844,188,93.617,90.2161,96.9517,1,2000,"size_test (card_database_v3.2.6_all, k=4-100); k=61 == Figure 1"
CARD k-mers,56,plasmid,893,chr + plasmid,681,76.2598,73.6842,79.0594,3371,20.2017,18.8689,21.558,0,2000,"size_test (card_database_v3.2.6_all, k=4-100); k=61 == Figure 1"
CARD k-mers,56,plasmid,893,unclassified,18,2.0157,1.1198,2.9115,130,13.8462,8.0356,20.1618,0,2000,"size_test (card_database_v3.2.6_all, k=4-100); k=61 == Figure 1"
CARD k-mers,56,plasmid,893,rejected,3,0.3359,0.0,0.7839,10,30.0,0.0,63.6364,0,2000,"size_test (card_database_v3.2.6_all, k=4-100); k=61 == Figure 1"
CARD k-mers,57,chromosome,7314,chromosome,4541,62.0864,60.8969,63.1259,4556,99.6708,99.4992,99.8261,1,2000,"size_test (card_database_v3.2.6_all, k=4-100); k=61 == Figure 1"
CARD k-mers,57,chromosome,7314,plasmid,12,0.1641,0.082,0.2598,188,6.383,3.0483,9.7839,0,2000,"size_test (card_database_v3.2.6_all, k=4-100); k=61 == Figure 1"
CARD k-mers,57,chromosome,7314,chr + plasmid,2639,36.0815,35.0284,37.1756,3320,79.488,78.1184,80.8185,0,2000,"size_test (card_database_v3.2.6_all, k=4-100); k=61 == Figure 1"
CARD k-mers,57,chromosome,7314,unclassified,114,1.5587,1.2985,1.8594,132,86.3636,80.1798,92.0635,0,2000,"size_test (card_database_v3.2.6_all, k=4-100); k=61 == Figure 1"
CARD k-mers,57,chromosome,7314,rejected,8,0.1094,0.041,0.1914,11,72.7273,41.6667,100.0,0,2000,"size_test (card_database_v3.2.6_all, k=4-100); k=61 == Figure 1"
CARD k-mers,57,plasmid,893,chromosome,15,1.6797,0.8959,2.5756,4556,0.3292,0.1739,0.5008,0,2000,"size_test (card_database_v3.2.6_all, k=4-100); k=61 == Figure 1"
CARD k-mers,57,plasmid,893,plasmid,176,19.7088,17.1333,22.2844,188,93.617,90.2161,96.9517,1,2000,"size_test (card_database_v3.2.6_all, k=4-100); k=61 == Figure 1"
CARD k-mers,57,plasmid,893,chr + plasmid,681,76.2598,73.6842,79.0594,3320,20.512,19.1815,21.8816,0,2000,"size_test (card_database_v3.2.6_all, k=4-100); k=61 == Figure 1"
CARD k-mers,57,plasmid,893,unclassified,18,2.0157,1.1198,2.9115,132,13.6364,7.9365,19.8202,0,2000,"size_test (card_database_v3.2.6_all, k=4-100); k=61 == Figure 1"
CARD k-mers,57,plasmid,893,rejected,3,0.3359,0.0,0.7839,11,27.2727,0.0,58.3333,0,2000,"size_test (card_database_v3.2.6_all, k=4-100); k=61 == Figure 1"
CARD k-mers,58,chromosome,7314,chromosome,4552,62.2368,61.061,63.2759,4567,99.6716,99.5001,99.8265,1,2000,"size_test (card_database_v3.2.6_all, k=4-100); k=61 == Figure 1"
CARD k-mers,58,chromosome,7314,plasmid,12,0.1641,0.082,0.2598,188,6.383,3.0483,9.7839,0,2000,"size_test (card_database_v3.2.6_all, k=4-100); k=61 == Figure 1"
CARD k-mers,58,chromosome,7314,chr + plasmid,2627,35.9174,34.8646,36.9975,3308,79.4135,78.0464,80.7577,0,2000,"size_test (card_database_v3.2.6_all, k=4-100); k=61 == Figure 1"
CARD k-mers,58,chromosome,7314,unclassified,115,1.5723,1.3126,1.8731,134,85.8209,79.5426,91.6031,0,2000,"size_test (card_database_v3.2.6_all, k=4-100); k=61 == Figure 1"
CARD k-mers,58,chromosome,7314,rejected,8,0.1094,0.041,0.1914,10,80.0,50.0,100.0,0,2000,"size_test (card_database_v3.2.6_all, k=4-100); k=61 == Figure 1"
CARD k-mers,58,plasmid,893,chromosome,15,1.6797,0.8959,2.5756,4567,0.3284,0.1735,0.4999,0,2000,"size_test (card_database_v3.2.6_all, k=4-100); k=61 == Figure 1"
CARD k-mers,58,plasmid,893,plasmid,176,19.7088,17.1333,22.2844,188,93.617,90.2161,96.9517,1,2000,"size_test (card_database_v3.2.6_all, k=4-100); k=61 == Figure 1"
CARD k-mers,58,plasmid,893,chr + plasmid,681,76.2598,73.6842,79.0594,3308,20.5865,19.2423,21.9536,0,2000,"size_test (card_database_v3.2.6_all, k=4-100); k=61 == Figure 1"
CARD k-mers,58,plasmid,893,unclassified,19,2.1277,1.2318,3.1355,134,14.1791,8.3969,20.4574,0,2000,"size_test (card_database_v3.2.6_all, k=4-100); k=61 == Figure 1"
CARD k-mers,58,plasmid,893,rejected,2,0.224,0.0,0.5599,10,20.0,0.0,50.0,0,2000,"size_test (card_database_v3.2.6_all, k=4-100); k=61 == Figure 1"
CARD k-mers,59,chromosome,7314,chromosome,4554,62.2642,61.1017,63.3033,4569,99.6717,99.5001,99.8266,1,2000,"size_test (card_database_v3.2.6_all, k=4-100); k=61 == Figure 1"
CARD k-mers,59,chromosome,7314,plasmid,12,0.1641,0.082,0.2598,188,6.383,3.0483,9.7839,0,2000,"size_test (card_database_v3.2.6_all, k=4-100); k=61 == Figure 1"
CARD k-mers,59,chromosome,7314,chr + plasmid,2625,35.8901,34.8506,36.9702,3306,79.4011,78.0267,80.7497,0,2000,"size_test (card_database_v3.2.6_all, k=4-100); k=61 == Figure 1"
CARD k-mers,59,chromosome,7314,unclassified,115,1.5723,1.3126,1.8731,135,85.1852,78.6195,90.9108,0,2000,"size_test (card_database_v3.2.6_all, k=4-100); k=61 == Figure 1"
CARD k-mers,59,chromosome,7314,rejected,8,0.1094,0.041,0.1914,9,88.8889,62.5,100.0,0,2000,"size_test (card_database_v3.2.6_all, k=4-100); k=61 == Figure 1"
CARD k-mers,59,plasmid,893,chromosome,15,1.6797,0.8959,2.5756,4569,0.3283,0.1734,0.4999,0,2000,"size_test (card_database_v3.2.6_all, k=4-100); k=61 == Figure 1"
CARD k-mers,59,plasmid,893,plasmid,176,19.7088,17.1333,22.2844,188,93.617,90.2161,96.9517,1,2000,"size_test (card_database_v3.2.6_all, k=4-100); k=61 == Figure 1"
CARD k-mers,59,plasmid,893,chr + plasmid,681,76.2598,73.6842,79.0594,3306,20.5989,19.2503,21.9733,0,2000,"size_test (card_database_v3.2.6_all, k=4-100); k=61 == Figure 1"
CARD k-mers,59,plasmid,893,unclassified,20,2.2396,1.3438,3.2475,135,14.8148,9.0892,21.3805,0,2000,"size_test (card_database_v3.2.6_all, k=4-100); k=61 == Figure 1"
CARD k-mers,59,plasmid,893,rejected,1,0.112,0.0,0.3359,9,11.1111,0.0,37.5,0,2000,"size_test (card_database_v3.2.6_all, k=4-100); k=61 == Figure 1"
CARD k-mers,60,chromosome,7314,chromosome,4590,62.7564,61.6075,63.7955,4605,99.6743,99.5043,99.8279,1,2000,"size_test (card_database_v3.2.6_all, k=4-100); k=61 == Figure 1"
CARD k-mers,60,chromosome,7314,plasmid,12,0.1641,0.082,0.2598,188,6.383,3.0483,9.7839,0,2000,"size_test (card_database_v3.2.6_all, k=4-100); k=61 == Figure 1"
CARD k-mers,60,chromosome,7314,chr + plasmid,2589,35.3979,34.3721,36.478,3270,79.1743,77.7776,80.5474,0,2000,"size_test (card_database_v3.2.6_all, k=4-100); k=61 == Figure 1"
CARD k-mers,60,chromosome,7314,unclassified,115,1.5723,1.3122,1.8598,135,85.1852,78.472,90.9774,0,2000,"size_test (card_database_v3.2.6_all, k=4-100); k=61 == Figure 1"
CARD k-mers,60,chromosome,7314,rejected,8,0.1094,0.041,0.1914,9,88.8889,63.6364,100.0,0,2000,"size_test (card_database_v3.2.6_all, k=4-100); k=61 == Figure 1"
CARD k-mers,60,plasmid,893,chromosome,15,1.6797,0.8959,2.5756,4605,0.3257,0.1721,0.4957,0,2000,"size_test (card_database_v3.2.6_all, k=4-100); k=61 == Figure 1"
CARD k-mers,60,plasmid,893,plasmid,176,19.7088,17.1333,22.2844,188,93.617,90.2161,96.9517,1,2000,"size_test (card_database_v3.2.6_all, k=4-100); k=61 == Figure 1"
CARD k-mers,60,plasmid,893,chr + plasmid,681,76.2598,73.6842,79.0594,3270,20.8257,19.4526,22.2224,0,2000,"size_test (card_database_v3.2.6_all, k=4-100); k=61 == Figure 1"
CARD k-mers,60,plasmid,893,unclassified,20,2.2396,1.3438,3.2475,135,14.8148,9.0226,21.528,0,2000,"size_test (card_database_v3.2.6_all, k=4-100); k=61 == Figure 1"
CARD k-mers,60,plasmid,893,rejected,1,0.112,0.0,0.3359,9,11.1111,0.0,36.3636,0,2000,"size_test (card_database_v3.2.6_all, k=4-100); k=61 == Figure 1"
CARD k-mers,61,chromosome,7314,chromosome,4590,62.7564,61.6075,63.7818,4605,99.6743,99.5042,99.8278,1,2000,"size_test (card_database_v3.2.6_all, k=4-100); k=61 == Figure 1"
CARD k-mers,61,chromosome,7314,plasmid,12,0.1641,0.082,0.2598,188,6.383,3.0483,9.7839,0,2000,"size_test (card_database_v3.2.6_all, k=4-100); k=61 == Figure 1"
CARD k-mers,61,chromosome,7314,chr + plasmid,2587,35.3705,34.3451,36.4643,3268,79.1616,77.7739,80.5297,0,2000,"size_test (card_database_v3.2.6_all, k=4-100); k=61 == Figure 1"
CARD k-mers,61,chromosome,7314,unclassified,117,1.5997,1.3396,1.9005,138,84.7826,78.2946,90.7153,0,2000,"size_test (card_database_v3.2.6_all, k=4-100); k=61 == Figure 1"
CARD k-mers,61,chromosome,7314,rejected,8,0.1094,0.041,0.1914,8,100.0,100.0,100.0,0,2000,"size_test (card_database_v3.2.6_all, k=4-100); k=61 == Figure 1"
CARD k-mers,61,plasmid,893,chromosome,15,1.6797,0.8959,2.5756,4605,0.3257,0.1722,0.4958,0,2000,"size_test (card_database_v3.2.6_all, k=4-100); k=61 == Figure 1"
CARD k-mers,61,plasmid,893,plasmid,176,19.7088,17.1333,22.2844,188,93.617,90.2161,96.9517,1,2000,"size_test (card_database_v3.2.6_all, k=4-100); k=61 == Figure 1"
CARD k-mers,61,plasmid,893,chr + plasmid,681,76.2598,73.6842,79.0594,3268,20.8384,19.4703,22.2261,0,2000,"size_test (card_database_v3.2.6_all, k=4-100); k=61 == Figure 1"
CARD k-mers,61,plasmid,893,unclassified,21,2.3516,1.3438,3.3595,138,15.2174,9.2847,21.7054,0,2000,"size_test (card_database_v3.2.6_all, k=4-100); k=61 == Figure 1"
CARD k-mers,61,plasmid,893,rejected,0,0.0,0.0,0.0,8,0.0,0.0,0.0,0,2000,"size_test (card_database_v3.2.6_all, k=4-100); k=61 == Figure 1"
CARD k-mers,62,chromosome,7314,chromosome,4594,62.811,61.6489,63.8368,4609,99.6745,99.505,99.828,1,2000,"size_test (card_database_v3.2.6_all, k=4-100); k=61 == Figure 1"
CARD k-mers,62,chromosome,7314,plasmid,12,0.1641,0.082,0.2598,188,6.383,3.0483,9.7839,0,2000,"size_test (card_database_v3.2.6_all, k=4-100); k=61 == Figure 1"
CARD k-mers,62,chromosome,7314,chr + plasmid,2579,35.2611,34.2084,36.3279,3260,79.1104,77.7102,80.4741,0,2000,"size_test (card_database_v3.2.6_all, k=4-100); k=61 == Figure 1"
CARD k-mers,62,chromosome,7314,unclassified,119,1.627,1.3536,1.9278,140,85.0,78.6762,90.8451,0,2000,"size_test (card_database_v3.2.6_all, k=4-100); k=61 == Figure 1"
CARD k-mers,62,chromosome,7314,rejected,10,0.1367,0.0547,0.2324,10,100.0,100.0,100.0,0,2000,"size_test (card_database_v3.2.6_all, k=4-100); k=61 == Figure 1"
CARD k-mers,62,plasmid,893,chromosome,15,1.6797,0.8959,2.5756,4609,0.3255,0.172,0.495,0,2000,"size_test (card_database_v3.2.6_all, k=4-100); k=61 == Figure 1"
CARD k-mers,62,plasmid,893,plasmid,176,19.7088,17.1333,22.2844,188,93.617,90.2161,96.9517,1,2000,"size_test (card_database_v3.2.6_all, k=4-100); k=61 == Figure 1"
CARD k-mers,62,plasmid,893,chr + plasmid,681,76.2598,73.6842,79.0594,3260,20.8896,19.5259,22.2898,0,2000,"size_test (card_database_v3.2.6_all, k=4-100); k=61 == Figure 1"
CARD k-mers,62,plasmid,893,unclassified,21,2.3516,1.3438,3.3595,140,15.0,9.1549,21.3238,0,2000,"size_test (card_database_v3.2.6_all, k=4-100); k=61 == Figure 1"
CARD k-mers,62,plasmid,893,rejected,0,0.0,0.0,0.0,10,0.0,0.0,0.0,0,2000,"size_test (card_database_v3.2.6_all, k=4-100); k=61 == Figure 1"
CARD k-mers,63,chromosome,7314,chromosome,4618,63.1392,61.9907,64.1646,4633,99.6762,99.5073,99.8287,1,2000,"size_test (card_database_v3.2.6_all, k=4-100); k=61 == Figure 1"
CARD k-mers,63,chromosome,7314,plasmid,11,0.1504,0.0684,0.2461,186,5.914,2.6882,9.3923,0,2000,"size_test (card_database_v3.2.6_all, k=4-100); k=61 == Figure 1"
CARD k-mers,63,chromosome,7314,chr + plasmid,2551,34.8783,33.8529,35.9584,3232,78.9295,77.5169,80.2985,0,2000,"size_test (card_database_v3.2.6_all, k=4-100); k=61 == Figure 1"
CARD k-mers,63,chromosome,7314,unclassified,122,1.668,1.3946,1.9825,143,85.3147,79.032,91.0476,0,2000,"size_test (card_database_v3.2.6_all, k=4-100); k=61 == Figure 1"
CARD k-mers,63,chromosome,7314,rejected,12,0.1641,0.0817,0.2598,13,92.3077,73.3333,100.0,0,2000,"size_test (card_database_v3.2.6_all, k=4-100); k=61 == Figure 1"
CARD k-mers,63,plasmid,893,chromosome,15,1.6797,0.8959,2.5756,4633,0.3238,0.1713,0.4927,0,2000,"size_test (card_database_v3.2.6_all, k=4-100); k=61 == Figure 1"
CARD k-mers,63,plasmid,893,plasmid,175,19.5969,17.0213,22.1725,186,94.086,90.6077,97.3118,1,2000,"size_test (card_database_v3.2.6_all, k=4-100); k=61 == Figure 1"
CARD k-mers,63,plasmid,893,chr + plasmid,681,76.2598,73.6842,79.0594,3232,21.0705,19.7015,22.4831,0,2000,"size_test (card_database_v3.2.6_all, k=4-100); k=61 == Figure 1"
CARD k-mers,63,plasmid,893,unclassified,21,2.3516,1.3438,3.3595,143,14.6853,8.9524,20.968,0,2000,"size_test (card_database_v3.2.6_all, k=4-100); k=61 == Figure 1"
CARD k-mers,63,plasmid,893,rejected,1,0.112,0.0,0.3359,13,7.6923,0.0,26.6667,0,2000,"size_test (card_database_v3.2.6_all, k=4-100); k=61 == Figure 1"
CARD k-mers,64,chromosome,7314,chromosome,4618,63.1392,61.977,64.1646,4633,99.6762,99.507,99.8288,1,2000,"size_test (card_database_v3.2.6_all, k=4-100); k=61 == Figure 1"
CARD k-mers,64,chromosome,7314,plasmid,12,0.1641,0.082,0.2598,187,6.4171,3.1242,9.8839,0,2000,"size_test (card_database_v3.2.6_all, k=4-100); k=61 == Figure 1"
CARD k-mers,64,chromosome,7314,chr + plasmid,2546,34.81,33.7709,35.8901,3226,78.9213,77.5233,80.2956,0,2000,"size_test (card_database_v3.2.6_all, k=4-100); k=61 == Figure 1"
CARD k-mers,64,chromosome,7314,unclassified,126,1.7227,1.4493,2.0509,148,85.1351,78.8458,90.6679,0,2000,"size_test (card_database_v3.2.6_all, k=4-100); k=61 == Figure 1"
CARD k-mers,64,chromosome,7314,rejected,12,0.1641,0.082,0.2598,13,92.3077,73.6842,100.0,0,2000,"size_test (card_database_v3.2.6_all, k=4-100); k=61 == Figure 1"
CARD k-mers,64,plasmid,893,chromosome,15,1.6797,0.8959,2.5756,4633,0.3238,0.1712,0.493,0,2000,"size_test (card_database_v3.2.6_all, k=4-100); k=61 == Figure 1"
CARD k-mers,64,plasmid,893,plasmid,175,19.5969,17.0213,22.1725,187,93.5829,90.1161,96.8758,1,2000,"size_test (card_database_v3.2.6_all, k=4-100); k=61 == Figure 1"
CARD k-mers,64,plasmid,893,chr + plasmid,680,76.1478,73.5722,78.9502,3226,21.0787,19.7044,22.4767,0,2000,"size_test (card_database_v3.2.6_all, k=4-100); k=61 == Figure 1"
CARD k-mers,64,plasmid,893,unclassified,22,2.4636,1.4558,3.5834,148,14.8649,9.3321,21.1542,0,2000,"size_test (card_database_v3.2.6_all, k=4-100); k=61 == Figure 1"
CARD k-mers,64,plasmid,893,rejected,1,0.112,0.0,0.3359,13,7.6923,0.0,26.3158,0,2000,"size_test (card_database_v3.2.6_all, k=4-100); k=61 == Figure 1"
CARD k-mers,65,chromosome,7314,chromosome,4619,63.1529,62.0044,64.1783,4634,99.6763,99.5072,99.8289,1,2000,"size_test (card_database_v3.2.6_all, k=4-100); k=61 == Figure 1"
CARD k-mers,65,chromosome,7314,plasmid,12,0.1641,0.082,0.2598,187,6.4171,3.1242,9.8839,0,2000,"size_test (card_database_v3.2.6_all, k=4-100); k=61 == Figure 1"
CARD k-mers,65,chromosome,7314,chr + plasmid,2542,34.7553,33.7025,35.8354,3222,78.8951,77.4953,80.2731,0,2000,"size_test (card_database_v3.2.6_all, k=4-100); k=61 == Figure 1"
CARD k-mers,65,chromosome,7314,unclassified,130,1.7774,1.504,2.1056,152,85.5263,79.4702,90.9091,0,2000,"size_test (card_database_v3.2.6_all, k=4-100); k=61 == Figure 1"
CARD k-mers,65,chromosome,7314,rejected,11,0.1504,0.0684,0.2461,12,91.6667,71.4286,100.0,0,2000,"size_test (card_database_v3.2.6_all, k=4-100); k=61 == Figure 1"
CARD k-mers,65,plasmid,893,chromosome,15,1.6797,0.8959,2.5756,4634,0.3237,0.1711,0.4928,0,2000,"size_test (card_database_v3.2.6_all, k=4-100); k=61 == Figure 1"
CARD k-mers,65,plasmid,893,plasmid,175,19.5969,17.0213,22.1725,187,93.5829,90.1161,96.8758,1,2000,"size_test (card_database_v3.2.6_all, k=4-100); k=61 == Figure 1"
CARD k-mers,65,plasmid,893,chr + plasmid,680,76.1478,73.5722,78.9502,3222,21.1049,19.7269,22.5047,0,2000,"size_test (card_database_v3.2.6_all, k=4-100); k=61 == Figure 1"
CARD k-mers,65,plasmid,893,unclassified,22,2.4636,1.4558,3.5834,152,14.4737,9.0909,20.5298,0,2000,"size_test (card_database_v3.2.6_all, k=4-100); k=61 == Figure 1"
CARD k-mers,65,plasmid,893,rejected,1,0.112,0.0,0.3359,12,8.3333,0.0,28.5714,0,2000,"size_test (card_database_v3.2.6_all, k=4-100); k=61 == Figure 1"
CARD k-mers,66,chromosome,7314,chromosome,4637,63.399,62.2505,64.4517,4652,99.6776,99.5095,99.8296,1,2000,"size_test (card_database_v3.2.6_all, k=4-100); k=61 == Figure 1"
CARD k-mers,66,chromosome,7314,plasmid,12,0.1641,0.082,0.2598,187,6.4171,3.1242,9.8839,0,2000,"size_test (card_database_v3.2.6_all, k=4-100); k=61 == Figure 1"
CARD k-mers,66,chromosome,7314,chr + plasmid,2523,34.4955,33.429,35.5619,3203,78.7699,77.3596,80.1563,0,2000,"size_test (card_database_v3.2.6_all, k=4-100); k=61 == Figure 1"
CARD k-mers,66,chromosome,7314,unclassified,129,1.7637,1.49,2.0782,151,85.4305,79.3543,90.8467,0,2000,"size_test (card_database_v3.2.6_all, k=4-100); k=61 == Figure 1"
CARD k-mers,66,chromosome,7314,rejected,13,0.1777,0.082,0.2734,14,92.8571,75.0,100.0,0,2000,"size_test (card_database_v3.2.6_all, k=4-100); k=61 == Figure 1"
CARD k-mers,66,plasmid,893,chromosome,15,1.6797,0.8959,2.5756,4652,0.3224,0.1704,0.4905,0,2000,"size_test (card_database_v3.2.6_all, k=4-100); k=61 == Figure 1"
CARD k-mers,66,plasmid,893,plasmid,175,19.5969,17.0213,22.1725,187,93.5829,90.1161,96.8758,1,2000,"size_test (card_database_v3.2.6_all, k=4-100); k=61 == Figure 1"
CARD k-mers,66,plasmid,893,chr + plasmid,680,76.1478,73.5722,78.9502,3203,21.2301,19.8437,22.6404,0,2000,"size_test (card_database_v3.2.6_all, k=4-100); k=61 == Figure 1"
CARD k-mers,66,plasmid,893,unclassified,22,2.4636,1.4558,3.5834,151,14.5695,9.1533,20.6457,0,2000,"size_test (card_database_v3.2.6_all, k=4-100); k=61 == Figure 1"
CARD k-mers,66,plasmid,893,rejected,1,0.112,0.0,0.3359,14,7.1429,0.0,25.0,0,2000,"size_test (card_database_v3.2.6_all, k=4-100); k=61 == Figure 1"
CARD k-mers,67,chromosome,7314,chromosome,4638,63.4126,62.2642,64.4654,4653,99.6776,99.5094,99.8296,1,2000,"size_test (card_database_v3.2.6_all, k=4-100); k=61 == Figure 1"
CARD k-mers,67,chromosome,7314,plasmid,12,0.1641,0.082,0.2598,187,6.4171,3.1242,9.8839,0,2000,"size_test (card_database_v3.2.6_all, k=4-100); k=61 == Figure 1"
CARD k-mers,67,chromosome,7314,chr + plasmid,2520,34.4545,33.3744,35.5076,3200,78.75,77.3388,80.1371,0,2000,"size_test (card_database_v3.2.6_all, k=4-100); k=61 == Figure 1"
CARD k-mers,67,chromosome,7314,unclassified,130,1.7774,1.504,2.0922,152,85.5263,79.4863,90.9724,0,2000,"size_test (card_database_v3.2.6_all, k=4-100); k=61 == Figure 1"
CARD k-mers,67,chromosome,7314,rejected,14,0.1914,0.0957,0.3008,15,93.3333,77.7652,100.0,0,2000,"size_test (card_database_v3.2.6_all, k=4-100); k=61 == Figure 1"
CARD k-mers,67,plasmid,893,chromosome,15,1.6797,0.8959,2.5756,4653,0.3224,0.1704,0.4906,0,2000,"size_test (card_database_v3.2.6_all, k=4-100); k=61 == Figure 1"
CARD k-mers,67,plasmid,893,plasmid,175,19.5969,17.0213,22.1725,187,93.5829,90.1161,96.8758,1,2000,"size_test (card_database_v3.2.6_all, k=4-100); k=61 == Figure 1"
CARD k-mers,67,plasmid,893,chr + plasmid,680,76.1478,73.5722,78.9502,3200,21.25,19.8629,22.6612,0,2000,"size_test (card_database_v3.2.6_all, k=4-100); k=61 == Figure 1"
CARD k-mers,67,plasmid,893,unclassified,22,2.4636,1.4558,3.5834,152,14.4737,9.0276,20.5137,0,2000,"size_test (card_database_v3.2.6_all, k=4-100); k=61 == Figure 1"
CARD k-mers,67,plasmid,893,rejected,1,0.112,0.0,0.3359,15,6.6667,0.0,22.2348,0,2000,"size_test (card_database_v3.2.6_all, k=4-100); k=61 == Figure 1"
CARD k-mers,68,chromosome,7314,chromosome,4637,63.399,62.2501,64.4384,4652,99.6776,99.5094,99.8295,1,2000,"size_test (card_database_v3.2.6_all, k=4-100); k=61 == Figure 1"
CARD k-mers,68,chromosome,7314,plasmid,12,0.1641,0.082,0.2598,187,6.4171,3.1242,9.8839,0,2000,"size_test (card_database_v3.2.6_all, k=4-100); k=61 == Figure 1"
CARD k-mers,68,chromosome,7314,chr + plasmid,2517,34.4135,33.347,35.4666,3197,78.7301,77.324,80.1185,0,2000,"size_test (card_database_v3.2.6_all, k=4-100); k=61 == Figure 1"
CARD k-mers,68,chromosome,7314,unclassified,132,1.8048,1.5313,2.1329,154,85.7143,79.6404,91.0963,0,2000,"size_test (card_database_v3.2.6_all, k=4-100); k=61 == Figure 1"
CARD k-mers,68,chromosome,7314,rejected,16,0.2188,0.1231,0.3281,17,94.1176,80.0,100.0,0,2000,"size_test (card_database_v3.2.6_all, k=4-100); k=61 == Figure 1"
CARD k-mers,68,plasmid,893,chromosome,15,1.6797,0.8959,2.5756,4652,0.3224,0.1705,0.4906,0,2000,"size_test (card_database_v3.2.6_all, k=4-100); k=61 == Figure 1"
CARD k-mers,68,plasmid,893,plasmid,175,19.5969,17.0213,22.1725,187,93.5829,90.1161,96.8758,1,2000,"size_test (card_database_v3.2.6_all, k=4-100); k=61 == Figure 1"
CARD k-mers,68,plasmid,893,chr + plasmid,680,76.1478,73.5722,78.9502,3197,21.2699,19.8815,22.676,0,2000,"size_test (card_database_v3.2.6_all, k=4-100); k=61 == Figure 1"
CARD k-mers,68,plasmid,893,unclassified,22,2.4636,1.4558,3.5834,154,14.2857,8.9037,20.3596,0,2000,"size_test (card_database_v3.2.6_all, k=4-100); k=61 == Figure 1"
CARD k-mers,68,plasmid,893,rejected,1,0.112,0.0,0.3359,17,5.8824,0.0,20.0,0,2000,"size_test (card_database_v3.2.6_all, k=4-100); k=61 == Figure 1"
CARD k-mers,69,chromosome,7314,chromosome,4634,63.3579,62.2091,64.4107,4649,99.6773,99.5091,99.8293,1,2000,"size_test (card_database_v3.2.6_all, k=4-100); k=61 == Figure 1"
CARD k-mers,69,chromosome,7314,plasmid,12,0.1641,0.082,0.2598,187,6.4171,3.1242,9.8839,0,2000,"size_test (card_database_v3.2.6_all, k=4-100); k=61 == Figure 1"
CARD k-mers,69,chromosome,7314,chr + plasmid,2509,34.3041,33.2376,35.3705,3189,78.6767,77.2655,80.0567,0,2000,"size_test (card_database_v3.2.6_all, k=4-100); k=61 == Figure 1"
CARD k-mers,69,chromosome,7314,unclassified,143,1.9552,1.668,2.297,165,86.6667,81.1686,91.7651,0,2000,"size_test (card_database_v3.2.6_all, k=4-100); k=61 == Figure 1"
CARD k-mers,69,chromosome,7314,rejected,16,0.2188,0.1231,0.3281,17,94.1176,80.0,100.0,0,2000,"size_test (card_database_v3.2.6_all, k=4-100); k=61 == Figure 1"
CARD k-mers,69,plasmid,893,chromosome,15,1.6797,0.8959,2.5756,4649,0.3227,0.1707,0.4909,0,2000,"size_test (card_database_v3.2.6_all, k=4-100); k=61 == Figure 1"
CARD k-mers,69,plasmid,893,plasmid,175,19.5969,17.0213,22.1725,187,93.5829,90.1161,96.8758,1,2000,"size_test (card_database_v3.2.6_all, k=4-100); k=61 == Figure 1"
CARD k-mers,69,plasmid,893,chr + plasmid,680,76.1478,73.5722,78.9502,3189,21.3233,19.9433,22.7345,0,2000,"size_test (card_database_v3.2.6_all, k=4-100); k=61 == Figure 1"
CARD k-mers,69,plasmid,893,unclassified,22,2.4636,1.4558,3.5834,165,13.3333,8.2349,18.8314,0,2000,"size_test (card_database_v3.2.6_all, k=4-100); k=61 == Figure 1"
CARD k-mers,69,plasmid,893,rejected,1,0.112,0.0,0.3359,17,5.8824,0.0,20.0,0,2000,"size_test (card_database_v3.2.6_all, k=4-100); k=61 == Figure 1"
CARD k-mers,70,chromosome,7314,chromosome,4637,63.399,62.2635,64.4381,4652,99.6776,99.5093,99.8294,1,2000,"size_test (card_database_v3.2.6_all, k=4-100); k=61 == Figure 1"
CARD k-mers,70,chromosome,7314,plasmid,14,0.1914,0.0957,0.3008,189,7.4074,3.7433,11.1733,0,2000,"size_test (card_database_v3.2.6_all, k=4-100); k=61 == Figure 1"
CARD k-mers,70,chromosome,7314,chr + plasmid,2504,34.2357,33.1826,35.2885,3184,78.6432,77.2183,80.0379,0,2000,"size_test (card_database_v3.2.6_all, k=4-100); k=61 == Figure 1"
CARD k-mers,70,chromosome,7314,unclassified,144,1.9688,1.6817,2.3243,166,86.747,81.2483,91.8131,0,2000,"size_test (card_database_v3.2.6_all, k=4-100); k=61 == Figure 1"
CARD k-mers,70,chromosome,7314,rejected,15,0.2051,0.1094,0.3145,16,93.75,78.5714,100.0,0,2000,"size_test (card_database_v3.2.6_all, k=4-100); k=61 == Figure 1"
CARD k-mers,70,plasmid,893,chromosome,15,1.6797,0.8959,2.5756,4652,0.3224,0.1706,0.4907,0,2000,"size_test (card_database_v3.2.6_all, k=4-100); k=61 == Figure 1"
CARD k-mers,70,plasmid,893,plasmid,175,19.5969,17.0213,22.1725,189,92.5926,88.8267,96.2567,1,2000,"size_test (card_database_v3.2.6_all, k=4-100); k=61 == Figure 1"
CARD k-mers,70,plasmid,893,chr + plasmid,680,76.1478,73.5722,78.9502,3184,21.3568,19.9621,22.7817,0,2000,"size_test (card_database_v3.2.6_all, k=4-100); k=61 == Figure 1"
CARD k-mers,70,plasmid,893,unclassified,22,2.4636,1.4558,3.5834,166,13.253,8.1869,18.7517,0,2000,"size_test (card_database_v3.2.6_all, k=4-100); k=61 == Figure 1"
CARD k-mers,70,plasmid,893,rejected,1,0.112,0.0,0.3359,16,6.25,0.0,21.4286,0,2000,"size_test (card_database_v3.2.6_all, k=4-100); k=61 == Figure 1"
CARD k-mers,71,chromosome,7314,chromosome,4640,63.44,62.3052,64.4654,4656,99.6564,99.4841,99.8247,1,2000,"size_test (card_database_v3.2.6_all, k=4-100); k=61 == Figure 1"
CARD k-mers,71,chromosome,7314,plasmid,14,0.1914,0.0957,0.3008,189,7.4074,3.7433,11.1733,0,2000,"size_test (card_database_v3.2.6_all, k=4-100); k=61 == Figure 1"
CARD k-mers,71,chromosome,7314,chr + plasmid,2496,34.1263,33.0732,35.1654,3175,78.6142,77.1973,79.994,0,2000,"size_test (card_database_v3.2.6_all, k=4-100); k=61 == Figure 1"
CARD k-mers,71,chromosome,7314,unclassified,146,1.9962,1.7224,2.338,168,86.9048,81.4208,91.8754,0,2000,"size_test (card_database_v3.2.6_all, k=4-100); k=61 == Figure 1"
CARD k-mers,71,chromosome,7314,rejected,18,0.2461,0.1367,0.3555,19,94.7368,81.8182,100.0,0,2000,"size_test (card_database_v3.2.6_all, k=4-100); k=61 == Figure 1"
CARD k-mers,71,plasmid,893,chromosome,16,1.7917,1.0078,2.6876,4656,0.3436,0.1753,0.5159,0,2000,"size_test (card_database_v3.2.6_all, k=4-100); k=61 == Figure 1"
CARD k-mers,71,plasmid,893,plasmid,175,19.5969,17.0213,22.1725,189,92.5926,88.8267,96.2567,1,2000,"size_test (card_database_v3.2.6_all, k=4-100); k=61 == Figure 1"
CARD k-mers,71,plasmid,893,chr + plasmid,679,76.0358,73.4602,78.9474,3175,21.3858,20.006,22.8027,0,2000,"size_test (card_database_v3.2.6_all, k=4-100); k=61 == Figure 1"
CARD k-mers,71,plasmid,893,unclassified,22,2.4636,1.4558,3.5834,168,13.0952,8.1246,18.5792,0,2000,"size_test (card_database_v3.2.6_all, k=4-100); k=61 == Figure 1"
CARD k-mers,71,plasmid,893,rejected,1,0.112,0.0,0.3359,19,5.2632,0.0,18.1818,0,2000,"size_test (card_database_v3.2.6_all, k=4-100); k=61 == Figure 1"
CARD k-mers,72,chromosome,7314,chromosome,4643,63.481,62.3595,64.5201,4659,99.6566,99.4842,99.8248,1,2000,"size_test (card_database_v3.2.6_all, k=4-100); k=61 == Figure 1"
CARD k-mers,72,chromosome,7314,plasmid,14,0.1914,0.0957,0.3008,188,7.4468,3.7629,11.2245,0,2000,"size_test (card_database_v3.2.6_all, k=4-100); k=61 == Figure 1"
CARD k-mers,72,chromosome,7314,chr + plasmid,2488,34.017,32.9779,35.0701,3167,78.5602,77.1464,79.9509,0,2000,"size_test (card_database_v3.2.6_all, k=4-100); k=61 == Figure 1"
CARD k-mers,72,chromosome,7314,unclassified,151,2.0645,1.7637,2.4063,173,87.2832,81.9863,92.1053,0,2000,"size_test (card_database_v3.2.6_all, k=4-100); k=61 == Figure 1"
CARD k-mers,72,chromosome,7314,rejected,18,0.2461,0.1367,0.3692,20,90.0,75.975,100.0,0,2000,"size_test (card_database_v3.2.6_all, k=4-100); k=61 == Figure 1"
CARD k-mers,72,plasmid,893,chromosome,16,1.7917,1.0078,2.6876,4659,0.3434,0.1752,0.5158,0,2000,"size_test (card_database_v3.2.6_all, k=4-100); k=61 == Figure 1"
CARD k-mers,72,plasmid,893,plasmid,174,19.4849,16.9093,22.0605,188,92.5532,88.7755,96.2371,1,2000,"size_test (card_database_v3.2.6_all, k=4-100); k=61 == Figure 1"
CARD k-mers,72,plasmid,893,chr + plasmid,679,76.0358,73.4602,78.9474,3167,21.4398,20.0491,22.8536,0,2000,"size_test (card_database_v3.2.6_all, k=4-100); k=61 == Figure 1"
CARD k-mers,72,plasmid,893,unclassified,22,2.4636,1.4558,3.5834,173,12.7168,7.8947,18.0137,0,2000,"size_test (card_database_v3.2.6_all, k=4-100); k=61 == Figure 1"
CARD k-mers,72,plasmid,893,rejected,2,0.224,0.0,0.5599,20,10.0,0.0,24.025,0,2000,"size_test (card_database_v3.2.6_all, k=4-100); k=61 == Figure 1"
CARD k-mers,73,chromosome,7314,chromosome,4675,63.9185,62.7837,64.9576,4691,99.6589,99.4878,99.8256,1,2000,"size_test (card_database_v3.2.6_all, k=4-100); k=61 == Figure 1"
CARD k-mers,73,chromosome,7314,plasmid,14,0.1914,0.0957,0.3008,188,7.4468,3.7629,11.2245,0,2000,"size_test (card_database_v3.2.6_all, k=4-100); k=61 == Figure 1"
CARD k-mers,73,chromosome,7314,chr + plasmid,2453,33.5384,32.4993,34.5912,3132,78.3206,76.898,79.7187,0,2000,"size_test (card_database_v3.2.6_all, k=4-100); k=61 == Figure 1"
CARD k-mers,73,chromosome,7314,unclassified,155,2.1192,1.8184,2.4747,177,87.5706,82.3855,92.3088,0,2000,"size_test (card_database_v3.2.6_all, k=4-100); k=61 == Figure 1"
CARD k-mers,73,chromosome,7314,rejected,17,0.2324,0.1231,0.3418,19,89.4737,74.07,100.0,0,2000,"size_test (card_database_v3.2.6_all, k=4-100); k=61 == Figure 1"
CARD k-mers,73,plasmid,893,chromosome,16,1.7917,1.0078,2.6876,4691,0.3411,0.1744,0.5122,0,2000,"size_test (card_database_v3.2.6_all, k=4-100); k=61 == Figure 1"
CARD k-mers,73,plasmid,893,plasmid,174,19.4849,16.9093,22.0605,188,92.5532,88.7755,96.2371,1,2000,"size_test (card_database_v3.2.6_all, k=4-100); k=61 == Figure 1"
CARD k-mers,73,plasmid,893,chr + plasmid,679,76.0358,73.4602,78.9474,3132,21.6794,20.2813,23.102,0,2000,"size_test (card_database_v3.2.6_all, k=4-100); k=61 == Figure 1"
CARD k-mers,73,plasmid,893,unclassified,22,2.4636,1.4558,3.5834,177,12.4294,7.6912,17.6145,0,2000,"size_test (card_database_v3.2.6_all, k=4-100); k=61 == Figure 1"
CARD k-mers,73,plasmid,893,rejected,2,0.224,0.0,0.5599,19,10.5263,0.0,25.93,0,2000,"size_test (card_database_v3.2.6_all, k=4-100); k=61 == Figure 1"
CARD k-mers,74,chromosome,7314,chromosome,4673,63.8912,62.7564,64.9303,4689,99.6588,99.4876,99.8256,1,2000,"size_test (card_database_v3.2.6_all, k=4-100); k=61 == Figure 1"
CARD k-mers,74,chromosome,7314,plasmid,14,0.1914,0.0957,0.3008,188,7.4468,3.7629,11.2245,0,2000,"size_test (card_database_v3.2.6_all, k=4-100); k=61 == Figure 1"
CARD k-mers,74,chromosome,7314,chr + plasmid,2451,33.5111,32.4856,34.5639,3130,78.3067,76.8803,79.7098,0,2000,"size_test (card_database_v3.2.6_all, k=4-100); k=61 == Figure 1"
CARD k-mers,74,chromosome,7314,unclassified,158,2.1602,1.8594,2.5157,180,87.7778,82.6816,92.4855,0,2000,"size_test (card_database_v3.2.6_all, k=4-100); k=61 == Figure 1"
CARD k-mers,74,chromosome,7314,rejected,18,0.2461,0.1367,0.3692,20,90.0,75.0,100.0,0,2000,"size_test (card_database_v3.2.6_all, k=4-100); k=61 == Figure 1"
CARD k-mers,74,plasmid,893,chromosome,16,1.7917,1.0078,2.6876,4689,0.3412,0.1744,0.5124,0,2000,"size_test (card_database_v3.2.6_all, k=4-100); k=61 == Figure 1"
CARD k-mers,74,plasmid,893,plasmid,174,19.4849,16.9093,22.0605,188,92.5532,88.7755,96.2371,1,2000,"size_test (card_database_v3.2.6_all, k=4-100); k=61 == Figure 1"
CARD k-mers,74,plasmid,893,chr + plasmid,679,76.0358,73.4602,78.9474,3130,21.6933,20.2902,23.1197,0,2000,"size_test (card_database_v3.2.6_all, k=4-100); k=61 == Figure 1"
CARD k-mers,74,plasmid,893,unclassified,22,2.4636,1.4558,3.5834,180,12.2222,7.5145,17.3184,0,2000,"size_test (card_database_v3.2.6_all, k=4-100); k=61 == Figure 1"
CARD k-mers,74,plasmid,893,rejected,2,0.224,0.0,0.5599,20,10.0,0.0,25.0,0,2000,"size_test (card_database_v3.2.6_all, k=4-100); k=61 == Figure 1"
CARD k-mers,75,chromosome,7314,chromosome,4706,64.3424,63.2212,65.3678,4722,99.6612,99.4913,99.8267,1,2000,"size_test (card_database_v3.2.6_all, k=4-100); k=61 == Figure 1"
CARD k-mers,75,chromosome,7314,plasmid,15,0.2051,0.1094,0.3145,188,7.9787,4.2169,11.8648,0,2000,"size_test (card_database_v3.2.6_all, k=4-100); k=61 == Figure 1"
CARD k-mers,75,chromosome,7314,chr + plasmid,2413,32.9915,31.9661,34.017,3092,78.0401,76.6045,79.4583,0,2000,"size_test (card_database_v3.2.6_all, k=4-100); k=61 == Figure 1"
CARD k-mers,75,chromosome,7314,unclassified,162,2.2149,1.9005,2.5704,184,88.0435,83.0402,92.6829,0,2000,"size_test (card_database_v3.2.6_all, k=4-100); k=61 == Figure 1"
CARD k-mers,75,chromosome,7314,rejected,18,0.2461,0.1367,0.3555,21,85.7143,68.75,100.0,0,2000,"size_test (card_database_v3.2.6_all, k=4-100); k=61 == Figure 1"
CARD k-mers,75,plasmid,893,chromosome,16,1.7917,1.0078,2.6876,4722,0.3388,0.1733,0.5087,0,2000,"size_test (card_database_v3.2.6_all, k=4-100); k=61 == Figure 1"
CARD k-mers,75,plasmid,893,plasmid,173,19.3729,16.7973,21.9485,188,92.0213,88.1352,95.7831,1,2000,"size_test (card_database_v3.2.6_all, k=4-100); k=61 == Figure 1"
CARD k-mers,75,plasmid,893,chr + plasmid,679,76.0358,73.4602,78.9474,3092,21.9599,20.5417,23.3955,0,2000,"size_test (card_database_v3.2.6_all, k=4-100); k=61 == Figure 1"
CARD k-mers,75,plasmid,893,unclassified,22,2.4636,1.4558,3.5834,184,11.9565,7.3171,16.9598,0,2000,"size_test (card_database_v3.2.6_all, k=4-100); k=61 == Figure 1"
CARD k-mers,75,plasmid,893,rejected,3,0.3359,0.0,0.7839,21,14.2857,0.0,31.25,0,2000,"size_test (card_database_v3.2.6_all, k=4-100); k=61 == Figure 1"
CARD k-mers,76,chromosome,7314,chromosome,4707,64.356,63.2482,65.3951,4723,99.6612,99.4912,99.8267,1,2000,"size_test (card_database_v3.2.6_all, k=4-100); k=61 == Figure 1"
CARD k-mers,76,chromosome,7314,plasmid,15,0.2051,0.1094,0.3145,188,7.9787,4.2169,11.8648,0,2000,"size_test (card_database_v3.2.6_all, k=4-100); k=61 == Figure 1"
CARD k-mers,76,chromosome,7314,chr + plasmid,2409,32.9368,31.8977,33.9759,3088,78.0117,76.5665,79.4261,0,2000,"size_test (card_database_v3.2.6_all, k=4-100); k=61 == Figure 1"
CARD k-mers,76,chromosome,7314,unclassified,165,2.2559,1.9552,2.5978,187,88.2353,83.24,92.7788,0,2000,"size_test (card_database_v3.2.6_all, k=4-100); k=61 == Figure 1"
CARD k-mers,76,chromosome,7314,rejected,18,0.2461,0.1367,0.3555,21,85.7143,69.2308,100.0,0,2000,"size_test (card_database_v3.2.6_all, k=4-100); k=61 == Figure 1"
CARD k-mers,76,plasmid,893,chromosome,16,1.7917,1.0078,2.6876,4723,0.3388,0.1733,0.5088,0,2000,"size_test (card_database_v3.2.6_all, k=4-100); k=61 == Figure 1"
CARD k-mers,76,plasmid,893,plasmid,173,19.3729,16.7973,21.9485,188,92.0213,88.1352,95.7831,1,2000,"size_test (card_database_v3.2.6_all, k=4-100); k=61 == Figure 1"
CARD k-mers,76,plasmid,893,chr + plasmid,679,76.0358,73.4602,78.9474,3088,21.9883,20.5739,23.4335,0,2000,"size_test (card_database_v3.2.6_all, k=4-100); k=61 == Figure 1"
CARD k-mers,76,plasmid,893,unclassified,22,2.4636,1.4558,3.5834,187,11.7647,7.2212,16.76,0,2000,"size_test (card_database_v3.2.6_all, k=4-100); k=61 == Figure 1"
CARD k-mers,76,plasmid,893,rejected,3,0.3359,0.0,0.7839,21,14.2857,0.0,30.7692,0,2000,"size_test (card_database_v3.2.6_all, k=4-100); k=61 == Figure 1"
CARD k-mers,77,chromosome,7314,chromosome,4711,64.4107,63.3029,65.4498,4727,99.6615,99.4916,99.8267,1,2000,"size_test (card_database_v3.2.6_all, k=4-100); k=61 == Figure 1"
CARD k-mers,77,chromosome,7314,plasmid,15,0.2051,0.1094,0.3145,188,7.9787,4.2169,11.8648,0,2000,"size_test (card_database_v3.2.6_all, k=4-100); k=61 == Figure 1"
CARD k-mers,77,chromosome,7314,chr + plasmid,2402,32.8411,31.8154,33.8939,3081,77.9617,76.5168,79.3834,0,2000,"size_test (card_database_v3.2.6_all, k=4-100); k=61 == Figure 1"
CARD k-mers,77,chromosome,7314,unclassified,166,2.2696,1.9688,2.6114,188,88.2979,83.4175,92.8187,0,2000,"size_test (card_database_v3.2.6_all, k=4-100); k=61 == Figure 1"
CARD k-mers,77,chromosome,7314,rejected,20,0.2734,0.1641,0.3965,23,86.9565,71.4286,100.0,0,2000,"size_test (card_database_v3.2.6_all, k=4-100); k=61 == Figure 1"
CARD k-mers,77,plasmid,893,chromosome,16,1.7917,1.0078,2.6876,4727,0.3385,0.1733,0.5084,0,2000,"size_test (card_database_v3.2.6_all, k=4-100); k=61 == Figure 1"
CARD k-mers,77,plasmid,893,plasmid,173,19.3729,16.7973,21.9485,188,92.0213,88.1352,95.7831,1,2000,"size_test (card_database_v3.2.6_all, k=4-100); k=61 == Figure 1"
CARD k-mers,77,plasmid,893,chr + plasmid,679,76.0358,73.4602,78.9474,3081,22.0383,20.6166,23.4832,0,2000,"size_test (card_database_v3.2.6_all, k=4-100); k=61 == Figure 1"
CARD k-mers,77,plasmid,893,unclassified,22,2.4636,1.4558,3.5834,188,11.7021,7.1813,16.5825,0,2000,"size_test (card_database_v3.2.6_all, k=4-100); k=61 == Figure 1"
CARD k-mers,77,plasmid,893,rejected,3,0.3359,0.0,0.7839,23,13.0435,0.0,28.5714,0,2000,"size_test (card_database_v3.2.6_all, k=4-100); k=61 == Figure 1"
CARD k-mers,78,chromosome,7314,chromosome,4716,64.4791,63.3576,65.5182,4732,99.6619,99.4927,99.8269,1,2000,"size_test (card_database_v3.2.6_all, k=4-100); k=61 == Figure 1"
CARD k-mers,78,chromosome,7314,plasmid,15,0.2051,0.1094,0.3145,189,7.9365,4.2101,11.7647,0,2000,"size_test (card_database_v3.2.6_all, k=4-100); k=61 == Figure 1"
CARD k-mers,78,chromosome,7314,chr + plasmid,2395,32.7454,31.7063,33.7845,3072,77.9622,76.5283,79.3966,0,2000,"size_test (card_database_v3.2.6_all, k=4-100); k=61 == Figure 1"
CARD k-mers,78,chromosome,7314,unclassified,171,2.338,2.0098,2.6935,193,88.601,83.8884,92.9739,0,2000,"size_test (card_database_v3.2.6_all, k=4-100); k=61 == Figure 1"
CARD k-mers,78,chromosome,7314,rejected,17,0.2324,0.1367,0.3555,21,80.9524,62.5,96.1607,0,2000,"size_test (card_database_v3.2.6_all, k=4-100); k=61 == Figure 1"
CARD k-mers,78,plasmid,893,chromosome,16,1.7917,1.0078,2.6876,4732,0.3381,0.1731,0.5073,0,2000,"size_test (card_database_v3.2.6_all, k=4-100); k=61 == Figure 1"
CARD k-mers,78,plasmid,893,plasmid,174,19.4849,16.9093,22.0605,189,92.0635,88.2353,95.7899,1,2000,"size_test (card_database_v3.2.6_all, k=4-100); k=61 == Figure 1"
CARD k-mers,78,plasmid,893,chr + plasmid,677,75.8119,73.1243,78.7234,3072,22.0378,20.6034,23.4717,0,2000,"size_test (card_database_v3.2.6_all, k=4-100); k=61 == Figure 1"
CARD k-mers,78,plasmid,893,unclassified,22,2.4636,1.4558,3.5834,193,11.399,7.0261,16.1116,0,2000,"size_test (card_database_v3.2.6_all, k=4-100); k=61 == Figure 1"
CARD k-mers,78,plasmid,893,rejected,4,0.4479,0.112,0.8959,21,19.0476,3.8393,37.5,0,2000,"size_test (card_database_v3.2.6_all, k=4-100); k=61 == Figure 1"
CARD k-mers,79,chromosome,7314,chromosome,4715,64.4654,63.3576,65.5185,4731,99.6618,99.4922,99.8269,1,2000,"size_test (card_database_v3.2.6_all, k=4-100); k=61 == Figure 1"
CARD k-mers,79,chromosome,7314,plasmid,15,0.2051,0.1094,0.3145,188,7.9787,4.2169,11.8644,0,2000,"size_test (card_database_v3.2.6_all, k=4-100); k=61 == Figure 1"
CARD k-mers,79,chromosome,7314,chr + plasmid,2394,32.7317,31.6926,33.7709,3071,77.9551,76.5278,79.3889,0,2000,"size_test (card_database_v3.2.6_all, k=4-100); k=61 == Figure 1"
CARD k-mers,79,chromosome,7314,unclassified,170,2.3243,1.9962,2.6798,192,88.5417,83.8702,92.9357,0,2000,"size_test (card_database_v3.2.6_all, k=4-100); k=61 == Figure 1"
CARD k-mers,79,chromosome,7314,rejected,20,0.2734,0.1641,0.4102,25,80.0,63.1579,95.2381,0,2000,"size_test (card_database_v3.2.6_all, k=4-100); k=61 == Figure 1"
CARD k-mers,79,plasmid,893,chromosome,16,1.7917,1.0078,2.6876,4731,0.3382,0.1731,0.5078,0,2000,"size_test (card_database_v3.2.6_all, k=4-100); k=61 == Figure 1"
CARD k-mers,79,plasmid,893,plasmid,173,19.3729,16.7973,21.9485,188,92.0213,88.1356,95.7831,1,2000,"size_test (card_database_v3.2.6_all, k=4-100); k=61 == Figure 1"
CARD k-mers,79,plasmid,893,chr + plasmid,677,75.8119,73.1243,78.7234,3071,22.0449,20.6111,23.4722,0,2000,"size_test (card_database_v3.2.6_all, k=4-100); k=61 == Figure 1"
CARD k-mers,79,plasmid,893,unclassified,22,2.4636,1.4558,3.5834,192,11.4583,7.0643,16.1298,0,2000,"size_test (card_database_v3.2.6_all, k=4-100); k=61 == Figure 1"
CARD k-mers,79,plasmid,893,rejected,5,0.5599,0.112,1.1198,25,20.0,4.7619,36.8421,0,2000,"size_test (card_database_v3.2.6_all, k=4-100); k=61 == Figure 1"
CARD k-mers,80,chromosome,7314,chromosome,4713,64.4381,63.3439,65.4912,4730,99.6406,99.4667,99.8094,1,2000,"size_test (card_database_v3.2.6_all, k=4-100); k=61 == Figure 1"
CARD k-mers,80,chromosome,7314,plasmid,15,0.2051,0.1094,0.3145,189,7.9365,4.1884,11.7978,0,2000,"size_test (card_database_v3.2.6_all, k=4-100); k=61 == Figure 1"
CARD k-mers,80,chromosome,7314,chr + plasmid,2394,32.7317,31.6926,33.7709,3069,78.0059,76.5774,79.4354,0,2000,"size_test (card_database_v3.2.6_all, k=4-100); k=61 == Figure 1"
CARD k-mers,80,chromosome,7314,unclassified,171,2.338,2.0098,2.6935,193,88.601,83.8696,92.9829,0,2000,"size_test (card_database_v3.2.6_all, k=4-100); k=61 == Figure 1"
CARD k-mers,80,chromosome,7314,rejected,21,0.2871,0.1777,0.4102,26,80.7692,65.0,95.6522,0,2000,"size_test (card_database_v3.2.6_all, k=4-100); k=61 == Figure 1"
CARD k-mers,80,plasmid,893,chromosome,17,1.9037,1.0078,2.7996,4730,0.3594,0.1906,0.5333,0,2000,"size_test (card_database_v3.2.6_all, k=4-100); k=61 == Figure 1"
CARD k-mers,80,plasmid,893,plasmid,174,19.4849,17.0213,22.0605,189,92.0635,88.2022,95.8116,1,2000,"size_test (card_database_v3.2.6_all, k=4-100); k=61 == Figure 1"
CARD k-mers,80,plasmid,893,chr + plasmid,675,75.5879,73.0095,78.4994,3069,21.9941,20.5646,23.4226,0,2000,"size_test (card_database_v3.2.6_all, k=4-100); k=61 == Figure 1"
CARD k-mers,80,plasmid,893,unclassified,22,2.4636,1.4558,3.5834,193,11.399,7.0171,16.1304,0,2000,"size_test (card_database_v3.2.6_all, k=4-100); k=61 == Figure 1"
CARD k-mers,80,plasmid,893,rejected,5,0.5599,0.112,1.1198,26,19.2308,4.3478,35.0,0,2000,"size_test (card_database_v3.2.6_all, k=4-100); k=61 == Figure 1"
CARD k-mers,81,chromosome,7314,chromosome,4714,64.4517,63.3306,65.5049,4731,99.6407,99.4665,99.8095,1,2000,"size_test (card_database_v3.2.6_all, k=4-100); k=61 == Figure 1"
CARD k-mers,81,chromosome,7314,plasmid,14,0.1914,0.0957,0.3008,188,7.4468,3.7833,11.1774,0,2000,"size_test (card_database_v3.2.6_all, k=4-100); k=61 == Figure 1"
CARD k-mers,81,chromosome,7314,chr + plasmid,2386,32.6224,31.6103,33.6755,3061,77.9484,76.5245,79.3964,0,2000,"size_test (card_database_v3.2.6_all, k=4-100); k=61 == Figure 1"
CARD k-mers,81,chromosome,7314,unclassified,182,2.4884,2.1739,2.8442,206,88.3495,83.6631,92.7275,0,2000,"size_test (card_database_v3.2.6_all, k=4-100); k=61 == Figure 1"
CARD k-mers,81,chromosome,7314,rejected,18,0.2461,0.1367,0.3692,21,85.7143,69.2188,100.0,0,2000,"size_test (card_database_v3.2.6_all, k=4-100); k=61 == Figure 1"
CARD k-mers,81,plasmid,893,chromosome,17,1.9037,1.0078,2.7996,4731,0.3593,0.1905,0.5335,0,2000,"size_test (card_database_v3.2.6_all, k=4-100); k=61 == Figure 1"
CARD k-mers,81,plasmid,893,plasmid,174,19.4849,17.0213,22.0605,188,92.5532,88.8226,96.2167,1,2000,"size_test (card_database_v3.2.6_all, k=4-100); k=61 == Figure 1"
CARD k-mers,81,plasmid,893,chr + plasmid,675,75.5879,73.0095,78.4994,3061,22.0516,20.6036,23.4755,0,2000,"size_test (card_database_v3.2.6_all, k=4-100); k=61 == Figure 1"
CARD k-mers,81,plasmid,893,unclassified,24,2.6876,1.6797,3.8074,206,11.6505,7.2725,16.3369,0,2000,"size_test (card_database_v3.2.6_all, k=4-100); k=61 == Figure 1"
CARD k-mers,81,plasmid,893,rejected,3,0.3359,0.0,0.7839,21,14.2857,0.0,30.7812,0,2000,"size_test (card_database_v3.2.6_all, k=4-100); k=61 == Figure 1"
CARD k-mers,82,chromosome,7314,chromosome,4717,64.4928,63.3853,65.5322,4734,99.6409,99.4668,99.8096,1,2000,"size_test (card_database_v3.2.6_all, k=4-100); k=61 == Figure 1"
CARD k-mers,82,chromosome,7314,plasmid,14,0.1914,0.0957,0.3008,188,7.4468,3.7833,11.1774,0,2000,"size_test (card_database_v3.2.6_all, k=4-100); k=61 == Figure 1"
CARD k-mers,82,chromosome,7314,chr + plasmid,2382,32.5677,31.5559,33.6341,3057,77.9195,76.5015,79.3626,0,2000,"size_test (card_database_v3.2.6_all, k=4-100); k=61 == Figure 1"
CARD k-mers,82,chromosome,7314,unclassified,184,2.5157,2.1876,2.8715,208,88.4615,83.8092,92.7893,0,2000,"size_test (card_database_v3.2.6_all, k=4-100); k=61 == Figure 1"
CARD k-mers,82,chromosome,7314,rejected,17,0.2324,0.1367,0.3418,20,85.0,67.9667,100.0,0,2000,"size_test (card_database_v3.2.6_all, k=4-100); k=61 == Figure 1"
CARD k-mers,82,plasmid,893,chromosome,17,1.9037,1.0078,2.7996,4734,0.3591,0.1904,0.5332,0,2000,"size_test (card_database_v3.2.6_all, k=4-100); k=61 == Figure 1"
CARD k-mers,82,plasmid,893,plasmid,174,19.4849,17.0213,22.0605,188,92.5532,88.8226,96.2167,1,2000,"size_test (card_database_v3.2.6_all, k=4-100); k=61 == Figure 1"
CARD k-mers,82,plasmid,893,chr + plasmid,675,75.5879,73.0095,78.4994,3057,22.0805,20.6374,23.4985,0,2000,"size_test (card_database_v3.2.6_all, k=4-100); k=61 == Figure 1"
CARD k-mers,82,plasmid,893,unclassified,24,2.6876,1.6797,3.8074,208,11.5385,7.2107,16.1908,0,2000,"size_test (card_database_v3.2.6_all, k=4-100); k=61 == Figure 1"
CARD k-mers,82,plasmid,893,rejected,3,0.3359,0.0,0.7839,20,15.0,0.0,32.0333,0,2000,"size_test (card_database_v3.2.6_all, k=4-100); k=61 == Figure 1"
CARD k-mers,83,chromosome,7314,chromosome,4724,64.5885,63.4803,65.6416,4741,99.6414,99.4673,99.8099,1,2000,"size_test (card_database_v3.2.6_all, k=4-100); k=61 == Figure 1"
CARD k-mers,83,chromosome,7314,plasmid,13,0.1777,0.0957,0.2871,186,6.9892,3.3889,10.7955,0,2000,"size_test (card_database_v3.2.6_all, k=4-100); k=61 == Figure 1"
CARD k-mers,83,chromosome,7314,chr + plasmid,2372,32.431,31.4192,33.4974,3046,77.8726,76.4317,79.334,0,2000,"size_test (card_database_v3.2.6_all, k=4-100); k=61 == Figure 1"
CARD k-mers,83,chromosome,7314,unclassified,187,2.5567,2.2149,2.9396,212,88.2075,83.72,92.5585,0,2000,"size_test (card_database_v3.2.6_all, k=4-100); k=61 == Figure 1"
CARD k-mers,83,chromosome,7314,rejected,18,0.2461,0.1367,0.3692,22,81.8182,63.6364,96.2963,0,2000,"size_test (card_database_v3.2.6_all, k=4-100); k=61 == Figure 1"
CARD k-mers,83,plasmid,893,chromosome,17,1.9037,1.0078,2.7996,4741,0.3586,0.1901,0.5327,0,2000,"size_test (card_database_v3.2.6_all, k=4-100); k=61 == Figure 1"
CARD k-mers,83,plasmid,893,plasmid,173,19.3729,16.9093,21.8393,186,93.0108,89.2045,96.6111,1,2000,"size_test (card_database_v3.2.6_all, k=4-100); k=61 == Figure 1"
CARD k-mers,83,plasmid,893,chr + plasmid,674,75.4759,72.7884,78.3875,3046,22.1274,20.666,23.5683,0,2000,"size_test (card_database_v3.2.6_all, k=4-100); k=61 == Figure 1"
CARD k-mers,83,plasmid,893,unclassified,25,2.7996,1.7917,3.9194,212,11.7925,7.4415,16.28,0,2000,"size_test (card_database_v3.2.6_all, k=4-100); k=61 == Figure 1"
CARD k-mers,83,plasmid,893,rejected,4,0.4479,0.112,0.8959,22,18.1818,3.7037,36.3636,0,2000,"size_test (card_database_v3.2.6_all, k=4-100); k=61 == Figure 1"
CARD k-mers,84,chromosome,7314,chromosome,4736,64.7525,63.6577,65.7916,4753,99.6423,99.4682,99.8105,1,2000,"size_test (card_database_v3.2.6_all, k=4-100); k=61 == Figure 1"
CARD k-mers,84,chromosome,7314,plasmid,13,0.1777,0.0957,0.2871,186,6.9892,3.3889,10.7955,0,2000,"size_test (card_database_v3.2.6_all, k=4-100); k=61 == Figure 1"
CARD k-mers,84,chromosome,7314,chr + plasmid,2358,32.2395,31.2278,33.2927,3031,77.7961,76.3557,79.272,0,2000,"size_test (card_database_v3.2.6_all, k=4-100); k=61 == Figure 1"
CARD k-mers,84,chromosome,7314,unclassified,190,2.5978,2.2559,2.9669,216,87.963,83.4064,92.381,0,2000,"size_test (card_database_v3.2.6_all, k=4-100); k=61 == Figure 1"
CARD k-mers,84,chromosome,7314,rejected,17,0.2324,0.1367,0.3418,21,80.9524,61.8956,95.8333,0,2000,"size_test (card_database_v3.2.6_all, k=4-100); k=61 == Figure 1"
CARD k-mers,84,plasmid,893,chromosome,17,1.9037,1.0078,2.7996,4753,0.3577,0.1895,0.5318,0,2000,"size_test (card_database_v3.2.6_all, k=4-100); k=61 == Figure 1"
CARD k-mers,84,plasmid,893,plasmid,173,19.3729,16.9093,21.8393,186,93.0108,89.2045,96.6111,1,2000,"size_test (card_database_v3.2.6_all, k=4-100); k=61 == Figure 1"
CARD k-mers,84,plasmid,893,chr + plasmid,673,75.3639,72.6764,78.2755,3031,22.2039,20.728,23.6443,0,2000,"size_test (card_database_v3.2.6_all, k=4-100); k=61 == Figure 1"
CARD k-mers,84,plasmid,893,unclassified,26,2.9115,1.7917,4.0314,216,12.037,7.619,16.5936,0,2000,"size_test (card_database_v3.2.6_all, k=4-100); k=61 == Figure 1"
CARD k-mers,84,plasmid,893,rejected,4,0.4479,0.112,0.8959,21,19.0476,4.1667,38.1044,0,2000,"size_test (card_database_v3.2.6_all, k=4-100); k=61 == Figure 1"
CARD k-mers,85,chromosome,7314,chromosome,4734,64.7252,63.617,65.778,4751,99.6422,99.4682,99.8105,1,2000,"size_test (card_database_v3.2.6_all, k=4-100); k=61 == Figure 1"
CARD k-mers,85,chromosome,7314,plasmid,14,0.1914,0.0957,0.3008,186,7.5269,3.8669,11.364,0,2000,"size_test (card_database_v3.2.6_all, k=4-100); k=61 == Figure 1"
CARD k-mers,85,chromosome,7314,chr + plasmid,2356,32.2122,31.1868,33.2516,3028,77.8071,76.3497,79.2778,0,2000,"size_test (card_database_v3.2.6_all, k=4-100); k=61 == Figure 1"
CARD k-mers,85,chromosome,7314,unclassified,192,2.6251,2.2833,3.0079,218,88.0734,83.5817,92.4444,0,2000,"size_test (card_database_v3.2.6_all, k=4-100); k=61 == Figure 1"
CARD k-mers,85,chromosome,7314,rejected,18,0.2461,0.1367,0.3558,24,75.0,55.0,92.8571,0,2000,"size_test (card_database_v3.2.6_all, k=4-100); k=61 == Figure 1"
CARD k-mers,85,plasmid,893,chromosome,17,1.9037,1.0078,2.7996,4751,0.3578,0.1895,0.5318,0,2000,"size_test (card_database_v3.2.6_all, k=4-100); k=61 == Figure 1"
CARD k-mers,85,plasmid,893,plasmid,172,19.2609,16.7973,21.8365,186,92.4731,88.636,96.1331,1,2000,"size_test (card_database_v3.2.6_all, k=4-100); k=61 == Figure 1"
CARD k-mers,85,plasmid,893,chr + plasmid,672,75.252,72.5644,78.1635,3028,22.1929,20.7222,23.6503,0,2000,"size_test (card_database_v3.2.6_all, k=4-100); k=61 == Figure 1"
CARD k-mers,85,plasmid,893,unclassified,26,2.9115,1.7917,4.0314,218,11.9266,7.5556,16.4183,0,2000,"size_test (card_database_v3.2.6_all, k=4-100); k=61 == Figure 1"
CARD k-mers,85,plasmid,893,rejected,6,0.6719,0.224,1.2318,24,25.0,7.1429,45.0,0,2000,"size_test (card_database_v3.2.6_all, k=4-100); k=61 == Figure 1"
CARD k-mers,86,chromosome,7314,chromosome,4732,64.6978,63.59,65.7506,4749,99.642,99.4684,99.8103,1,2000,"size_test (card_database_v3.2.6_all, k=4-100); k=61 == Figure 1"
CARD k-mers,86,chromosome,7314,plasmid,14,0.1914,0.0957,0.3008,188,7.4468,3.8251,11.2994,0,2000,"size_test (card_database_v3.2.6_all, k=4-100); k=61 == Figure 1"
CARD k-mers,86,chromosome,7314,chr + plasmid,2354,32.1849,31.1728,33.2376,3024,77.8439,76.4048,79.2788,0,2000,"size_test (card_database_v3.2.6_all, k=4-100); k=61 == Figure 1"
CARD k-mers,86,chromosome,7314,unclassified,197,2.6935,2.3517,3.063,223,88.3408,83.9283,92.6091,0,2000,"size_test (card_database_v3.2.6_all, k=4-100); k=61 == Figure 1"
CARD k-mers,86,chromosome,7314,rejected,17,0.2324,0.1367,0.3418,23,73.913,52.9412,92.3077,0,2000,"size_test (card_database_v3.2.6_all, k=4-100); k=61 == Figure 1"
CARD k-mers,86,plasmid,893,chromosome,17,1.9037,1.0078,2.7996,4749,0.358,0.1897,0.5316,0,2000,"size_test (card_database_v3.2.6_all, k=4-100); k=61 == Figure 1"
CARD k-mers,86,plasmid,893,plasmid,174,19.4849,17.0185,22.0605,188,92.5532,88.7006,96.1749,1,2000,"size_test (card_database_v3.2.6_all, k=4-100); k=61 == Figure 1"
CARD k-mers,86,plasmid,893,chr + plasmid,670,75.028,72.3404,77.9395,3024,22.1561,20.7212,23.5952,0,2000,"size_test (card_database_v3.2.6_all, k=4-100); k=61 == Figure 1"
CARD k-mers,86,plasmid,893,unclassified,26,2.9115,1.7917,4.0314,223,11.6592,7.3909,16.0717,0,2000,"size_test (card_database_v3.2.6_all, k=4-100); k=61 == Figure 1"
CARD k-mers,86,plasmid,893,rejected,6,0.6719,0.224,1.2318,23,26.087,7.6923,47.0588,0,2000,"size_test (card_database_v3.2.6_all, k=4-100); k=61 == Figure 1"
CARD k-mers,87,chromosome,7314,chromosome,4769,65.2037,64.0956,66.2565,4786,99.6448,99.4728,99.8115,1,2000,"size_test (card_database_v3.2.6_all, k=4-100); k=61 == Figure 1"
CARD k-mers,87,chromosome,7314,plasmid,14,0.1914,0.0957,0.3008,188,7.4468,3.8251,11.2994,0,2000,"size_test (card_database_v3.2.6_all, k=4-100); k=61 == Figure 1"
CARD k-mers,87,chromosome,7314,chr + plasmid,2309,31.5696,30.5442,32.595,2979,77.5092,76.0534,78.9925,0,2000,"size_test (card_database_v3.2.6_all, k=4-100); k=61 == Figure 1"
CARD k-mers,87,chromosome,7314,unclassified,207,2.8302,2.4884,3.213,235,88.0851,83.8094,92.202,0,2000,"size_test (card_database_v3.2.6_all, k=4-100); k=61 == Figure 1"
CARD k-mers,87,chromosome,7314,rejected,15,0.2051,0.1094,0.3145,19,78.9474,57.1429,95.4545,0,2000,"size_test (card_database_v3.2.6_all, k=4-100); k=61 == Figure 1"
CARD k-mers,87,plasmid,893,chromosome,17,1.9037,1.0078,2.7996,4786,0.3552,0.1885,0.5272,0,2000,"size_test (card_database_v3.2.6_all, k=4-100); k=61 == Figure 1"
CARD k-mers,87,plasmid,893,plasmid,174,19.4849,17.0185,22.0605,188,92.5532,88.7006,96.1749,1,2000,"size_test (card_database_v3.2.6_all, k=4-100); k=61 == Figure 1"
CARD k-mers,87,plasmid,893,chr + plasmid,670,75.028,72.3404,77.9395,2979,22.4908,21.0075,23.9466,0,2000,"size_test (card_database_v3.2.6_all, k=4-100); k=61 == Figure 1"
CARD k-mers,87,plasmid,893,unclassified,28,3.1355,2.0157,4.3673,235,11.9149,7.798,16.1906,0,2000,"size_test (card_database_v3.2.6_all, k=4-100); k=61 == Figure 1"
CARD k-mers,87,plasmid,893,rejected,4,0.4479,0.112,0.8959,19,21.0526,4.5455,42.8571,0,2000,"size_test (card_database_v3.2.6_all, k=4-100); k=61 == Figure 1"
CARD k-mers,88,chromosome,7314,chromosome,4767,65.1764,64.0552,66.2291,4784,99.6446,99.4726,99.8115,1,2000,"size_test (card_database_v3.2.6_all, k=4-100); k=61 == Figure 1"
CARD k-mers,88,chromosome,7314,plasmid,14,0.1914,0.0957,0.3008,188,7.4468,3.8251,11.2994,0,2000,"size_test (card_database_v3.2.6_all, k=4-100); k=61 == Figure 1"
CARD k-mers,88,chromosome,7314,chr + plasmid,2307,31.5422,30.5168,32.5677,2977,77.4941,76.0293,78.9807,0,2000,"size_test (card_database_v3.2.6_all, k=4-100); k=61 == Figure 1"
CARD k-mers,88,chromosome,7314,unclassified,210,2.8712,2.5294,3.254,238,88.2353,84.0178,92.3077,0,2000,"size_test (card_database_v3.2.6_all, k=4-100); k=61 == Figure 1"
CARD k-mers,88,chromosome,7314,rejected,16,0.2188,0.1231,0.3281,20,80.0,58.8235,95.4545,0,2000,"size_test (card_database_v3.2.6_all, k=4-100); k=61 == Figure 1"
CARD k-mers,88,plasmid,893,chromosome,17,1.9037,1.0078,2.7996,4784,0.3554,0.1885,0.5274,0,2000,"size_test (card_database_v3.2.6_all, k=4-100); k=61 == Figure 1"
CARD k-mers,88,plasmid,893,plasmid,174,19.4849,17.0185,22.0605,188,92.5532,88.7006,96.1749,1,2000,"size_test (card_database_v3.2.6_all, k=4-100); k=61 == Figure 1"
CARD k-mers,88,plasmid,893,chr + plasmid,670,75.028,72.3404,77.9395,2977,22.5059,21.0193,23.9707,0,2000,"size_test (card_database_v3.2.6_all, k=4-100); k=61 == Figure 1"
CARD k-mers,88,plasmid,893,unclassified,28,3.1355,2.0157,4.3673,238,11.7647,7.6923,15.9822,0,2000,"size_test (card_database_v3.2.6_all, k=4-100); k=61 == Figure 1"
CARD k-mers,88,plasmid,893,rejected,4,0.4479,0.112,0.8959,20,20.0,4.5455,41.1765,0,2000,"size_test (card_database_v3.2.6_all, k=4-100); k=61 == Figure 1"
CARD k-mers,89,chromosome,7314,chromosome,4765,65.149,64.0279,66.2018,4782,99.6445,99.4722,99.8115,1,2000,"size_test (card_database_v3.2.6_all, k=4-100); k=61 == Figure 1"
CARD k-mers,89,chromosome,7314,plasmid,14,0.1914,0.0957,0.3008,188,7.4468,3.8251,11.2994,0,2000,"size_test (card_database_v3.2.6_all, k=4-100); k=61 == Figure 1"
CARD k-mers,89,chromosome,7314,chr + plasmid,2305,31.5149,30.4895,32.527,2974,77.505,76.0364,78.9771,0,2000,"size_test (card_database_v3.2.6_all, k=4-100); k=61 == Figure 1"
CARD k-mers,89,chromosome,7314,unclassified,213,2.9122,2.5567,3.3087,242,88.0165,83.7733,92.1816,0,2000,"size_test (card_database_v3.2.6_all, k=4-100); k=61 == Figure 1"
CARD k-mers,89,chromosome,7314,rejected,17,0.2324,0.1367,0.3418,21,80.9524,61.9048,96.0,0,2000,"size_test (card_database_v3.2.6_all, k=4-100); k=61 == Figure 1"
CARD k-mers,89,plasmid,893,chromosome,17,1.9037,1.0078,2.7996,4782,0.3555,0.1885,0.5278,0,2000,"size_test (card_database_v3.2.6_all, k=4-100); k=61 == Figure 1"
CARD k-mers,89,plasmid,893,plasmid,174,19.4849,17.0185,22.0605,188,92.5532,88.7006,96.1749,1,2000,"size_test (card_database_v3.2.6_all, k=4-100); k=61 == Figure 1"
CARD k-mers,89,plasmid,893,chr + plasmid,669,74.916,72.2284,77.8275,2974,22.495,21.0229,23.9636,0,2000,"size_test (card_database_v3.2.6_all, k=4-100); k=61 == Figure 1"
CARD k-mers,89,plasmid,893,unclassified,29,3.2475,2.1277,4.4793,242,11.9835,7.8184,16.2267,0,2000,"size_test (card_database_v3.2.6_all, k=4-100); k=61 == Figure 1"
CARD k-mers,89,plasmid,893,rejected,4,0.4479,0.112,0.8959,21,19.0476,4.0,38.0952,0,2000,"size_test (card_database_v3.2.6_all, k=4-100); k=61 == Figure 1"
CARD k-mers,90,chromosome,7314,chromosome,4770,65.2174,64.0826,66.2705,4787,99.6449,99.4728,99.8118,1,2000,"size_test (card_database_v3.2.6_all, k=4-100); k=61 == Figure 1"
CARD k-mers,90,chromosome,7314,plasmid,14,0.1914,0.0957,0.3008,191,7.3298,3.7634,11.1628,0,2000,"size_test (card_database_v3.2.6_all, k=4-100); k=61 == Figure 1"
CARD k-mers,90,chromosome,7314,chr + plasmid,2295,31.3782,30.3391,32.4036,2961,77.5076,76.0363,78.9703,0,2000,"size_test (card_database_v3.2.6_all, k=4-100); k=61 == Figure 1"
CARD k-mers,90,chromosome,7314,unclassified,217,2.9669,2.6251,3.3634,247,87.8543,83.539,91.9234,0,2000,"size_test (card_database_v3.2.6_all, k=4-100); k=61 == Figure 1"
CARD k-mers,90,chromosome,7314,rejected,18,0.2461,0.1501,0.3555,21,85.7143,68.4211,100.0,0,2000,"size_test (card_database_v3.2.6_all, k=4-100); k=61 == Figure 1"
CARD k-mers,90,plasmid,893,chromosome,17,1.9037,1.0078,2.7996,4787,0.3551,0.1882,0.5272,0,2000,"size_test (card_database_v3.2.6_all, k=4-100); k=61 == Figure 1"
CARD k-mers,90,plasmid,893,plasmid,177,19.8208,17.3572,22.3964,191,92.6702,88.8372,96.2366,1,2000,"size_test (card_database_v3.2.6_all, k=4-100); k=61 == Figure 1"
CARD k-mers,90,plasmid,893,chr + plasmid,666,74.5801,71.8925,77.3824,2961,22.4924,21.0297,23.9637,0,2000,"size_test (card_database_v3.2.6_all, k=4-100); k=61 == Figure 1"
CARD k-mers,90,plasmid,893,unclassified,30,3.3595,2.2396,4.5913,247,12.1457,8.0766,16.461,0,2000,"size_test (card_database_v3.2.6_all, k=4-100); k=61 == Figure 1"
CARD k-mers,90,plasmid,893,rejected,3,0.3359,0.0,0.7839,21,14.2857,0.0,31.5789,0,2000,"size_test (card_database_v3.2.6_all, k=4-100); k=61 == Figure 1"
CARD k-mers,91,chromosome,7314,chromosome,4772,65.2447,64.1366,66.3112,4789,99.645,99.4731,99.8119,1,2000,"size_test (card_database_v3.2.6_all, k=4-100); k=61 == Figure 1"
CARD k-mers,91,chromosome,7314,plasmid,14,0.1914,0.0957,0.3008,190,7.3684,3.7733,11.1742,0,2000,"size_test (card_database_v3.2.6_all, k=4-100); k=61 == Figure 1"
CARD k-mers,91,chromosome,7314,chr + plasmid,2291,31.3235,30.3117,32.3489,2957,77.4772,76.0219,78.9474,0,2000,"size_test (card_database_v3.2.6_all, k=4-100); k=61 == Figure 1"
CARD k-mers,91,chromosome,7314,unclassified,218,2.9806,2.6251,3.3771,248,87.9032,83.6131,91.9033,0,2000,"size_test (card_database_v3.2.6_all, k=4-100); k=61 == Figure 1"
CARD k-mers,91,chromosome,7314,rejected,19,0.2598,0.1504,0.3828,23,82.6087,65.2174,96.2996,0,2000,"size_test (card_database_v3.2.6_all, k=4-100); k=61 == Figure 1"
CARD k-mers,91,plasmid,893,chromosome,17,1.9037,1.0078,2.7996,4789,0.355,0.1881,0.5269,0,2000,"size_test (card_database_v3.2.6_all, k=4-100); k=61 == Figure 1"
CARD k-mers,91,plasmid,893,plasmid,176,19.7088,17.2452,22.2844,190,92.6316,88.8258,96.2267,1,2000,"size_test (card_database_v3.2.6_all, k=4-100); k=61 == Figure 1"
CARD k-mers,91,plasmid,893,chr + plasmid,666,74.5801,71.8925,77.3824,2957,22.5228,21.0526,23.9781,0,2000,"size_test (card_database_v3.2.6_all, k=4-100); k=61 == Figure 1"
CARD k-mers,91,plasmid,893,unclassified,30,3.3595,2.2396,4.5913,248,12.0968,8.0967,16.3869,0,2000,"size_test (card_database_v3.2.6_all, k=4-100); k=61 == Figure 1"
CARD k-mers,91,plasmid,893,rejected,4,0.4479,0.112,0.8959,23,17.3913,3.7004,34.7826,0,2000,"size_test (card_database_v3.2.6_all, k=4-100); k=61 == Figure 1"
CARD k-mers,92,chromosome,7314,chromosome,4774,65.2721,64.1506,66.3249,4791,99.6452,99.4732,99.8121,1,2000,"size_test (card_database_v3.2.6_all, k=4-100); k=61 == Figure 1"
CARD k-mers,92,chromosome,7314,plasmid,14,0.1914,0.0957,0.3008,189,7.4074,3.7913,11.2301,0,2000,"size_test (card_database_v3.2.6_all, k=4-100); k=61 == Figure 1"
CARD k-mers,92,chromosome,7314,chr + plasmid,2287,31.2688,30.243,32.2942,2952,77.4729,75.996,78.9456,0,2000,"size_test (card_database_v3.2.6_all, k=4-100); k=61 == Figure 1"
CARD k-mers,92,chromosome,7314,unclassified,219,2.9943,2.6388,3.3911,249,87.9518,83.6816,91.9544,0,2000,"size_test (card_database_v3.2.6_all, k=4-100); k=61 == Figure 1"
CARD k-mers,92,chromosome,7314,rejected,20,0.2734,0.1641,0.3965,26,76.9231,58.0603,92.0077,0,2000,"size_test (card_database_v3.2.6_all, k=4-100); k=61 == Figure 1"
CARD k-mers,92,plasmid,893,chromosome,17,1.9037,1.0078,2.7996,4791,0.3548,0.1879,0.5268,0,2000,"size_test (card_database_v3.2.6_all, k=4-100); k=61 == Figure 1"
CARD k-mers,92,plasmid,893,plasmid,175,19.5969,17.1333,22.1725,189,92.5926,88.7699,96.2087,1,2000,"size_test (card_database_v3.2.6_all, k=4-100); k=61 == Figure 1"
CARD k-mers,92,plasmid,893,chr + plasmid,665,74.4681,71.6685,77.2704,2952,22.5271,21.0544,24.004,0,2000,"size_test (card_database_v3.2.6_all, k=4-100); k=61 == Figure 1"
CARD k-mers,92,plasmid,893,unclassified,30,3.3595,2.2396,4.5913,249,12.0482,8.0456,16.3184,0,2000,"size_test (card_database_v3.2.6_all, k=4-100); k=61 == Figure 1"
CARD k-mers,92,plasmid,893,rejected,6,0.6719,0.224,1.2318,26,23.0769,7.9923,41.9397,0,2000,"size_test (card_database_v3.2.6_all, k=4-100); k=61 == Figure 1"
CARD k-mers,93,chromosome,7314,chromosome,4777,65.3131,64.2056,66.3525,4794,99.6454,99.4732,99.8121,1,2000,"size_test (card_database_v3.2.6_all, k=4-100); k=61 == Figure 1"
CARD k-mers,93,chromosome,7314,plasmid,14,0.1914,0.0957,0.3008,189,7.4074,3.7913,11.2301,0,2000,"size_test (card_database_v3.2.6_all, k=4-100); k=61 == Figure 1"
CARD k-mers,93,chromosome,7314,chr + plasmid,2277,31.1321,30.12,32.1712,2942,77.3963,75.9167,78.8893,0,2000,"size_test (card_database_v3.2.6_all, k=4-100); k=61 == Figure 1"
CARD k-mers,93,chromosome,7314,unclassified,229,3.131,2.7618,3.5412,261,87.7395,83.5931,91.6319,0,2000,"size_test (card_database_v3.2.6_all, k=4-100); k=61 == Figure 1"
CARD k-mers,93,chromosome,7314,rejected,17,0.2324,0.1231,0.3418,21,80.9524,61.8956,95.6522,0,2000,"size_test (card_database_v3.2.6_all, k=4-100); k=61 == Figure 1"
CARD k-mers,93,plasmid,893,chromosome,17,1.9037,1.0078,2.7996,4794,0.3546,0.1879,0.5268,0,2000,"size_test (card_database_v3.2.6_all, k=4-100); k=61 == Figure 1"
CARD k-mers,93,plasmid,893,plasmid,175,19.5969,17.1333,22.1725,189,92.5926,88.7699,96.2087,1,2000,"size_test (card_database_v3.2.6_all, k=4-100); k=61 == Figure 1"
CARD k-mers,93,plasmid,893,chr + plasmid,665,74.4681,71.6685,77.2704,2942,22.6037,21.1107,24.0833,0,2000,"size_test (card_database_v3.2.6_all, k=4-100); k=61 == Figure 1"
CARD k-mers,93,plasmid,893,unclassified,32,3.5834,2.4636,4.8152,261,12.2605,8.3681,16.4069,0,2000,"size_test (card_database_v3.2.6_all, k=4-100); k=61 == Figure 1"
CARD k-mers,93,plasmid,893,rejected,4,0.4479,0.112,0.8959,21,19.0476,4.3478,38.1044,0,2000,"size_test (card_database_v3.2.6_all, k=4-100); k=61 == Figure 1"
CARD k-mers,94,chromosome,7314,chromosome,4781,65.3678,64.2603,66.4206,4798,99.6457,99.4737,99.8122,1,2000,"size_test (card_database_v3.2.6_all, k=4-100); k=61 == Figure 1"
CARD k-mers,94,chromosome,7314,plasmid,14,0.1914,0.0957,0.3008,189,7.4074,3.8043,11.236,0,2000,"size_test (card_database_v3.2.6_all, k=4-100); k=61 == Figure 1"
CARD k-mers,94,chromosome,7314,chr + plasmid,2273,31.0774,30.0793,32.1028,2937,77.3919,75.9145,78.8863,0,2000,"size_test (card_database_v3.2.6_all, k=4-100); k=61 == Figure 1"
CARD k-mers,94,chromosome,7314,unclassified,231,3.1583,2.7892,3.5688,264,87.5,83.3908,91.4399,0,2000,"size_test (card_database_v3.2.6_all, k=4-100); k=61 == Figure 1"
CARD k-mers,94,chromosome,7314,rejected,15,0.2051,0.1094,0.3145,19,78.9474,57.8947,95.6522,0,2000,"size_test (card_database_v3.2.6_all, k=4-100); k=61 == Figure 1"
CARD k-mers,94,plasmid,893,chromosome,17,1.9037,1.0078,2.7996,4798,0.3543,0.1878,0.5263,0,2000,"size_test (card_database_v3.2.6_all, k=4-100); k=61 == Figure 1"
CARD k-mers,94,plasmid,893,plasmid,175,19.5969,17.1333,22.1725,189,92.5926,88.764,96.1957,1,2000,"size_test (card_database_v3.2.6_all, k=4-100); k=61 == Figure 1"
CARD k-mers,94,plasmid,893,chr + plasmid,664,74.3561,71.5566,77.2676,2937,22.6081,21.1137,24.0855,0,2000,"size_test (card_database_v3.2.6_all, k=4-100); k=61 == Figure 1"
CARD k-mers,94,plasmid,893,unclassified,33,3.6954,2.4636,5.0392,264,12.5,8.5601,16.6092,0,2000,"size_test (card_database_v3.2.6_all, k=4-100); k=61 == Figure 1"
CARD k-mers,94,plasmid,893,rejected,4,0.4479,0.112,0.8959,19,21.0526,4.3478,42.1053,0,2000,"size_test (card_database_v3.2.6_all, k=4-100); k=61 == Figure 1"
CARD k-mers,95,chromosome,7314,chromosome,4781,65.3678,64.2193,66.4072,4798,99.6457,99.4737,99.8122,1,2000,"size_test (card_database_v3.2.6_all, k=4-100); k=61 == Figure 1"
CARD k-mers,95,chromosome,7314,plasmid,14,0.1914,0.0957,0.3008,189,7.4074,3.8043,11.236,0,2000,"size_test (card_database_v3.2.6_all, k=4-100); k=61 == Figure 1"
CARD k-mers,95,chromosome,7314,chr + plasmid,2269,31.0227,30.0109,32.0618,2933,77.3611,75.8763,78.8585,0,2000,"size_test (card_database_v3.2.6_all, k=4-100); k=61 == Figure 1"
CARD k-mers,95,chromosome,7314,unclassified,233,3.1857,2.8165,3.5958,266,87.594,83.5293,91.4731,0,2000,"size_test (card_database_v3.2.6_all, k=4-100); k=61 == Figure 1"
CARD k-mers,95,chromosome,7314,rejected,17,0.2324,0.1231,0.3418,21,80.9524,62.5,96.1538,0,2000,"size_test (card_database_v3.2.6_all, k=4-100); k=61 == Figure 1"
CARD k-mers,95,plasmid,893,chromosome,17,1.9037,1.0078,2.7996,4798,0.3543,0.1878,0.5263,0,2000,"size_test (card_database_v3.2.6_all, k=4-100); k=61 == Figure 1"
CARD k-mers,95,plasmid,893,plasmid,175,19.5969,17.1333,22.1725,189,92.5926,88.764,96.1957,1,2000,"size_test (card_database_v3.2.6_all, k=4-100); k=61 == Figure 1"
CARD k-mers,95,plasmid,893,chr + plasmid,664,74.3561,71.5566,77.2676,2933,22.6389,21.1415,24.1237,0,2000,"size_test (card_database_v3.2.6_all, k=4-100); k=61 == Figure 1"
CARD k-mers,95,plasmid,893,unclassified,33,3.6954,2.4636,5.0392,266,12.406,8.5269,16.4707,0,2000,"size_test (card_database_v3.2.6_all, k=4-100); k=61 == Figure 1"
CARD k-mers,95,plasmid,893,rejected,4,0.4479,0.112,0.8959,21,19.0476,3.8462,37.5,0,2000,"size_test (card_database_v3.2.6_all, k=4-100); k=61 == Figure 1"
CARD k-mers,96,chromosome,7314,chromosome,4801,65.6412,64.5064,66.6667,4818,99.6472,99.4764,99.813,1,2000,"size_test (card_database_v3.2.6_all, k=4-100); k=61 == Figure 1"
CARD k-mers,96,chromosome,7314,plasmid,14,0.1914,0.0957,0.3008,189,7.4074,3.8043,11.236,0,2000,"size_test (card_database_v3.2.6_all, k=4-100); k=61 == Figure 1"
CARD k-mers,96,chromosome,7314,chr + plasmid,2246,30.7082,29.7238,31.7473,2909,77.2087,75.687,78.6987,0,2000,"size_test (card_database_v3.2.6_all, k=4-100); k=61 == Figure 1"
CARD k-mers,96,chromosome,7314,unclassified,233,3.1857,2.8165,3.6095,266,87.594,83.5293,91.4502,0,2000,"size_test (card_database_v3.2.6_all, k=4-100); k=61 == Figure 1"
CARD k-mers,96,chromosome,7314,rejected,20,0.2734,0.1641,0.3965,25,80.0,61.5385,95.0,0,2000,"size_test (card_database_v3.2.6_all, k=4-100); k=61 == Figure 1"
CARD k-mers,96,plasmid,893,chromosome,17,1.9037,1.0078,2.7996,4818,0.3528,0.187,0.5236,0,2000,"size_test (card_database_v3.2.6_all, k=4-100); k=61 == Figure 1"
CARD k-mers,96,plasmid,893,plasmid,175,19.5969,17.1333,22.1725,189,92.5926,88.764,96.1957,1,2000,"size_test (card_database_v3.2.6_all, k=4-100); k=61 == Figure 1"
CARD k-mers,96,plasmid,893,chr + plasmid,663,74.2441,71.5538,77.0437,2909,22.7913,21.3013,24.313,0,2000,"size_test (card_database_v3.2.6_all, k=4-100); k=61 == Figure 1"
CARD k-mers,96,plasmid,893,unclassified,33,3.6954,2.4636,5.0392,266,12.406,8.5498,16.4707,0,2000,"size_test (card_database_v3.2.6_all, k=4-100); k=61 == Figure 1"
CARD k-mers,96,plasmid,893,rejected,5,0.5599,0.112,1.1198,25,20.0,5.0,38.4615,0,2000,"size_test (card_database_v3.2.6_all, k=4-100); k=61 == Figure 1"
CARD k-mers,97,chromosome,7314,chromosome,4801,65.6412,64.4928,66.6803,4818,99.6472,99.4763,99.8131,1,2000,"size_test (card_database_v3.2.6_all, k=4-100); k=61 == Figure 1"
CARD k-mers,97,chromosome,7314,plasmid,14,0.1914,0.0957,0.3008,189,7.4074,3.8043,11.236,0,2000,"size_test (card_database_v3.2.6_all, k=4-100); k=61 == Figure 1"
CARD k-mers,97,chromosome,7314,chr + plasmid,2243,30.6672,29.6828,31.7063,2906,77.1851,75.6592,78.6624,0,2000,"size_test (card_database_v3.2.6_all, k=4-100); k=61 == Figure 1"
CARD k-mers,97,chromosome,7314,unclassified,234,3.1993,2.8302,3.6232,267,87.6404,83.6419,91.4819,0,2000,"size_test (card_database_v3.2.6_all, k=4-100); k=61 == Figure 1"
CARD k-mers,97,chromosome,7314,rejected,22,0.3008,0.1914,0.4375,27,81.4815,65.0,95.6522,0,2000,"size_test (card_database_v3.2.6_all, k=4-100); k=61 == Figure 1"
CARD k-mers,97,plasmid,893,chromosome,17,1.9037,1.0078,2.7996,4818,0.3528,0.1869,0.5237,0,2000,"size_test (card_database_v3.2.6_all, k=4-100); k=61 == Figure 1"
CARD k-mers,97,plasmid,893,plasmid,175,19.5969,17.1333,22.1725,189,92.5926,88.764,96.1957,1,2000,"size_test (card_database_v3.2.6_all, k=4-100); k=61 == Figure 1"
CARD k-mers,97,plasmid,893,chr + plasmid,663,74.2441,71.5538,77.0437,2906,22.8149,21.3376,24.3408,0,2000,"size_test (card_database_v3.2.6_all, k=4-100); k=61 == Figure 1"
CARD k-mers,97,plasmid,893,unclassified,33,3.6954,2.4636,5.0392,267,12.3596,8.5181,16.3581,0,2000,"size_test (card_database_v3.2.6_all, k=4-100); k=61 == Figure 1"
CARD k-mers,97,plasmid,893,rejected,5,0.5599,0.112,1.1198,27,18.5185,4.3478,35.0,0,2000,"size_test (card_database_v3.2.6_all, k=4-100); k=61 == Figure 1"
CARD k-mers,98,chromosome,7314,chromosome,4802,65.6549,64.5064,66.6807,4819,99.6472,99.4765,99.8131,1,2000,"size_test (card_database_v3.2.6_all, k=4-100); k=61 == Figure 1"
CARD k-mers,98,chromosome,7314,plasmid,14,0.1914,0.0957,0.3008,188,7.4468,3.8246,11.3,0,2000,"size_test (card_database_v3.2.6_all, k=4-100); k=61 == Figure 1"
CARD k-mers,98,chromosome,7314,chr + plasmid,2240,30.6262,29.6555,31.679,2903,77.1616,75.6438,78.6514,0,2000,"size_test (card_database_v3.2.6_all, k=4-100); k=61 == Figure 1"
CARD k-mers,98,chromosome,7314,unclassified,235,3.213,2.8439,3.6369,269,87.3606,83.3333,91.2707,0,2000,"size_test (card_database_v3.2.6_all, k=4-100); k=61 == Figure 1"
CARD k-mers,98,chromosome,7314,rejected,23,0.3145,0.2051,0.4375,28,82.1429,65.7895,95.8333,0,2000,"size_test (card_database_v3.2.6_all, k=4-100); k=61 == Figure 1"
CARD k-mers,98,plasmid,893,chromosome,17,1.9037,1.0078,2.7996,4819,0.3528,0.1869,0.5235,0,2000,"size_test (card_database_v3.2.6_all, k=4-100); k=61 == Figure 1"
CARD k-mers,98,plasmid,893,plasmid,174,19.4849,17.1333,22.0633,188,92.5532,88.7,96.1754,1,2000,"size_test (card_database_v3.2.6_all, k=4-100); k=61 == Figure 1"
CARD k-mers,98,plasmid,893,chr + plasmid,663,74.2441,71.5538,77.0437,2903,22.8384,21.3486,24.3562,0,2000,"size_test (card_database_v3.2.6_all, k=4-100); k=61 == Figure 1"
CARD k-mers,98,plasmid,893,unclassified,34,3.8074,2.5756,5.1512,269,12.6394,8.7293,16.6667,0,2000,"size_test (card_database_v3.2.6_all, k=4-100); k=61 == Figure 1"
CARD k-mers,98,plasmid,893,rejected,5,0.5599,0.112,1.1198,28,17.8571,4.1667,34.2105,0,2000,"size_test (card_database_v3.2.6_all, k=4-100); k=61 == Figure 1"
CARD k-mers,99,chromosome,7314,chromosome,4812,65.7916,64.6565,66.8311,4830,99.6273,99.4567,99.793,1,2000,"size_test (card_database_v3.2.6_all, k=4-100); k=61 == Figure 1"
CARD k-mers,99,chromosome,7314,plasmid,14,0.1914,0.0957,0.3008,189,7.4074,3.7838,11.2309,0,2000,"size_test (card_database_v3.2.6_all, k=4-100); k=61 == Figure 1"
CARD k-mers,99,chromosome,7314,chr + plasmid,2224,30.4074,29.4227,31.4602,2885,77.0884,75.607,78.6022,0,2000,"size_test (card_database_v3.2.6_all, k=4-100); k=61 == Figure 1"
CARD k-mers,99,chromosome,7314,unclassified,244,3.3361,2.9669,3.7736,279,87.4552,83.3977,91.2409,0,2000,"size_test (card_database_v3.2.6_all, k=4-100); k=61 == Figure 1"
CARD k-mers,99,chromosome,7314,rejected,20,0.2734,0.1641,0.3965,24,83.3333,66.6667,96.1574,0,2000,"size_test (card_database_v3.2.6_all, k=4-100); k=61 == Figure 1"
CARD k-mers,99,plasmid,893,chromosome,18,2.0157,1.1198,2.9115,4830,0.3727,0.207,0.5433,0,2000,"size_test (card_database_v3.2.6_all, k=4-100); k=61 == Figure 1"
CARD k-mers,99,plasmid,893,plasmid,175,19.5969,17.2424,22.2844,189,92.5926,88.7691,96.2162,1,2000,"size_test (card_database_v3.2.6_all, k=4-100); k=61 == Figure 1"
CARD k-mers,99,plasmid,893,chr + plasmid,661,74.0202,71.3326,76.9317,2885,22.9116,21.3978,24.393,0,2000,"size_test (card_database_v3.2.6_all, k=4-100); k=61 == Figure 1"
CARD k-mers,99,plasmid,893,unclassified,35,3.9194,2.6876,5.2632,279,12.5448,8.7591,16.6023,0,2000,"size_test (card_database_v3.2.6_all, k=4-100); k=61 == Figure 1"
CARD k-mers,99,plasmid,893,rejected,4,0.4479,0.112,0.8959,24,16.6667,3.8426,33.3333,0,2000,"size_test (card_database_v3.2.6_all, k=4-100); k=61 == Figure 1"
CARD k-mers,100,chromosome,7314,chromosome,4811,65.778,64.6428,66.8171,4829,99.6273,99.4564,99.7931,1,2000,"size_test (card_database_v3.2.6_all, k=4-100); k=61 == Figure 1"
CARD k-mers,100,chromosome,7314,plasmid,14,0.1914,0.0957,0.3008,191,7.3298,3.7379,11.165,0,2000,"size_test (card_database_v3.2.6_all, k=4-100); k=61 == Figure 1"
CARD k-mers,100,chromosome,7314,chr + plasmid,2223,30.3938,29.4094,31.4465,2882,77.1339,75.6632,78.6584,0,2000,"size_test (card_database_v3.2.6_all, k=4-100); k=61 == Figure 1"
CARD k-mers,100,chromosome,7314,unclassified,247,3.3771,2.9943,3.8146,283,87.2792,83.2751,91.198,0,2000,"size_test (card_database_v3.2.6_all, k=4-100); k=61 == Figure 1"
CARD k-mers,100,chromosome,7314,rejected,19,0.2598,0.1504,0.3828,22,86.3636,70.0,100.0,0,2000,"size_test (card_database_v3.2.6_all, k=4-100); k=61 == Figure 1"
CARD k-mers,100,plasmid,893,chromosome,18,2.0157,1.1198,2.9115,4829,0.3727,0.2069,0.5436,0,2000,"size_test (card_database_v3.2.6_all, k=4-100); k=61 == Figure 1"
CARD k-mers,100,plasmid,893,plasmid,177,19.8208,17.4692,22.5084,191,92.6702,88.835,96.2621,1,2000,"size_test (card_database_v3.2.6_all, k=4-100); k=61 == Figure 1"
CARD k-mers,100,plasmid,893,chr + plasmid,659,73.7962,70.9966,76.5985,2882,22.8661,21.3416,24.3368,0,2000,"size_test (card_database_v3.2.6_all, k=4-100); k=61 == Figure 1"
CARD k-mers,100,plasmid,893,unclassified,36,4.0314,2.7996,5.3751,283,12.7208,8.802,16.7249,0,2000,"size_test (card_database_v3.2.6_all, k=4-100); k=61 == Figure 1"
CARD k-mers,100,plasmid,893,rejected,3,0.3359,0.0,0.7839,22,13.6364,0.0,30.0,0,2000,"size_test (card_database_v3.2.6_all, k=4-100); k=61 == Figure 1"
