card_short_term,species,count,umap_x,umap_y,umap_z,newcount
Ecol_EFTu_PLV,Escherichia coli,1443,5.2442174,0.96467,9.597323,1443
evgS,Escherichia coli,452,5.240678,0.9641886,9.611346,452
Ecol_EFTu_PLV,Klebsiella pneumoniae,304,6.541273,5.381626,2.9434345,304
mdtB,Escherichia coli,298,5.269987,0.98290193,9.631555,298
AcrF,Escherichia coli,277,2.5741007,-1.1660461,9.840415,277
mdtF,Escherichia coli,248,2.4503584,-1.2651745,9.763406,248
Ecol_AcrR_MULT,Escherichia coli,247,2.4611623,-1.1819453,9.766821,247
emrY,Escherichia coli,224,2.1617799,-1.1486315,9.535742,224
tet(A),Escherichia coli,199,2.4312916,-1.2197814,9.744367,199
Ecol_EFTu_PLV,Enterobacter hormaechei,199,0.57353073,3.8237462,3.4796576,199
mdtP,Escherichia coli,197,2.067909,-1.0650287,9.46341,197
acrB,Escherichia coli,193,2.4357934,-1.1692365,9.7921505,193
mdtA,Escherichia coli,171,2.2225654,-1.0589004,9.57076,171
mdtC,Escherichia coli,164,2.2931225,-1.1119171,9.656783,164
AcrE,Escherichia coli,161,2.345407,-1.0990382,9.703584,161
acrD,Escherichia coli,160,2.088408,-1.0620968,9.475783,160
gadX,Escherichia coli,158,2.1991465,-1.1101546,9.550298,158
PC1_blaZ,Staphylococcus aureus,158,11.454316,2.4228663,-6.5320005,158
Ecol_EFTu_PLV,Salmonella enterica,157,7.151949,14.274495,12.117278,157
AcrS,Escherichia coli,156,2.1741734,-1.1559691,9.566317,156
PmrF,Escherichia coli,136,1.9176086,-1.1489271,9.488166,136
sul2,Escherichia coli,136,1.9195129,-1.0327634,9.359931,136
APH(6)-Id,Escherichia coli,136,2.115911,-1.0756733,9.50657,136
APH(3'')-Ib,Escherichia coli,134,2.400792,-1.2425991,9.763132,134
mdtG,Escherichia coli,130,1.8907006,-0.9320185,9.29054,130
Ecol_acrA,Escherichia coli,123,1.8419838,-0.9379222,9.245884,123
emrK,Escherichia coli,121,2.0074375,-1.1585112,9.480163,121
sul1,Escherichia coli,116,1.8777169,-1.0639068,9.414973,116
ErmC,Staphylococcus aureus,115,11.46126,2.392473,-6.513109,115
mdtE,Escherichia coli,111,1.8434793,-1.0069852,9.310056,111
emrA,Escherichia coli,110,1.6374213,-0.9110716,9.098821,110
AAC6_Ie_APH2_Ia,Enterococcus faecium,108,-8.855465,7.2739625,2.1611242,108
baeS,Escherichia coli,106,1.5130824,-0.746364,8.912942,106
bacA,Escherichia coli,106,2.0056174,-0.97492665,9.386837,106
evgA,Escherichia coli,106,1.5301422,-0.5295235,8.790146,106
emrB,Escherichia coli,104,2.0505147,-0.95180434,9.320365,104
tet(M),Enterococcus faecium,100,-8.861519,7.2825933,2.1659596,100
Ecol_mdfA,Escherichia coli,98,1.9820359,-0.797977,9.167139,98
H-NS,Escherichia coli,93,2.4628568,-0.70525634,9.335795,93
mdtH,Escherichia coli,93,1.8609027,-0.7691938,9.182281,93
YojI,Escherichia coli,90,1.9548283,-0.9446001,9.363106,90
tet(K),Staphylococcus aureus,90,11.451334,2.4123766,-6.5402255,90
baeR,Escherichia coli,81,1.8775389,-0.7910486,9.199633,81
mdtN,Escherichia coli,80,1.6966963,-0.7445914,9.083816,80
mphC,Staphylococcus aureus,78,11.458163,2.45573,-6.602437,78
Ecol_GlpT_FOF,Escherichia coli,77,1.7601306,-0.6885765,9.073675,77
sul1,Klebsiella pneumoniae,77,6.5483103,5.3729296,2.9510593,77
TolC,Escherichia coli,76,1.8758876,-0.8562823,9.244847,76
AAC6_Ie_APH2_Ia,Staphylococcus aureus,76,11.393082,2.425766,-6.6112494,76
eptA,Escherichia coli,75,2.0900018,-0.51638055,8.922037,75
mecA,Staphylococcus aureus,75,11.403415,2.4721558,-6.6365304,75
APH(3')-IIIa,Staphylococcus aureus,72,11.386679,2.5489395,-6.732267,72
Ecol_EFTu_PLV,Klebsiella quasipneumoniae,71,-0.70562595,-3.5652452,4.892725,71
msbA,Escherichia coli,69,1.8922555,-0.6729512,9.137637,69
cpxA,Escherichia coli,68,1.5230908,-0.69402015,9.225808,68
tet(O),Campylobacter coli,68,15.162727,14.065898,0.22823706,68
tet(M),Streptococcus pneumoniae,68,-0.10224356,-4.83912,-1.7872046,68
APH(3')-Ia,Escherichia coli,66,1.9003984,-0.40848908,8.988351,66
mphA,Escherichia coli,65,2.0018933,-0.6060221,9.172083,65
mdtM,Escherichia coli,65,1.8068795,-0.55053926,8.942558,65
marA,Escherichia coli,63,1.6627663,-0.6240137,9.410301,63
tet(B),Escherichia coli,63,2.0387876,-0.5141979,9.070231,63
APH(3')-Ia,Vibrio parahaemolyticus,62,5.703303,3.1215127,17.251059,62
sul1,Acinetobacter baumannii,61,2.279452,-0.5549281,-2.3843548,61
ANT(9)-Ia,Staphylococcus aureus,61,11.429769,2.478188,-6.634575,61
msrA,Staphylococcus aureus,60,11.352176,2.3375473,-6.4966073,60
ErmB,Streptococcus suis,58,9.320867,17.500605,8.484008,58
emrR,Escherichia coli,53,1.8723589,-0.60859805,9.2038555,53
floR,Escherichia coli,53,1.9015945,-0.5560057,9.068242,53
dfrA17,Escherichia coli,53,2.4317336,-0.5907184,9.443835,53
ErmA,Staphylococcus aureus,53,11.375946,2.427895,-6.6268477,53
CRP,Escherichia coli,52,1.9452469,-0.2410181,8.80095,52
mecR1,Staphylococcus aureus,52,11.340226,2.399252,-6.627064,52
Ecol_EFTu_PLV,Citrobacter freundii,51,13.749326,0.048726052,12.529075,51
mdtO,Escherichia coli,50,2.1155343,-0.23667026,8.978918,50
oqxB,Escherichia coli,49,2.13547,-0.37465885,9.015712,49
tet(A),Klebsiella pneumoniae,49,6.541166,5.377702,2.954821,49
aadA2,Escherichia coli,48,2.0811024,-0.3265689,9.025753,48
aadA5,Escherichia coli,48,2.0181758,-0.13484521,8.896882,48
oqxA,Klebsiella pneumoniae,48,4.1142497,8.433302,5.34252,48
Hinf_PBP3_BLA,Escherichia coli,47,2.277243,-0.25595185,9.040016,47
tet(O),Campylobacter jejuni,47,-7.1144238,-5.7953544,3.8597174,47
APH(3'')-Ib,Klebsiella pneumoniae,46,4.063828,8.551976,5.3506866,46
ANT(3'')-IIa,Escherichia coli,45,1.7986003,-0.15929796,8.735666,45
Ecol_soxR_MULT,Escherichia coli,45,2.387859,-0.08824488,9.021504,45
EC-15,Escherichia coli,45,1.9541537,0.0031358963,8.718329,45
oqxB,Klebsiella pneumoniae,44,3.8245258,8.848473,5.515858,44
EC-13,Escherichia coli,43,2.2745328,-0.14089163,8.872122,43
SAT-4,Staphylococcus aureus,43,11.362579,2.362852,-6.5934653,43
Ecol_emrE,Escherichia coli,42,2.1704283,-0.2213088,9.120908,42
Kpne_KpnE,Escherichia coli,42,2.093977,-0.31448984,9.11868,42
Ecol_EFTu_PLV,Enterobacter asburiae,42,-2.2804399,12.453462,17.698345,42
ANT(4')-Ib,Staphylococcus aureus,42,11.360874,2.4085102,-6.6043577,42
Mtub_23S_CAP,Mycobacterium tuberculosis,40,5.1220517,17.289598,12.684774,40
msrE,Acinetobacter baumannii,40,2.284255,-0.54400045,-2.3768957,40
sul2,Klebsiella pneumoniae,38,3.839935,8.933955,5.4274335,38
sul1,Pseudomonas aeruginosa,37,1.9569157,10.91488,0.2330584,37
aad(6),Staphylococcus aureus,37,11.320203,2.364823,-6.6260786,37
tetR,Escherichia coli,35,2.2938712,-0.22963369,9.061206,35
APH(6)-Id,Klebsiella pneumoniae,35,3.6069276,9.321453,5.54002,35
mphA,Klebsiella pneumoniae,35,3.6547916,9.246257,5.521495,35
ErmB,Enterococcus faecalis,35,16.580868,-1.5606846,2.2893517,35
Mavi_23S_CLR,Mycobacterium tuberculosis,34,5.122669,17.288567,12.685784,34
Ecol_EFTu_PLV,Enterobacter roggenkampii,34,-3.232358,16.540043,1.6753083,34
ugd,Escherichia coli,33,2.4027786,-0.14860293,9.182995,33
tet(C),Vibrio parahaemolyticus,33,5.7230134,3.1013885,17.230925,33
catB3,Klebsiella pneumoniae,33,3.9830196,8.769433,5.5634937,33
Saur_mupA_MUP,Staphylococcus aureus,33,11.408859,2.4164124,-6.5778804,33
tet(45),Staphylococcus aureus,33,11.3669405,2.3871553,-6.5814257,33
Ecol_soxS_MULT,Escherichia coli,32,2.4717267,0.01886593,9.23604,32
cmlA5,Escherichia coli,32,2.521815,-0.096096076,9.050431,32
adeF,Klebsiella pneumoniae,32,3.3094044,9.6787,5.4323545,32
APH(3')-Ia,Klebsiella pneumoniae,32,3.5181267,9.464718,5.552509,32
APH(3'')-Ib,Acinetobacter baumannii,32,2.2806509,-0.55311745,-2.4047527,32
tet(M),Escherichia coli,31,2.3440664,-0.17625816,9.030846,31
sul3,Escherichia coli,31,2.6814978,0.039855704,9.017913,31
AAC(3)-IIe,Klebsiella pneumoniae,31,3.5381515,9.481665,5.565805,31
TEM-1,Escherichia coli,30,2.4793973,-0.08924724,8.940326,30
Ecol_MarR_MULT,Escherichia coli,30,2.4806762,-0.06763725,8.933196,30
Ecol_EFTu_PLV,Klebsiella michiganensis,30,-6.0776954,1.2608707,-5.548175,30
tet(O),Streptococcus suis,30,9.334059,17.511436,8.473291,30
tet(Q),Bacteroides fragilis,30,0.060741063,0.48105904,13.512854,30
aadA24,Escherichia coli,29,2.6655924,-0.037256047,9.163423,29
aadA,Escherichia coli,29,2.3421822,-0.15657863,9.046641,29
ANT(3'')-IIa,Klebsiella pneumoniae,29,3.2633662,10.107069,5.6530724,29
APH(3'')-Ib,Salmonella enterica,29,7.1420007,14.279026,12.114801,29
dfrC,Staphylococcus epidermidis,29,5.046363,11.514274,14.828966,29
tet(Q),Phocaeicola vulgatus,28,15.941212,5.1939454,11.425257,28
Ecol_EFTu_PLV,Shigella flexneri,28,7.193258,15.171921,0.015390349,28
ErmB,Enterococcus faecium,28,-8.866403,7.2807784,2.1686409,28
Type_A_NfxB,Pseudomonas aeruginosa,28,1.9423841,10.91138,0.24033664,28
APH(3')-Ia,Acinetobacter baumannii,28,2.172114,-0.8249693,-2.120657,28
Ecol_EFTu_PLV,Enterobacter cloacae,27,12.541801,-2.9096193,-6.088882,27
tet(C),Escherichia coli,27,2.6088803,-0.029253712,9.032401,27
tet(D),Klebsiella pneumoniae,27,3.398624,9.746656,5.630223,27
APH(3')-Ia,Salmonella enterica,27,7.12829,14.265871,12.1174755,27
APH(3')-VIa,Acinetobacter baumannii,27,2.1805093,-0.8346232,-2.1235323,27
APH(6)-Id,Acinetobacter baumannii,27,2.1350977,-0.90092343,-2.1123931,27
BcI,Bacillus cereus,26,1.9469787,-4.9749866,-4.233172,26
OXA-1,Klebsiella pneumoniae,26,2.8576188,10.989502,5.2017965,26
sul2,Salmonella enterica,26,7.278682,14.294506,12.345538,26
tet(M),Enterococcus faecalis,26,16.570126,-1.5517641,2.2829733,26
Kpne_KpnF,Escherichia coli,25,2.512801,-0.12537505,9.094284,25
catB3,Escherichia coli,25,2.7806134,0.111862876,8.949989,25
aadA2,Klebsiella pneumoniae,25,3.232359,10.135758,5.6139927,25
Ecol_EFTu_PLV,Shigella sonnei,25,1.321735,8.79833,13.098534,25
mphE,Acinetobacter baumannii,25,2.1314504,-0.92510664,-2.161937,25
dfrA14,Klebsiella pneumoniae,24,3.4090638,9.957844,5.57143,24
cmeB,Campylobacter jejuni,24,-7.1120067,-5.7983513,3.857286,24
AAC(3)-IIc,Escherichia coli,23,2.8275602,0.1273559,8.966367,23
Ecol_EFTu_PLV,Klebsiella aerogenes,23,2.5677605,8.339584,18.62197,23
PC1_blaZ,Staphylococcus epidermidis,23,5.046416,11.514341,14.828965,23
BcIII,Bacillus cereus,22,1.9426934,-4.970927,-4.2311406,22
tet(Q),Bacteroides thetaiotaomicron,22,18.681484,7.6723866,9.4939785,22
tet(M),Staphylococcus aureus,22,11.394402,2.4127703,-6.584341,22
Saur_LmrS,Staphylococcus aureus,22,11.340989,2.3699932,-6.5701785,22
mgrA,Staphylococcus aureus,22,11.326366,2.3286326,-6.522088,22
catI,Escherichia coli,21,2.6271558,-0.0069002127,9.062705,21
qacEdelta1,Klebsiella pneumoniae,21,3.2191205,10.158348,5.5793595,21
AAC(6')-Ib-cr3,Klebsiella pneumoniae,21,3.006749,10.58587,5.649059,21
tet(A),Salmonella enterica,21,7.272132,14.321369,12.270325,21
rsmA,Escherichia coli,21,2.8359704,0.1347865,9.012652,21
MexF,Pseudomonas aeruginosa,21,1.9530121,10.925778,0.24340394,21
oqxA,Escherichia coli,20,2.818104,0.092776954,9.126207,20
tet(D),Escherichia coli,20,2.9935904,0.19076237,9.012749,20
kdpE,Escherichia coli,20,2.938645,0.11589954,9.119213,20
aadA24,Klebsiella pneumoniae,20,3.1103642,10.23945,5.731126,20
sul1,Salmonella enterica,20,7.361182,14.2481,12.188481,20
Ecol_EFTu_PLV,Enterobacter kobei,20,4.0908012,11.130494,-6.7618666,20
sul2,Acinetobacter baumannii,20,2.1732364,-0.8552392,-2.1837478,20
AAC(3)-Ia,Acinetobacter baumannii,20,2.118073,-0.9262073,-2.1449826,20
AAC(6')-Ib7,Escherichia coli,19,2.8986933,0.07483523,9.265282,19
qacJ,Escherichia coli,19,2.6662467,0.0038472293,8.951758,19
dfrA12,Escherichia coli,19,2.9569306,0.29101354,8.97388,19
msrE,Klebsiella pneumoniae,19,2.932305,10.938347,5.69218,19
dfrA12,Klebsiella pneumoniae,19,3.1015728,10.47018,5.6948915,19
AAC(3)-IIc,Klebsiella pneumoniae,19,3.1305249,10.397965,5.733512,19
tet(A),Shigella sonnei,19,1.3400546,8.831823,13.061702,19
AAC6_Ie_APH2_Ia,Enterococcus faecalis,19,16.56899,-1.550801,2.2764409,19
Ecol_EFTu_PLV,Citrobacter portucalensis,19,12.165953,5.6690717,18.873058,19
pmrA,Streptococcus pneumoniae,19,-0.10228963,-4.8390927,-1.7871377,19
ErmB,Streptococcus pneumoniae,19,-0.102293216,-4.8390784,-1.7871429,19
dfrA14,Escherichia coli,18,2.9041297,-0.008870712,8.977357,18
Ecol_MarR_MULT,Klebsiella pneumoniae,18,3.2415183,10.310722,5.7906356,18
SHV-12,Klebsiella pneumoniae,18,2.9321141,10.945717,5.832044,18
PC1_blaZ,Staphylococcus pseudintermedius,18,-6.271135,11.874156,0.8165866,18
ErmC,Staphylococcus epidermidis,18,5.0348454,11.522423,14.817745,18
ANT(6)-Ia,Streptococcus suis,18,9.326361,17.501514,8.483279,18
ANT(6)-Ia,Enterococcus faecalis,18,16.57112,-1.5456101,2.2759676,18
aadA15,Escherichia coli,17,3.0984812,0.062216174,9.294733,17
qacEdelta1,Escherichia coli,17,2.9874167,0.08570695,9.189881,17
Kpne_KpnH,Escherichia coli,17,3.1090407,0.13738011,9.190281,17
mef(B),Escherichia coli,17,3.306552,0.26896647,9.189098,17
aadA8,Escherichia coli,17,3.3030512,0.20810544,9.239689,17
APH(4)-Ia,Escherichia coli,17,3.2497134,0.28948694,9.529995,17
aadA22,Escherichia coli,17,3.3053133,0.1665486,9.202773,17
SHV-11,Klebsiella pneumoniae,17,2.8841376,11.144464,5.8483763,17
Ecol_EFTu_PLV,Escherichia fergusonii,17,-1.9174976,13.652365,-4.5297136,17
MexC,Pseudomonas aeruginosa,17,2.155681,11.124197,0.2705946,17
qacJ,Staphylococcus aureus,17,11.429915,2.3877003,-6.581541,17
cmeR,Campylobacter jejuni,17,-7.121627,-5.788946,3.8669286,17
dfrA1,Escherichia coli,16,3.2134335,0.06934685,9.349829,16
APH(3')-IIa,Escherichia coli,16,3.417826,0.12973171,9.112636,16
Kpne_KpnG,Klebsiella pneumoniae,16,2.8147104,11.314478,4.7344995,16
BcI,Bacillus thuringiensis,16,11.959144,0.5889778,-8.93479,16
vanY_in_vanA_cl,Enterococcus faecium,16,-8.841521,7.2678647,2.172604,16
tet(W),Bifidobacterium longum,16,-1.3493437,13.950384,2.0813887,16
tet(O/M/O),Campylobacter coli,16,15.163994,14.064305,0.2298464,16
tet(M),Streptococcus agalactiae,16,14.640555,13.614821,11.369657,16
MCR-1.1,Escherichia coli,15,3.2848108,0.21748294,9.426154,15
aadA12,Escherichia coli,15,3.4057713,0.29437336,9.288519,15
adeF,Escherichia coli,15,3.4984496,0.16305894,9.410137,15
armA,Klebsiella pneumoniae,15,2.8374896,11.134398,5.6319337,15
vanH_in_vanA_cl,Enterococcus faecium,15,-8.890621,7.1945257,2.2435884,15
tet(Q),Parabacteroides distasonis,15,-3.0201666,14.083567,12.284007,15
qacA,Staphylococcus epidermidis,15,5.0687222,11.533934,14.849635,15
optrA,Streptococcus suis,15,9.333799,17.512587,8.472148,15
ANT(2'')-Ia,Acinetobacter baumannii,15,2.1219878,-0.9125051,-2.1980865,15
AAC(3)-IId,Escherichia coli,14,3.4503014,0.24674375,9.355325,14
AAC(6')-Ib7,Klebsiella pneumoniae,14,2.9233303,10.977502,5.631268,14
aadA25,Klebsiella pneumoniae,14,2.6273928,12.130047,5.333135,14
ANT(2'')-Ia,Pseudomonas aeruginosa,14,2.1847064,11.12414,0.24454091,14
APH(6)-Id,Pseudomonas aeruginosa,14,2.250693,11.183431,0.23423393,14
AAC(6')-Ib9,Acinetobacter baumannii,14,2.1664891,-0.88103336,-2.1175992,14
mecI,Staphylococcus aureus,14,11.318646,2.3597,-6.569017,14
tet(L),Staphylococcus aureus,14,11.41087,2.4173634,-6.6019845,14
ErmB,Staphylococcus aureus,14,11.425898,2.406595,-6.555988,14
EC-14,Escherichia coli,13,3.3678095,0.22335565,9.2864,13
cmlA1,Escherichia coli,13,3.5515857,0.29406062,9.345409,13
aadA8,Klebsiella pneumoniae,13,2.9084253,11.054344,5.654122,13
SHV-1,Klebsiella pneumoniae,13,2.662768,11.799959,5.3910236,13
AAC(6')-Ib10,Klebsiella pneumoniae,13,2.8255692,11.198157,5.69816,13
aadA16,Klebsiella pneumoniae,13,2.776806,11.325946,5.1472216,13
rmtB,Klebsiella pneumoniae,13,2.765702,11.598918,5.530143,13
BcIII,Bacillus thuringiensis,13,11.959514,0.5882841,-8.935632,13
mecA,Staphylococcus pseudintermedius,13,-6.274691,11.870642,0.82003766,13
APH(3'')-Ib,Shigella sonnei,13,1.3258092,8.834712,13.058367,13
SAT-4,Enterococcus faecium,13,-8.885418,7.308595,2.1322892,13
evgS,Shigella boydii,13,16.727276,3.8782625,8.007799,13
Paer_soxR,Pseudomonas fluorescens,13,-0.57453114,3.8502722,16.148556,13
AAC(6')-Ib9,Pseudomonas aeruginosa,13,2.3089092,11.12246,0.19271502,13
mexM,Pseudomonas aeruginosa,13,2.2377279,11.104066,0.21113348,13
tet(D),Acinetobacter baumannii,13,2.1978967,-0.84061086,-2.1561196,13
tet(B),Acinetobacter baumannii,13,2.1595018,-0.8374362,-2.1055582,13
armA,Acinetobacter baumannii,13,2.1171436,-0.96336657,-2.1560113,13
tet(39),Acinetobacter baumannii,13,2.118559,-0.97263384,-2.1821847,13
AAC(6')-Ib-cr3,Escherichia coli,12,3.414025,0.20819521,9.35178,12
AAC(3)-IV,Escherichia coli,12,3.7117774,0.37530217,9.1367445,12
aadA25,Escherichia coli,12,3.5877287,0.28902057,9.341429,12
aadA8b,Escherichia coli,12,3.8108542,0.37320715,9.235393,12
SAT-2,Escherichia coli,12,3.7588978,0.3873492,9.31411,12
QnrS1,Klebsiella pneumoniae,12,2.7095752,11.663488,5.266451,12
AAC(6')-Ib-cr6,Klebsiella pneumoniae,12,2.8683958,11.335224,5.526138,12
catI,Salmonella enterica,12,7.3639784,14.296491,12.2676,12
floR,Salmonella enterica,12,7.2508836,14.287639,12.266326,12
APH(6)-Id,Shigella sonnei,12,1.3553319,8.755203,13.13865,12
sul2,Shigella sonnei,12,1.3201584,8.801352,13.092637,12
tet(U),Enterococcus faecium,12,-8.842803,7.2660108,2.17409,12
tet(Q),Phocaeicola dorei,12,5.318433,4.8938193,-9.752615,12
AAC6_Ie_APH2_Ia,Staphylococcus epidermidis,12,5.0695844,11.534813,14.850904,12
tet(M),Streptococcus suis,12,9.354734,17.491745,8.492917,12
arlR,Staphylococcus aureus,12,11.309532,2.2735288,-6.4492793,12
qacG,Staphylococcus aureus,12,11.293728,2.297643,-6.5031786,12
qacA,Staphylococcus aureus,12,11.3262,2.2838018,-6.465485,12
adeF,Enterobacter cloacae,12,12.567501,-2.883996,-6.114549,12
OXA-1,Escherichia coli,11,3.6682014,0.2675052,9.440063,11
ANT3Ii_AAC6_IID,Klebsiella pneumoniae,11,3.3110287,11.2612095,5.6911626,11
aadA,Klebsiella pneumoniae,11,2.768069,11.689279,5.5833015,11
TEM-1,Klebsiella pneumoniae,11,2.7736924,11.523589,5.707503,11
aadA15,Klebsiella pneumoniae,11,2.3809676,12.075461,5.847483,11
AAC(6')-Ib9,Klebsiella pneumoniae,11,3.209064,11.642575,4.840505,11
arr-3,Klebsiella pneumoniae,11,2.6495783,12.138312,5.52496,11
OXA-320,Klebsiella pneumoniae,11,2.2954369,12.067961,5.6530576,11
vanX_in_vanM_cl,Klebsiella pneumoniae,11,2.6038632,11.849505,5.828422,11
mdtC,Shigella flexneri,11,7.1690574,15.194894,0.0095771495,11
mdtF,Shigella flexneri,11,7.188911,15.176457,0.0132956235,11
ErmB,Staphylococcus pseudintermedius,11,-6.2662215,11.87922,0.8115772,11
tet(B),Salmonella enterica,11,7.363705,14.267032,12.243023,11
APH(6)-Id,Salmonella enterica,11,7.333512,14.276905,12.241124,11
vanS_in_vanA_cl,Enterococcus faecium,11,-8.790303,7.2327175,2.202539,11
aad(6),Enterococcus faecium,11,-8.898387,7.2834945,2.236674,11
sul1,Enterobacter hormaechei,11,0.56467515,3.8275774,3.4876618,11
adeF,Pseudomonas aeruginosa,11,2.287996,11.103414,0.18464479,11
Abau_AbaQ,Acinetobacter baumannii,11,2.1165519,-1.0165313,-2.343295,11
OXA-23,Acinetobacter baumannii,11,2.1247375,-0.94996107,-2.2016802,11
evgS,Shigella dysenteriae,11,4.688365,-9.873338,9.170615,11
qacE,Escherichia coli,10,3.7882392,0.37721056,9.380083,10
aadA17,Escherichia coli,10,3.645259,0.310643,9.31313,10
Ecol_gyrA_FLO,Escherichia coli,10,3.9188364,0.4483597,9.116644,10
QnrB19,Escherichia coli,10,3.918529,0.5007027,9.087515,10
CTX-M-15,Klebsiella pneumoniae,10,2.6675663,12.31591,5.1466966,10
APH(6)-Id,Shigella flexneri,10,7.213445,15.208341,-0.003165879,10
mecR1,Staphylococcus pseudintermedius,10,-6.2326145,11.912527,0.7781485,10
sul2,Shigella flexneri,10,7.2766623,15.292977,-0.068020925,10
qacJ,Salmonella enterica,10,7.455157,14.263006,12.212923,10
aadA,Salmonella enterica,10,7.4181137,14.255855,12.192245,10
vanA,Enterococcus faecium,10,-8.859678,7.2788033,2.1775215,10
SAT-4,Streptococcus suis,10,9.3394575,17.504957,8.479536,10
mexQ,Pseudomonas aeruginosa,10,2.1874807,11.145141,0.26183665,10
MexS,Pseudomonas aeruginosa,10,2.2746768,11.079097,0.1898468,10
OprN,Pseudomonas aeruginosa,10,2.2438383,11.084453,0.19575036,10
adeB,Acinetobacter baumannii,10,2.134635,-0.93435234,-2.2790582,10
Efae_ACT_CHL,Staphylococcus aureus,10,11.393896,2.4224095,-6.552701,10
cmeA,Campylobacter jejuni,10,-7.1397405,-5.7791657,3.8849914,10
QepA2,Escherichia coli,9,3.7028396,0.4193648,9.698023,10
AAC(6')-Ib-cr6,Escherichia coli,9,3.6516752,0.23223698,9.546544,10
cmlA6,Escherichia coli,9,3.9147253,0.4002228,9.400178,10
ErmF,Phocaeicola vulgatus,9,15.941209,5.1935444,11.4248085,10
floR,Vibrio parahaemolyticus,9,5.7244825,3.0993588,17.229593,10
SHV-129,Klebsiella pneumoniae,9,2.6341097,12.166921,5.3847036,10
baeR,Klebsiella pneumoniae,9,2.6226542,12.2790165,5.4167624,10
qacE,Klebsiella pneumoniae,9,2.5827968,12.588601,5.5035696,10
Erm(42),Klebsiella pneumoniae,9,2.5968308,12.3545,5.292942,10
evgS,Klebsiella pneumoniae,9,2.520646,13.039139,4.862471,10
CRP,Klebsiella pneumoniae,9,2.9515448,11.941813,4.9224224,10
ErmT,Klebsiella pneumoniae,9,2.9536693,12.114785,5.156706,10
floR,Klebsiella pneumoniae,9,2.6514175,12.028554,4.230551,10
acrB,Klebsiella pneumoniae,9,2.2246382,13.030433,5.3149357,10
AAC(3)-IId,Klebsiella pneumoniae,9,2.6181722,12.684895,4.619576,10
AAC6_Ie_APH2_Ia,Staphylococcus pseudintermedius,9,-6.273052,11.87213,0.8185443,10
dfrF,Enterococcus faecium,9,-8.842916,7.2611036,2.1864605,10
MCR-9.1,Enterobacter hormaechei,9,0.5514728,3.8110924,3.483174,10
APH(3'')-Ib,Enterobacter hormaechei,9,0.4303594,3.6434808,3.5273845,10
vgaALC,Staphylococcus haemolyticus,9,10.710271,10.564424,12.780324,10
AAC6_Ie_APH2_Ia,Streptococcus suis,9,9.392445,17.452543,8.532016,10
MexA,Pseudomonas aeruginosa,9,2.232036,11.108184,0.21576051,10
pp-flo,Escherichia coli,9,4.0884085,0.47370884,9.446393,10
tet(M),Streptococcus pyogenes,9,16.984386,-2.6545773,8.2299795,10
OXA-193,Campylobacter jejuni,9,-7.1123486,-5.7951703,3.8575892,10
ErmB,Escherichia coli,8,3.8991597,0.46667975,9.506222,10
Ecol_ampC_BLA,Escherichia coli,8,3.9685967,0.4088946,9.575424,10
gadW,Escherichia coli,8,3.902103,0.48045236,9.702755,10
FosA3,Escherichia coli,8,3.9778934,0.4384134,9.372277,10
cmlA5,Klebsiella pneumoniae,8,2.5300817,11.865984,3.9595838,10
mdtF,Klebsiella pneumoniae,8,2.7424626,12.548893,4.724651,10
Kpne_OmpK37,Klebsiella pneumoniae,8,2.5754669,12.610761,4.8082495,10
aadA8b,Klebsiella pneumoniae,8,2.6682024,12.410691,4.601748,10
tet(C),Klebsiella pneumoniae,8,2.6102695,11.927783,4.422227,10
AAC(6')-Ib',Klebsiella pneumoniae,8,2.656956,12.316474,4.7165823,10
aadA3,Klebsiella pneumoniae,8,2.7341018,12.166577,5.002817,10
pp_cat,Klebsiella pneumoniae,8,2.5589828,12.487006,4.133399,10
LAP-2,Klebsiella pneumoniae,8,2.6250765,12.550616,4.958966,10
SHV-79,Klebsiella pneumoniae,8,2.641717,12.845777,4.605102,10
Ecol_catII,Klebsiella pneumoniae,8,3.0307682,10.044465,3.4827573,10
APH(3'')-Ib,Vibrio cholerae,8,3.514514,-6.0742607,0.8564199,10
Efae_ACT_CHL,Staphylococcus pseudintermedius,8,-6.286081,11.859506,0.8318051,10
APH(3'')-Ib,Shigella flexneri,8,7.192785,15.227271,-0.006055384,10
emrB,Salmonella enterica,8,7.3348646,14.277,12.25764,10
Ecol_EFTu_PLV,Klebsiella oxytoca,8,6.239225,-3.6672196,-1.5290729,10
mdtG,Shigella sonnei,8,1.2991216,8.763351,13.129831,10
mdtB,Shigella sonnei,8,1.2531009,8.782017,13.135646,10
lsaE,Enterococcus faecium,8,-8.868173,7.244667,2.2016635,10
ANT(6)-Ia,Enterococcus faecium,8,-8.849137,7.2677,2.1795325,10
rsmA,Enterobacter hormaechei,8,0.54439473,3.6792855,3.4479065,10
emrY,Shigella boydii,8,16.717678,3.9087448,8.039324,10
AcrF,Shigella boydii,8,16.715895,3.8988085,8.029454,10
tet(K),Staphylococcus epidermidis,8,5.0884557,11.553492,14.869778,10
MuxB,Pseudomonas aeruginosa,8,2.238688,11.027285,0.13838908,10
aadA,Acinetobacter baumannii,8,2.1154635,-0.96944135,-2.1932244,10
AAC(3)-IIe,Escherichia coli,8,4.062401,0.48920837,9.424612,10
tet(O),Streptococcus agalactiae,8,14.63877,13.613039,11.367855,10
arlS,Staphylococcus aureus,8,11.358873,2.3197424,-6.470094,10
QnrD1,Escherichia coli,7,3.8444507,0.4014904,9.473234,10
aadA16,Escherichia coli,7,4.1023064,0.4739947,9.429265,10
qacG,Escherichia coli,7,4.150139,0.4854766,9.407712,10
MCR-9.1,Escherichia coli,7,4.234912,0.38200566,9.531836,10
OXA-320,Escherichia coli,7,4.2316546,0.50039095,9.531005,10
TEM-104,Klebsiella pneumoniae,7,2.662477,12.771476,4.3563285,10
dfrA27,Klebsiella pneumoniae,7,2.5805383,12.427322,4.5883493,10
qacJ,Klebsiella pneumoniae,7,2.690293,11.504599,3.625043,10
mphE,Klebsiella pneumoniae,7,2.7101939,12.486205,4.6310277,10
vanY_in_vanM_cl,Klebsiella pneumoniae,7,2.9080899,11.580501,3.894769,10
mdtP,Klebsiella pneumoniae,7,2.6032922,12.263103,3.7589722,10
tetB(P),Bacillus cereus,7,1.9415283,-4.9769955,-4.237019,10
floR,Vibrio cholerae,7,3.530345,-6.058318,0.87230253,10
AcrF,Shigella flexneri,7,7.236762,15.23481,-0.035660967,10
tetB(P),Bacillus thuringiensis,7,11.976672,0.5713439,-8.952647,10
tet(M),Staphylococcus pseudintermedius,7,-6.267014,11.878247,0.81252867,10
ANT(3'')-IIa,Salmonella enterica,7,7.4054065,14.274431,12.222953,10
FosA2,Enterobacter roggenkampii,7,-3.248631,16.556698,1.6593486,10
Ecol_MarR_MULT,Enterobacter roggenkampii,7,-3.2443886,16.551908,1.6633443,10
Ecol_EFTu_PLV,Escherichia albertii,7,7.941392,-1.197017,1.3585094,10
tet(Q),Bacteroides ovatus,7,6.10029,10.973903,-3.1365948,10
emrY,Shigella sonnei,7,1.2176685,8.8818445,13.014658,10
acrD,Shigella sonnei,7,1.2923121,8.816728,13.078346,10
ugd,Shigella sonnei,7,1.2528446,8.796542,13.143754,10
TolC,Shigella sonnei,7,1.2436562,8.874076,13.021135,10
mdtC,Shigella sonnei,7,1.288033,8.781696,13.113567,10
vanR_in_vanB_cl,Enterococcus faecium,7,-8.849217,7.2676525,2.1797736,10
APH(3')-IIIa,Enterococcus faecium,7,-8.834973,7.2792425,2.1649516,10
ANT(3'')-IIa,Enterobacter hormaechei,7,0.4234919,3.663085,3.548039,10
TEM-1,Enterobacter hormaechei,7,0.38306403,3.6933444,3.561773,10
Ecol_rpoB_RIF,Escherichia coli,7,4.211549,0.5131887,9.531127,10
APH(3')-Ia,Klebsiella michiganensis,7,-6.070323,1.2532798,-5.556004,10
AAC6_Ie_APH2_Ia,Staphylococcus haemolyticus,7,10.710797,10.563879,12.791389,10
MexR,Pseudomonas aeruginosa,7,2.274536,11.063472,0.16947886,10
ANT(3'')-IIa,Pseudomonas aeruginosa,7,2.3263516,11.082205,0.16185173,10
TEM-150,Escherichia coli,7,4.132542,0.47540393,9.446535,10
Abau_AbaF,Acinetobacter baumannii,7,2.0828204,-1.0416827,-2.1811604,10
ANT(3'')-IIa,Acinetobacter baumannii,7,2.108563,-1.0038815,-2.287113,10
aadA15,Acinetobacter baumannii,7,2.1152818,-0.99765396,-2.3099089,10
aad(6),Enterococcus faecalis,7,16.56888,-1.5519756,2.2805607,10
fexA,Staphylococcus aureus,7,11.373706,2.3432827,-6.4957204,10
arr-3,Escherichia coli,7,4.2048507,0.49420044,9.499557,10
tet(X4),Escherichia coli,7,4.343234,0.6967721,9.071818,10
FosA2,Enterobacter cloacae,7,12.572544,-2.8789387,-6.119574,10
dfrA7,Escherichia coli,6,4.2865763,0.39191508,9.092155,10
rmtB,Escherichia coli,6,4.3197145,0.5412853,9.576062,10
QnrS1,Escherichia coli,6,4.092567,0.39455953,9.314194,10
OXA-796,Escherichia coli,6,4.295159,0.53026444,9.436813,10
aadA3,Escherichia coli,6,4.2832956,0.551933,9.535328,10
TEM-116,Escherichia coli,6,4.576378,0.6185126,9.591664,10
BcII,Bacillus cereus,6,1.9408638,-4.9779835,-4.237439,10
tet(A),Vibrio parahaemolyticus,6,5.7547374,3.071193,17.200432,10
FosB,Bacillus cereus,6,1.9406765,-4.9790273,-4.238121,10
sul2,Vibrio parahaemolyticus,6,5.6538496,3.1752126,17.304316,10
QnrB1,Klebsiella pneumoniae,6,2.7635503,11.823986,4.174382,10
OXA-9,Klebsiella pneumoniae,6,2.7057858,11.82477,3.7050211,10
aadA5,Klebsiella pneumoniae,6,2.6583388,11.366723,3.4733772,10
SHV-2A,Klebsiella pneumoniae,6,2.8133266,11.772602,4.254728,10
SHV-50,Klebsiella pneumoniae,6,3.0610256,11.44738,4.074763,10
AcrF,Klebsiella pneumoniae,6,2.8231783,11.622324,3.8406494,10
cpxA,Klebsiella pneumoniae,6,2.6209838,11.719517,3.8170195,10
TolC,Klebsiella pneumoniae,6,3.0635827,11.244678,4.4499183,10
AAC(6')-Ib-cr4,Klebsiella pneumoniae,6,3.2869647,8.979989,3.198568,10
tet(B),Klebsiella pneumoniae,6,2.8751514,11.033416,3.668385,10
emrA,Klebsiella pneumoniae,6,2.9839177,11.195298,3.8754117,10
SHV-183,Klebsiella pneumoniae,6,2.8651984,11.581166,3.9741786,10
AAC(6')-Ib-cr5,Klebsiella pneumoniae,6,2.882067,11.49998,3.6351674,10
OXA-232,Klebsiella pneumoniae,6,2.6732945,10.839477,3.4988668,10
emrB,Klebsiella pneumoniae,6,2.5387714,11.240806,3.5198228,10
APH(4)-Ia,Klebsiella pneumoniae,6,2.86812,11.316283,4.1883917,10
adeF,Pseudomonas stutzeri,6,-3.4761922,9.929291,-4.6044846,10
APH(6)-Id,Vibrio cholerae,6,3.5272992,-6.0614653,0.869216,10
Ecol_mdfA,Shigella flexneri,6,7.132174,15.2748995,-0.082104616,10
mphL,Bacillus thuringiensis,6,11.960749,0.5860624,-8.938524,10
aad(6),Staphylococcus pseudintermedius,6,-6.258227,11.886991,0.8037974,10
tet(K),Staphylococcus pseudintermedius,6,-6.2806516,11.865965,0.8257151,10
APH(3')-IIIa,Staphylococcus pseudintermedius,6,-6.273354,11.8719,0.8187513,10
gadX,Shigella flexneri,6,7.2002945,15.197235,0.0035124735,10
Ecol_EFTu_PLV,Citrobacter werkmanii,6,-8.682877,1.220555,2.3912768,10
tet(C),Salmonella enterica,6,7.3726087,14.277102,12.25767,10
Sent_ramR,Salmonella enterica,6,7.3749585,14.268629,12.171849,10
aadA8b,Salmonella enterica,6,7.372904,14.272334,12.212917,10
tet(W),Faecalibacterium prausnitzii,6,5.2018414,6.0496235,7.12525,10
tet(M),Neisseria gonorrhoeae,6,17.481304,6.284837,5.3514714,10
acrB,Shigella sonnei,6,1.263085,8.880279,13.018931,10
evgS,Shigella sonnei,6,1.20596,8.90849,12.987832,10
catB3,Enterobacter hormaechei,6,0.4296992,3.6187441,3.5193002,10
Cjej_23S_ERY,Campylobacter coli,6,15.198364,14.029017,0.2650286,10
adeF,Achromobacter xylosoxidans,6,7.7754464,4.184299,-5.6061826,10
floR,Proteus mirabilis,6,9.864762,7.9245667,-8.178396,10
msrA,Staphylococcus epidermidis,6,5.026632,11.491532,14.808015,10
FosA,Pseudomonas fluorescens,6,-0.5736677,3.852437,16.146713,10
armA,Klebsiella quasipneumoniae,6,-0.7231069,-3.5444002,4.919234,10
EC-8,Escherichia coli,6,4.2211466,0.55761826,9.205228,10
tet(O/W/32/O),Streptococcus suis,6,9.32274,17.493767,8.490856,10
cmlA9,Pseudomonas aeruginosa,6,2.2372775,11.104262,0.21330474,10
MexI,Pseudomonas aeruginosa,6,2.3249333,11.1076765,0.18002413,10
MexJ,Pseudomonas aeruginosa,6,2.3105137,11.088737,0.16522488,10
Ngon_23S_AZM,Neisseria meningitidis,6,7.243104,-1.1010065,8.443637,10
OXA-366,Acinetobacter baumannii,6,2.1066446,-1.0119158,-2.30038,10
AAC(3)-IIe,Acinetobacter baumannii,6,2.1310775,-0.94624215,-2.2975283,10
optrA,Enterococcus faecalis,6,16.564287,-1.5474267,2.2802305,10
APH(3')-IIIa,Enterococcus faecalis,6,16.626032,-1.6104351,2.2232163,10
SAT-4,Enterococcus faecalis,6,16.551464,-1.5353129,2.2954159,10
cpxA,Citrobacter portucalensis,6,12.170569,5.6741223,18.867926,10
lnuA,Staphylococcus aureus,6,11.352727,2.3504498,-6.559959,10
dfrC,Staphylococcus aureus,6,11.26628,2.2663078,-6.4522185,10
TEM-243,Escherichia coli,6,4.4044647,0.563254,9.46051,10
TEM-12,Escherichia coli,6,4.383932,0.57446885,9.495353,10
tet(O/M/O),Campylobacter jejuni,6,-7.0840306,-5.8232546,3.8292832,10
TEM-9,Escherichia coli,6,4.4514637,0.6464326,9.632238,10
CTX-M-14,Escherichia coli,5,4.506132,0.60264903,9.427446,10
sul1,Enterobacter cloacae,5,12.55906,-2.8926392,-6.1060476,10
dfrA5,Escherichia coli,5,4.5183277,0.619315,9.450618,10
fexA,Escherichia coli,5,4.73175,0.62701917,9.747198,10
qacJ,Bacillus cereus,5,1.9404079,-4.97799,-4.2375684,10
MCR-1.3,Escherichia coli,5,4.53328,0.5581908,9.314696,10
Cdif_23S_MULT,Escherichia coli,5,4.5313706,0.66557413,9.460656,10
mecA,Escherichia coli,5,4.5484915,0.68644,9.348353,10
AAC(6')-Ib10,Escherichia coli,5,4.5446906,0.58053696,9.391691,10
dfrA27,Escherichia coli,5,4.4459677,0.5706337,9.486077,10
Ecol_EFTu_PLV,Enterobacter chengduensis,5,,,,10
mphL,Bacillus cereus,5,1.9406888,-4.9787064,-4.237962,10
APH(6)-Id,Vibrio parahaemolyticus,5,5.662853,3.1645043,17.293676,10
sul1,Vibrio parahaemolyticus,5,5.7098374,3.1159015,17.245419,10
mphA,Vibrio parahaemolyticus,5,5.6992135,3.1291642,17.258617,10
QnrD1,Vibrio parahaemolyticus,5,5.7260637,3.1008985,17.230429,10
adeF,Enterobacter asburiae,5,-2.2939966,12.44264,17.708487,10
SHV-187,Klebsiella pneumoniae,5,2.9839659,11.660188,4.257951,10
mdtB,Klebsiella pneumoniae,5,3.0047293,10.808527,3.8261428,10
cmlA1,Klebsiella pneumoniae,5,2.7528803,10.921927,3.289239,10
mdtE,Klebsiella pneumoniae,5,2.994763,10.101673,3.0881104,10
ErmB,Klebsiella pneumoniae,5,2.9022813,10.723389,3.5983386,10
vanR_in_vanM_cl,Klebsiella pneumoniae,5,3.0776508,10.891244,4.082167,10
AAC(6')-Ib,Klebsiella pneumoniae,5,3.2306142,10.129754,3.6927445,10
acrD,Klebsiella pneumoniae,5,3.3332021,9.994286,3.8825347,10
CTX-M-14,Klebsiella pneumoniae,5,3.0666947,10.551207,3.361967,10
aadA17,Klebsiella pneumoniae,5,3.2575037,10.508434,3.98965,10
BRP(MBL),Klebsiella pneumoniae,5,3.060933,10.6713915,3.809329,10
dfrA17,Klebsiella pneumoniae,5,3.15476,10.495535,3.8924038,10
mdtB,Shigella flexneri,5,7.190798,15.219731,-0.018444136,10
sul1,Vibrio cholerae,5,3.523309,-6.0661464,0.8653736,10
tetR,Shigella flexneri,5,7.169383,15.218462,-0.025546594,10
APH(3'')-Ib,Pasteurella multocida,5,12.461576,16.660051,4.963732,10
sul2,Pasteurella multocida,5,12.456255,16.65368,4.9693975,10
qacJ,Bacillus thuringiensis,5,11.961189,0.5854579,-8.938989,10
tet(M),Streptococcus mitis,5,3.6385293,11.307419,2.9997087,10
CARB-3,Salmonella enterica,5,7.4052987,14.2787075,12.235437,10
tetR,Salmonella enterica,5,7.483297,14.2614355,12.1043005,10
aadA3,Salmonella enterica,5,7.4574785,14.257551,12.105364,10
mphA,Salmonella enterica,5,7.4030094,14.265702,12.14818,10
evgA,Shigella flexneri,5,7.1009874,15.103043,0.088753074,10
AAC(3)-VIa,Salmonella enterica,5,7.380053,14.261287,12.244325,10
tet(M),Streptococcus sanguinis,5,6.2789445,5.223351,8.602638,10
amrA,Burkholderia pseudomallei,5,3.9015293,9.990168,6.8031173,10
aadA,Shigella sonnei,5,1.2728033,8.743596,13.151297,10
cpxA,Shigella sonnei,5,1.2324499,8.811624,13.1179495,10
tet(45),Enterococcus faecium,5,-8.865571,7.218633,2.228239,10
vanX_in_vanA_cl,Enterococcus faecium,5,-8.883773,7.227757,2.219719,10
catI,Enterobacter hormaechei,5,0.4092177,3.6668136,3.541338,10
OXA-1,Enterobacter hormaechei,5,0.2998367,3.7411506,3.6186163,10
qacEdelta1,Enterobacter hormaechei,5,0.46681812,3.6629717,3.5137966,10
adeF,Enterobacter hormaechei,5,0.2671475,3.6767602,3.6371436,10
LAP-2,Enterobacter hormaechei,5,0.48081174,3.6392,3.5027535,10
tet(M),Streptococcus pseudopneumoniae,5,10.620665,7.1462197,8.244592,10
APH(6)-Id,Citrobacter freundii,5,13.731304,0.021442816,12.527903,10
APH(3'')-Ib,Citrobacter freundii,5,13.733423,0.028431518,12.486711,10
Ecol_soxS_MULT,Citrobacter freundii,5,13.793115,0.09520842,12.578129,10
Ecol_UhpT_FOF,Citrobacter freundii,5,13.784735,0.08405971,12.516248,10
Ecol_EFTu_PLV,Shigella boydii,5,16.674347,3.8700159,8.001898,10
eptA,Shigella boydii,5,16.67081,3.9045346,8.034689,10
aadA2,Proteus mirabilis,5,9.8617115,7.9259524,-8.181444,10
qacA,Staphylococcus haemolyticus,5,10.722256,10.55285,12.795253,10
vgaA,Staphylococcus haemolyticus,5,10.708177,10.566482,12.784835,10
qacJ,Staphylococcus epidermidis,5,5.032802,11.497257,14.813288,10
mecA,Staphylococcus epidermidis,5,5.099853,11.561768,14.879112,10
mphC,Staphylococcus epidermidis,5,5.0523,11.516915,14.833093,10
mecR1,Staphylococcus epidermidis,5,5.0533237,11.517478,14.834143,10
mecI,Staphylococcus epidermidis,5,5.0868707,11.549859,14.87184,10
sul1,Klebsiella quasipneumoniae,5,-0.6949429,-3.5750406,4.8744955,10
AAC(6')-Ib7,Pseudomonas aeruginosa,5,2.3821197,10.997538,0.07300977,10
TEM-181,Escherichia coli,5,4.539314,0.6129356,9.441987,10
aadA,Pseudomonas aeruginosa,5,2.358523,11.024398,0.1247954,10
qacG,Pseudomonas aeruginosa,5,2.3615987,11.053346,0.11965041,10
TEM-68,Escherichia coli,5,4.6192007,0.570946,9.396634,10
CMY-132,Escherichia coli,5,4.765418,0.74885404,9.558299,10
tet(C),Enterococcus faecalis,5,16.5699,-1.5530522,2.2816164,10
ErmF,Bacteroides fragilis,5,0.06158745,0.4809785,13.511984,10
Ssui_ACT_CHL,Streptococcus pneumoniae,5,-0.10360806,-4.8403845,-1.7885952,10
mepA,Staphylococcus aureus,5,11.376903,2.355305,-6.5198665,10
linG,Escherichia coli,5,4.584825,0.64857954,9.527218,10
MCR-1.6,Escherichia coli,4,4.612101,0.7046394,9.459708,10
TEM-160,Escherichia coli,4,4.70167,0.6587211,9.457994,10
CMY-136,Escherichia coli,4,4.328111,0.41373205,9.301921,10
AAC(6')-Ib9,Escherichia coli,4,4.533479,0.5528802,9.322611,10
TEM-229,Escherichia coli,4,4.7290144,0.6724533,9.361773,10
QepA1,Escherichia coli,4,4.579359,0.6072041,9.532552,10
AAC(6')-Ib-cr4,Escherichia coli,4,4.677167,0.6828614,9.462005,10
EC-5,Escherichia coli,4,4.6828084,0.5825286,9.104784,10
TEM-216,Escherichia coli,4,4.696863,0.6480968,9.412133,10
TEM-214,Escherichia coli,4,4.6953826,0.77100694,9.200541,10
NDM-5,Escherichia coli,4,4.80737,0.77276677,9.33697,10
pp_cat,Escherichia coli,4,4.779508,0.7284948,9.400166,10
mphB,Escherichia coli,4,4.698287,0.74049556,9.602497,10
CTX-M-27,Escherichia coli,4,4.798807,0.74472463,9.060605,10
catII,Morganella morganii,4,15.701028,12.548191,-1.7604953,10
Ecol_catII,Morganella morganii,4,15.682435,12.529807,-1.7418294,10
adeF,Klebsiella aerogenes,4,2.5697603,8.337583,18.624062,10
dfrA31,Vibrio parahaemolyticus,4,5.744418,3.0830643,17.212603,10
cmlA6,Klebsiella pneumoniae,4,3.2304888,9.8400345,3.4663615,10
SHV-200,Klebsiella pneumoniae,4,3.1220093,10.428807,3.7084641,10
SHV-5,Klebsiella pneumoniae,4,3.137384,10.454291,3.7508795,10
dfrA1,Klebsiella pneumoniae,4,2.9565191,10.402066,3.7273395,10
TEM-237,Klebsiella pneumoniae,4,2.6273794,9.918823,3.2519493,10
mdtC,Klebsiella pneumoniae,4,3.0583744,9.387897,3.0199182,10
catI,Klebsiella pneumoniae,4,3.2458293,10.057474,3.6291442,10
mdtO,Klebsiella pneumoniae,4,3.298909,9.960193,3.6045797,10
QnrD1,Klebsiella pneumoniae,4,3.2449965,9.959297,3.5981948,10
eptA,Klebsiella pneumoniae,4,3.2324982,9.967844,3.5554113,10
AAC(6')-Ib-cr1,Klebsiella pneumoniae,4,3.2290363,9.811497,3.4246376,10
qacG,Klebsiella pneumoniae,4,2.953507,9.137133,2.6482763,10
SCO-1,Klebsiella pneumoniae,4,3.2661674,9.363232,3.1835098,10
MCR-1.33,Klebsiella pneumoniae,4,3.208272,9.686951,3.3164034,10
ugd,Klebsiella pneumoniae,4,3.1694498,9.115375,2.8590045,10
FRI-1,Klebsiella pneumoniae,4,3.4445248,9.676735,3.7460096,10
vanS_in_vanM_cl,Klebsiella pneumoniae,4,2.6927738,10.166377,3.1553564,10
QnrS4,Klebsiella pneumoniae,4,3.2315047,9.293499,2.6635818,10
TEM-216,Klebsiella pneumoniae,4,3.895172,8.901388,3.6400974,10
qacJ,Elizabethkingia anophelis,4,3.5273275,1.0653223,10.981031,10
TEM-206,Klebsiella pneumoniae,4,3.3747942,9.3896265,3.2836576,10
PmrF,Shigella flexneri,4,7.2198095,15.190407,0.015113373,10
ugd,Shigella flexneri,4,7.2152004,15.207053,-0.012233487,10
Ecol_GlpT_FOF,Shigella flexneri,4,7.1812835,15.22467,0.010273862,10
TolC,Shigella flexneri,4,7.194725,15.19798,0.0024381592,10
emrK,Shigella flexneri,4,7.236692,15.231723,0.043332975,10
emrY,Shigella flexneri,4,7.1146936,15.1454,-0.037134275,10
lmrP,Streptococcus dysgalactiae,4,-2.017018,14.596309,0.11848925,10
BcII,Bacillus thuringiensis,4,11.961181,0.58531606,-8.939209,10
FosB,Bacillus thuringiensis,4,11.958639,0.59184766,-8.930014,10
mdtH,Shigella flexneri,4,7.1866045,15.19217,0.0010764458,10
aadA2,Salmonella enterica,4,7.519626,14.2656555,12.251116,10
YojI,Shigella flexneri,4,7.0992875,15.117624,0.054906614,10
qacEdelta1,Salmonella enterica,4,7.421307,14.26256,12.106843,10
emrA,Shigella flexneri,4,7.123779,15.238772,-0.056491762,10
APH(3')-IIa,Salmonella enterica,4,7.4399853,14.2720375,12.04649,10
dfrA14,Salmonella enterica,4,7.499648,14.255542,12.104083,10
mdtP,Shigella flexneri,4,7.112038,15.0945635,0.08565305,10
MCR-9.1,Salmonella enterica,4,7.4296317,14.263172,12.103842,10
acrB,Salmonella enterica,4,7.4088993,14.272038,12.11164,10
AAC(3)-IId,Salmonella enterica,4,7.453044,14.280816,12.057821,10
QnrS2,Aeromonas caviae,4,19.843422,10.566631,8.395663,10
tet(M),Lactobacillus iners,4,,,,10
clbA,Bacillus velezensis,4,5.152972,-9.497319,-0.782675,10
tet(45),Bacillus velezensis,4,5.1528907,-9.497182,-0.78260684,10
Ecol_EFTu_PLV,Cronobacter malonaticus,4,-9.563036,1.6216617,6.970794,10
tet(X4),Riemerella anatipestifer,4,8.606637,-7.860779,12.603539,10
mdtO,Shigella sonnei,4,1.2813551,8.864214,13.032267,10
CTX-M-90,Escherichia coli,4,4.7597275,0.70302117,9.402761,10
AcrF,Shigella sonnei,4,1.2942381,8.821261,13.075665,10
Ecol_ampC_BLA,Shigella sonnei,4,1.2727025,8.829686,13.068223,10
TEM-1,Shigella sonnei,4,1.3048993,8.820924,13.079024,10
optrA,Enterococcus faecium,4,-8.842229,7.2588344,2.1821592,10
tet(L),Enterococcus faecium,4,-8.840703,7.268361,2.1763089,10
dfrG,Enterococcus faecium,4,-8.88895,7.218567,2.2271602,10
ErmT,Enterococcus faecium,4,-8.801194,7.304387,2.1411672,10
OXA-320,Enterobacter hormaechei,4,0.40137598,3.7128263,3.5543325,10
FosA2,Enterobacter hormaechei,4,0.39181906,3.686245,3.5484784,10
msrE,Enterobacter hormaechei,4,0.34548423,3.774912,3.594937,10
aadA,Enterobacter hormaechei,4,0.3913169,3.701948,3.568047,10
Ecol_EFTu_PLV,Citrobacter youngae,4,17.354744,9.608346,5.232212,10
APH(2'')-If,Campylobacter coli,4,15.142267,14.0884,0.20619157,10
ErmF,Bacteroides thetaiotaomicron,4,18.681496,7.6723847,9.493989,10
ErmF,Parabacteroides distasonis,4,-3.0201912,14.08358,12.284015,10
acrD,Shigella boydii,4,16.67524,3.857874,7.9887643,10
adeF,Klebsiella michiganensis,4,-6.080822,1.2639248,-5.5451636,10
sul1,Klebsiella michiganensis,4,-6.055985,1.2396079,-5.569015,10
dfrA1,Proteus mirabilis,4,9.875787,7.9327765,-8.167377,10
APH(3')-Ia,Proteus mirabilis,4,9.9267,7.857782,-8.1171875,10
lnuA,Staphylococcus haemolyticus,4,10.733355,10.541293,12.778622,10
PC1_blaZ,Staphylococcus haemolyticus,4,10.710581,10.564181,12.787471,10
msrA,Staphylococcus haemolyticus,4,10.731069,10.543389,12.770221,10
ANT(4')-Ib,Staphylococcus epidermidis,4,5.054364,11.518177,14.835725,10
lnuA,Staphylococcus epidermidis,4,5.0497727,11.520519,14.830725,10
qacB,Staphylococcus epidermidis,4,5.0438046,11.509336,14.824686,10
adeF,Pseudomonas fluorescens,4,-0.57444984,3.8504362,16.148375,10
sul2,Klebsiella quasipneumoniae,4,-0.7412555,-3.5854135,4.8714986,10
APH(3')-IIIa,Streptococcus suis,4,9.335369,17.507801,8.476828,10
dfrG,Streptococcus suis,4,9.330309,17.511312,8.473248,10
tet(45),Streptococcus suis,4,9.334163,17.50812,8.476365,10
AAC(6')-Ib',Pseudomonas aeruginosa,4,2.334091,10.966569,0.063344456,10
qacEdelta1,Pseudomonas aeruginosa,4,2.255288,10.948888,0.05972682,10
evgS,Pseudomonas aeruginosa,4,2.3717594,11.046334,0.13429803,10
cmlA6,Pseudomonas aeruginosa,4,2.312796,10.995943,0.103560604,10
qacG,Bacillus pumilus,4,5.221686,-1.7797494,1.4686728,10
OXA-66,Acinetobacter baumannii,4,2.1310005,-0.9485645,-2.324515,10
aadA24,Acinetobacter baumannii,4,2.124225,-0.9687877,-2.333123,10
qacEdelta1,Acinetobacter baumannii,4,2.0799348,-1.05519,-2.3482249,10
APH(3')-VI,Acinetobacter baumannii,4,2.1578548,-0.92424524,-2.4199662,10
adeI,Acinetobacter baumannii,4,2.132575,-0.9576107,-2.3914003,10
ANT(2'')-Ia,Providencia rettgeri,4,15.881171,10.081419,15.177218,10
TEM-34,Escherichia coli,4,4.6574774,0.72668546,9.531384,10
tet(L),Enterococcus faecalis,4,16.569073,-1.5521258,2.2810645,10
tet(45),Enterococcus faecalis,4,16.558756,-1.5425601,2.2625928,10
dfrG,Enterococcus faecalis,4,16.607729,-1.5041012,2.3124099,10
ErmB,Streptococcus agalactiae,4,14.638795,13.6130295,11.36783,10
Ecol_EFTu_PLV,Citrobacter amalonaticus,4,7.15205,-5.585813,6.196283,10
Saur_murA_FOF,Staphylococcus aureus,4,11.34456,2.376343,-6.537793,10
tet(38),Staphylococcus aureus,4,11.379267,2.3872373,-6.5437775,10
ANT(6)-Ia,Staphylococcus aureus,4,11.41229,2.3461154,-6.4950666,10
Saur_norA,Staphylococcus aureus,4,11.389116,2.3631525,-6.514234,10
spd,Staphylococcus aureus,4,11.513491,2.4277291,-6.432765,10
CTX-M-174,Escherichia coli,4,4.714171,0.67261195,9.43867,10
qacL,Escherichia coli,4,4.7471733,0.6517805,9.397765,10
aad(6),Campylobacter jejuni,4,-7.0962486,-5.8112087,3.841536,10
evgA,Shigella dysenteriae,4,4.68715,-9.874707,9.171846,10
norC,Escherichia coli,3,4.7204304,0.6971385,9.501798,10
CMY-22,Escherichia coli,3,4.772474,0.7173068,9.391146,10
emrR,Enterobacter cloacae,3,12.584655,-2.8670003,-6.131545,10
EC-18,Escherichia coli,3,4.7475324,0.5730887,9.489836,10
ErmC,Escherichia coli,3,4.864424,0.7209891,9.230645,10
TEM-90,Escherichia coli,3,4.780147,0.69665456,9.401454,10
CTX-M-55,Escherichia coli,3,4.835126,0.7802981,9.442202,10
aadA9,Escherichia coli,3,4.8739023,0.58202904,9.227694,10
Ecol_23S_MULT,Escherichia coli,3,4.8025618,0.7526319,9.216545,10
TEM-20,Escherichia coli,3,4.7810583,0.7044287,9.382211,10
TEM-84,Escherichia coli,3,4.8385096,0.6849415,9.27251,10
Erm(42),Escherichia coli,3,4.8061466,0.69065386,9.336073,10
CMY-2,Escherichia coli,3,4.8182893,0.75498414,9.461305,10
TEM-171,Escherichia coli,3,4.832147,0.70514196,9.316129,10
TEM-212,Escherichia coli,3,4.772067,0.6972264,9.366293,10
TEM-135,Escherichia coli,3,4.7739186,0.7060194,9.387372,10
TEM-206,Escherichia coli,3,4.857967,0.7340201,9.333661,10
TEM-183,Escherichia coli,3,4.8516474,0.7048771,9.253552,10
TEM-231,Escherichia coli,3,4.8474483,0.6590135,9.267484,10
Ecol_parC_FLO,Escherichia coli,3,4.834613,0.7255937,9.28816,10
Ecol_EFTu_PLV,Morganella morganii,3,15.691293,12.537616,-1.7511386,10
adeF,Vibrio parahaemolyticus,3,5.674497,3.15042,17.279753,10
VEB-15,Vibrio parahaemolyticus,3,5.7537723,3.0709133,17.200346,10
QnrD2,Vibrio parahaemolyticus,3,5.6605716,3.1661339,17.295496,10
rsmA,Enterobacter asburiae,3,-2.2878723,12.4474535,17.703772,10
VEB-17,Vibrio parahaemolyticus,3,5.7254105,3.082941,17.210619,10
dfrA27,Vibrio parahaemolyticus,3,5.730239,3.0948768,17.224285,10
TEM-217,Klebsiella pneumoniae,3,3.3785157,9.13844,3.1750028,10
SHV-56,Klebsiella pneumoniae,3,3.8162906,8.953831,3.5138729,10
CMY-59,Klebsiella pneumoniae,3,3.485055,9.017161,3.205015,10
rmtG,Klebsiella pneumoniae,3,3.6770258,8.975841,3.463604,10
SHV-24,Klebsiella pneumoniae,3,3.4607456,8.824674,3.0679958,10
SHV-202,Klebsiella pneumoniae,3,4.282693,8.184824,3.584008,10
TEM-234,Klebsiella pneumoniae,3,3.8184645,9.431936,3.666124,10
SHV-188,Klebsiella pneumoniae,3,4.240176,8.122126,3.515952,10
SHV-110,Klebsiella pneumoniae,3,3.6174927,8.640547,3.3264947,10
TEM-191,Klebsiella pneumoniae,3,3.6673496,8.694716,3.1303184,10
SHV-190,Klebsiella pneumoniae,3,3.8954055,7.9457936,2.4762301,10
SHV-45,Klebsiella pneumoniae,3,3.686079,8.551521,3.110712,10
SHV-133,Klebsiella pneumoniae,3,3.769154,8.17114,2.9872575,10
mdtN,Klebsiella pneumoniae,3,3.0475128,9.113103,2.7706752,10
emrR,Klebsiella pneumoniae,3,3.7624068,8.284344,3.0483937,10
SHV-227,Klebsiella pneumoniae,3,3.6753192,8.007545,2.8542721,10
CTX-M-65,Klebsiella pneumoniae,3,3.4305813,8.310052,2.617315,10
MCR-9.1,Klebsiella pneumoniae,3,4.001906,8.383493,3.3819606,10
SHV-55,Klebsiella pneumoniae,3,4.0660677,7.9551487,3.2351863,10
tet(M),Klebsiella pneumoniae,3,4.198139,8.035883,3.3193727,10
marA,Klebsiella pneumoniae,3,3.9247437,8.0567,3.1365352,10
SHV-48,Klebsiella pneumoniae,3,4.0549464,7.862939,3.0694318,10
MCR-1.3,Klebsiella pneumoniae,3,4.065841,7.7370987,2.919212,10
AAC(3)-IV,Klebsiella pneumoniae,3,3.891987,7.814466,2.8581607,10
Kpne_KpnE,Klebsiella pneumoniae,3,4.356829,7.5082,3.0852456,10
TEM-214,Klebsiella pneumoniae,3,4.603105,7.2724023,3.429228,10
OXA-484,Klebsiella pneumoniae,3,3.3333569,7.871391,2.5713565,10
SHV-217,Klebsiella pneumoniae,3,4.2830515,7.429607,3.034704,10
sul3,Klebsiella pneumoniae,3,4.2139473,7.402117,2.9475965,10
KPC-22,Klebsiella pneumoniae,3,4.3864365,7.4599214,3.1456764,10
Ecol_soxS_MULT,Klebsiella pneumoniae,3,4.6858015,7.30895,3.1418922,10
FosA3,Klebsiella pneumoniae,3,4.0042834,7.4734726,2.8088887,10
QnrB10,Klebsiella pneumoniae,3,4.7873597,6.9894485,3.2316985,10
tetR,Klebsiella pneumoniae,3,4.1482415,6.9918256,2.64364,10
SHV-141,Klebsiella pneumoniae,3,4.5884542,6.958581,3.0020475,10
OXA-922,Klebsiella pneumoniae,3,4.4525127,7.04101,2.9491374,10
SHV-28,Klebsiella pneumoniae,3,3.404067,7.3941183,2.4875705,10
TEM-116,Klebsiella pneumoniae,3,4.741407,7.054055,2.7670133,10
TEM-163,Klebsiella pneumoniae,3,4.0898395,7.3242416,2.7115898,10
msbA,Klebsiella pneumoniae,3,4.5509815,7.121475,2.9380224,10
OXA-252,Klebsiella pneumoniae,3,4.500104,7.059351,2.9568985,10
QnrS8,Klebsiella pneumoniae,3,4.9207625,6.9078484,3.1497805,10
arr-2,Klebsiella pneumoniae,3,4.4982915,6.7844977,2.91027,10
OXA-48,Klebsiella pneumoniae,3,5.1673484,6.5923896,2.6682224,10
SHV-7,Klebsiella pneumoniae,3,4.9608774,6.592543,2.964796,10
QnrB19,Klebsiella pneumoniae,3,4.946553,7.022288,3.1953537,10
MCR-1.6,Klebsiella pneumoniae,3,5.340895,6.6945605,3.4166713,10
APH(3')-IIa,Klebsiella pneumoniae,3,4.7785,6.8073373,3.0427494,10
OXA-796,Klebsiella pneumoniae,3,4.8598223,6.6920066,3.0958197,10
VIM-48,Klebsiella pneumoniae,3,5.5643697,6.113948,3.2597356,10
TEM-47,Klebsiella pneumoniae,3,5.3090625,6.4343224,3.0698528,10
msrA,Vibrio cholerae,3,3.558799,-6.030735,0.90082127,10
tet(A),Vibrio cholerae,3,3.524079,-6.0449514,0.86476696,10
ANT(3'')-IIa,Shigella flexneri,3,7.161992,15.169164,-0.0077094897,10
sul2,Vibrio cholerae,3,3.473592,-6.1153603,0.81555766,10
Hinf_PBP3_BLA,Shigella flexneri,3,7.135791,15.079735,0.07894584,10
almG,Vibrio cholerae,3,3.545055,-6.0437913,0.8870144,10
tet(B),Shigella flexneri,3,7.1367145,15.211724,-0.027502682,10
aadA,Shigella flexneri,3,7.1514006,15.180625,-0.009916341,10
OXA-1,Shigella flexneri,3,7.129168,15.168364,0.010600597,10
APH(6)-Id,Pasteurella multocida,3,12.451749,16.647026,4.976277,10
floR,Pasteurella multocida,3,12.457029,16.653618,4.9689803,10
tet(D),Shigella flexneri,3,7.1249833,15.217913,-0.008357953,10
SAT-4,Staphylococcus pseudintermedius,3,-6.273212,11.872144,0.8185757,10
dfrG,Staphylococcus pseudintermedius,3,-6.272866,11.872424,0.8182654,10
ANT(6)-Ia,Staphylococcus pseudintermedius,3,-6.260289,11.88465,0.80570185,10
QnrB10,Salmonella enterica,3,7.426067,14.259103,12.04708,10
mdtO,Shigella flexneri,3,7.113449,15.131176,-0.04238863,10
CMY-2,Salmonella enterica,3,7.4797297,14.262439,12.106402,10
acrD,Salmonella enterica,3,7.4598413,14.259545,12.018171,10
Sser_gyrB_FLO,Salmonella enterica,3,7.434303,14.255849,11.997785,10
dfrA1,Salmonella enterica,3,7.429091,14.2792015,12.104121,10
tet(D),Salmonella enterica,3,7.4776635,14.263671,11.982847,10
dfrA12,Salmonella enterica,3,7.513155,14.230794,12.02805,10
H-NS,Salmonella enterica,3,7.4345655,14.260974,12.025693,10
marA,Shigella flexneri,3,7.1459565,15.184999,-0.0144224055,10
aadA8,Salmonella enterica,3,7.464394,14.266293,11.934118,10
acrB,Shigella flexneri,3,7.248235,15.274633,-0.10204279,10
AAC(6')-Ib7,Salmonella enterica,3,7.4467125,14.261273,12.016816,10
AAC(3)-IV,Salmonella enterica,3,7.4441137,14.259784,11.9660845,10
pp-flo,Salmonella enterica,3,7.431157,14.260305,11.978605,10
AcrF,Salmonella enterica,3,7.4425178,14.259073,11.946399,10
mdsB,Salmonella enterica,3,7.3956823,14.269263,12.009119,10
dfrA1,Shigella flexneri,3,7.1273823,15.1895075,-0.00083453057,10
AAC(6')-Ib9,Aeromonas caviae,3,19.810274,10.546407,8.377818,10
catB8,Aeromonas caviae,3,19.835382,10.57177,8.4031105,10
msrA,Staphylococcus hominis,3,10.852872,-5.372755,0.32434124,10
mecR1,Staphylococcus hominis,3,10.874266,-5.394295,0.30282137,10
Ecol_EFTu_PLV,Citrobacter koseri,3,11.815044,6.0383925,-2.551554,10
norB,Listeria monocytogenes,3,11.262981,-3.013074,17.026016,10
qacJ,Bacillus velezensis,3,5.1529756,-9.497339,-0.7826791,10
Kpne_KpnF,Cronobacter malonaticus,3,-9.563057,1.6216655,6.970798,10
tet(X),Riemerella anatipestifer,3,8.60665,-7.860811,12.603559,10
mdeA,Staphylococcus warneri,3,5.9267693,17.745779,8.8576355,10
adeF,Pseudomonas chlororaphis,3,4.8345447,-0.9866647,2.9993846,10
CRP,Shigella sonnei,3,1.2376142,8.8525715,13.058013,10
Ecol_acrA,Shigella sonnei,3,1.3183836,8.808173,13.068398,10
YojI,Shigella sonnei,3,1.2369384,8.803609,13.105501,10
mdtH,Shigella sonnei,3,1.3272082,8.86313,13.03214,10
Ecol_AcrR_MULT,Shigella sonnei,3,1.2316743,8.900424,13.01292,10
marA,Shigella sonnei,3,1.2422566,8.96931,12.926368,10
baeS,Shigella sonnei,3,1.2940269,8.845638,13.051117,10
Ecol_MarR_MULT,Shigella sonnei,3,1.2564273,8.906869,13.016692,10
mdtA,Shigella sonnei,3,1.3332789,8.782576,13.058631,10
msbA,Shigella sonnei,3,1.2878083,8.841214,13.055839,10
emrB,Shigella sonnei,3,1.2969376,8.859018,13.0361595,10
Ecol_soxR_MULT,Shigella sonnei,3,1.3184655,8.89762,12.991851,10
lnuB,Enterococcus faecium,3,-8.847113,7.268069,2.1576035,10
vanR_in_vanA_cl,Enterococcus faecium,3,-8.808017,7.22408,2.1721914,10
CRP,Enterobacter hormaechei,3,0.38536575,3.6626022,3.5714698,10
sul2,Enterobacter hormaechei,3,0.33966997,3.7332735,3.576995,10
tet(C),Enterobacter hormaechei,3,0.39632627,3.6967187,3.5539415,10
APH(6)-Id,Enterobacter hormaechei,3,0.36083633,3.7646074,3.5948417,10
tet(A),Enterobacter hormaechei,3,0.39653623,3.735539,3.552149,10
OXA-534,Enterobacter hormaechei,3,0.2666157,3.7739031,3.6741893,10
AAC(3)-IId,Enterobacter hormaechei,3,0.37934816,3.7411828,3.5641828,10
APH(3')-IIIa,Campylobacter coli,3,15.164667,14.065468,0.22846839,10
OXA-193,Campylobacter coli,3,15.162678,14.06734,0.22658503,10
Ecol_MarR_MULT,Citrobacter freundii,3,13.754636,0.050610945,12.463058,10
AAC(3)-IIc,Citrobacter freundii,3,13.733092,0.03149435,12.501461,10
aadA,Citrobacter freundii,3,13.6553955,-0.044891123,12.5703125,10
H-NS,Citrobacter freundii,3,13.709666,0.00958681,12.490702,10
sul2,Citrobacter freundii,3,13.755711,0.06438722,12.543142,10
sul1,Citrobacter freundii,3,13.865049,0.16902968,12.635049,10
acrB,Citrobacter freundii,3,13.742377,0.04270707,12.527977,10
tet(C),Achromobacter xylosoxidans,3,7.7601075,4.198113,-5.603942,10
tet(D),Achromobacter xylosoxidans,3,7.7723384,4.1859646,-5.60592,10
tet(A),Escherichia fergusonii,3,-1.9055078,13.661355,-4.538775,10
ErmF,Phocaeicola dorei,3,5.318336,4.8938375,-9.752719,10
mdtN,Shigella boydii,3,16.686184,3.8713808,8.002081,10
tet(B),Shigella boydii,3,16.68929,3.9106145,8.041397,10
Ecol_GlpT_FOF,Shigella boydii,3,16.722204,3.878051,8.008915,10
bacA,Shigella boydii,3,16.70668,3.8971658,8.028611,10
Ecol_soxS_MULT,Shigella boydii,3,16.704235,3.8906138,8.021446,10
emrB,Shigella boydii,3,16.701729,3.8899627,8.020748,10
Hinf_PBP3_BLA,Klebsiella michiganensis,3,-6.105127,1.2885718,-5.520744,10
sul1,Proteus mirabilis,3,9.850513,7.934252,-8.193819,10
APH(6)-Id,Proteus mirabilis,3,9.840108,7.946094,-8.166266,10
qacJ,Staphylococcus haemolyticus,3,10.737218,10.537106,12.810646,10
tet(D),Rhizobium leguminosarum,3,-2.948128,-0.88127923,3.974263,10
VEB-17,Vibrio alginolyticus,3,-4.231082,15.011296,6.777227,10
APH(3')-Ia,Avibacterium paragallinarum,3,16.554136,13.554466,6.928248,10
dfrG,Staphylococcus epidermidis,3,5.021826,11.549174,14.803428,10
tet(O),Bifidobacterium breve,3,5.0870748,4.1427755,6.5189486,10
tet(Q),Bacteroides caccae,3,,,,10
AAC(6')-Ib10,Klebsiella quasipneumoniae,3,-0.7145937,-3.558295,4.889287,10
oqxA,Klebsiella quasipneumoniae,3,-0.7655323,-3.5043468,4.9509106,10
cmlA5,Klebsiella quasipneumoniae,3,-0.73371416,-3.554034,4.893676,10
msrE,Klebsiella quasipneumoniae,3,-0.7552904,-3.5541666,4.871856,10
tet(A),Klebsiella quasipneumoniae,3,-0.8173025,-3.6592677,4.80516,10
ANT(3'')-IIa,Klebsiella quasipneumoniae,3,-0.7485567,-3.6091237,4.848292,10
catB3,Klebsiella quasipneumoniae,3,-0.74148613,-3.575534,4.902298,10
OXA-320,Klebsiella quasipneumoniae,3,-0.73410213,-3.588669,4.868874,10
aad(6),Streptococcus suis,3,9.347884,17.513172,8.470951,10
cmx,Pseudomonas aeruginosa,3,2.318496,10.967484,0.07266094,10
AAC(6')-Ib10,Pseudomonas aeruginosa,3,2.333656,10.98358,0.09770463,10
OXA-2,Pseudomonas aeruginosa,3,2.341239,10.889612,0.013416466,10
AAC(6')-Il,Pseudomonas aeruginosa,3,2.3285353,11.010449,0.10112762,10
mexP,Pseudomonas aeruginosa,3,2.3388755,11.03178,0.11806409,10
APH(3'')-Ib,Pseudomonas aeruginosa,3,2.2577636,10.903881,0.03722088,10
tet(A),Pseudomonas aeruginosa,3,2.2943156,10.848542,0.0128592,10
opmE,Pseudomonas aeruginosa,3,2.3261368,10.917343,0.025978385,10
OprM,Pseudomonas aeruginosa,3,2.2943635,10.816567,-0.04670392,10
tet(D),Pseudomonas aeruginosa,3,2.3120606,10.870667,0.010500043,10
TEM-47,Escherichia coli,3,4.897882,0.7331694,9.194576,10
dfrA8,Escherichia coli,3,4.841913,0.7519304,9.293456,10
emrA,Escherichia marmotae,3,9.827629,7.603443,14.192673,10
mdtA,Escherichia marmotae,3,9.827663,7.6034236,14.192769,10
AAC6_Ie_APH2_Ia,Staphylococcus capitis,3,1.2785194,12.885937,20.685303,10
qacJ,Bacillus subtilis,3,-6.66422,5.6913924,14.06204,10
tetR,Acinetobacter baumannii,3,2.1384394,-0.96980584,-2.4308496,10
ADC-232,Acinetobacter baumannii,3,2.123298,-0.9589192,-2.403526,10
OXA-76,Acinetobacter baumannii,3,2.1382227,-0.9447787,-2.4687903,10
dfrA7,Acinetobacter baumannii,3,2.14729,-0.9260396,-2.4940598,10
PER-7,Acinetobacter baumannii,3,2.128136,-0.9897781,-2.4038723,10
OXA-207,Acinetobacter baumannii,3,2.1227262,-0.9819097,-2.4813998,10
TEM-127,Escherichia coli,3,4.87282,0.70382136,9.128554,10
tet(K),Staphylococcus equorum,3,-4.1739845,2.8939383,-3.7406282,10
tet(M),Streptococcus gordonii,3,,,,10
sul1,Providencia rettgeri,3,15.882582,10.082793,15.178582,10
VEB-1,Providencia rettgeri,3,15.8812065,10.081391,15.177326,10
Paer_soxR,Pseudomonas syringae,3,7.120037,15.707302,-5.0203094,10
APH(3')-Ia,Serratia marcescens,3,14.291796,-4.854172,-0.80330634,10
Ecol_EFTu_PLV,Serratia marcescens,3,14.314558,-4.825735,-0.7922068,10
ANT(4')-Ib,Enterococcus faecalis,3,16.547503,-1.5705128,2.2559896,10
Efae_ACT_CHL,Enterococcus faecalis,3,16.556036,-1.5373281,2.2631774,10
vanS_in_vanA_cl,Enterococcus faecalis,3,16.553297,-1.5182052,2.2411902,10
TEM-229,Enterococcus faecalis,3,16.53843,-1.5134368,2.24558,10
msbA,Citrobacter portucalensis,3,12.151383,5.654956,18.887104,10
Ecol_GlpT_FOF,Citrobacter portucalensis,3,12.11717,5.620992,18.92102,10
Mef(En2),Bacteroides fragilis,3,0.061666064,0.4809843,13.511859,10
Spyo_ErmA_MLSb,Streptococcus agalactiae,3,14.637495,13.611827,11.366696,10
norC,Staphylococcus aureus,3,11.472513,2.387195,-6.481774,10
fusC,Staphylococcus aureus,3,11.365109,2.3375804,-6.5063486,10
APH(3')-Ia,Staphylococcus aureus,3,11.494564,2.434417,-6.4453073,10
Ssui_ACT_CHL,Staphylococcus aureus,3,11.382714,2.3545635,-6.4952025,10
QnrD2,Escherichia coli,3,4.928065,0.695786,9.178562,10
TEM-208,Escherichia coli,3,4.9768114,0.77212846,9.060141,10
CTX-M-203,Escherichia coli,3,4.9172626,0.72764355,9.127212,10
OXA-610,Campylobacter jejuni,3,-7.112259,-5.7955294,3.8575509,10
cmeC,Campylobacter jejuni,3,-7.1130643,-5.7947044,3.858336,10
TEM-5,Escherichia coli,3,4.9597564,0.8298881,9.119321,10
CMY-59,Escherichia coli,3,4.901712,0.74657774,9.188606,10
TEM-234,Escherichia coli,3,4.9428616,0.75220144,9.080558,10
TEM-40,Escherichia coli,3,4.9987082,0.7726044,9.1107235,10
TEM-136,Escherichia coli,3,5.0073466,0.7288872,9.010679,10
OXA-10,Escherichia coli,3,4.9908996,0.71757585,9.051485,10
emrB,Shigella dysenteriae,3,4.657218,-9.904635,9.202322,10
YojI,Shigella dysenteriae,3,4.686726,-9.875029,9.172624,10
AcrF,Shigella dysenteriae,3,4.7110505,-9.84997,9.147398,10
NDM-1,Escherichia coli,3,4.9866376,0.62381214,8.949681,10
Hinf_PBP3_BLA,Enterobacter cloacae,3,12.6359825,-2.8156517,-6.1828923,10
TEM-168,Escherichia coli,3,4.8993425,0.71785057,9.189283,10
MCR-5.2,Escherichia coli,3,4.944001,0.75154537,9.192202,10
TEM-122,Escherichia coli,2,4.959776,0.7541327,9.130736,10
QnrB62,Escherichia coli,2,4.9920053,0.76657254,9.103581,10
TEM-31,Escherichia coli,2,5.005796,0.7493828,9.054013,10
rsmA,Enterobacter cloacae,2,12.595621,-2.8561049,-6.14255,10
Mavi_23S_CLR,Escherichia coli,2,5.023519,0.72875273,9.146159,10
TEM-217,Escherichia coli,2,5.052783,0.8135052,9.066548,10
tet(L),Escherichia coli,2,5.0199323,0.78533614,9.037467,10
TEM-19,Escherichia coli,2,5.062057,0.7918712,9.012953,10
ArnT,Escherichia coli,2,5.2755833,0.9270097,8.945283,10
CTX-M-1,Escherichia coli,2,4.9423513,0.6619657,9.157747,10
CTX-M-244,Escherichia coli,2,5.150137,0.86574316,8.974592,10
TEM-95,Escherichia coli,2,5.086008,0.7906825,8.954105,10
mgrA,Escherichia coli,2,5.0566254,0.798279,8.993845,10
TEM-155,Escherichia coli,2,5.0536737,0.7743247,9.042198,10
TEM-2,Escherichia coli,2,5.0959506,0.805194,9.013111,10
AAC(6')-Ib-cr1,Escherichia coli,2,5.1571198,0.8439353,8.960373,10
CTX-M-69,Escherichia coli,2,5.083349,0.7597807,9.026524,10
aadA21,Escherichia coli,2,5.157078,0.83678603,8.877988,10
MCR-1.11,Escherichia coli,2,5.0790954,0.7859687,9.008285,10
CTX-M-15,Escherichia coli,2,5.1338286,0.8304635,8.978301,10
TEM-228,Escherichia coli,2,5.1094637,0.81542736,8.996483,10
TEM-104,Escherichia coli,2,5.1384234,0.8164051,9.027737,10
TEM-33,Escherichia coli,2,5.124555,0.81366473,8.993778,10
QnrD1,Morganella morganii,2,15.687631,12.5357685,-1.7471342,10
AAC(6')-Ib-cr6,Morganella morganii,2,15.685227,12.532994,-1.7446395,10
ErmG,Phocaeicola vulgatus,2,15.940945,5.193636,11.425134,10
sul1,Morganella morganii,2,15.642361,12.490163,-1.7020197,10
catB3,Klebsiella aerogenes,2,2.5673459,8.340074,18.621616,10
qacE,Klebsiella aerogenes,2,2.5691876,8.336774,18.624222,10
baeR,Enterobacter asburiae,2,-2.3107255,12.431082,17.719946,10
QnrVC4,Vibrio parahaemolyticus,2,5.7326293,3.0929358,17.222315,10
AAC(6')-IIa,Vibrio parahaemolyticus,2,5.7412233,3.080314,17.209608,10
ErmC,Bacillus cereus,2,1.9409746,-4.9783373,-4.237703,10
ErmB,Vibrio parahaemolyticus,2,5.658595,3.1678002,17.29681,10
tet(59),Vibrio parahaemolyticus,2,5.7013917,3.1240861,17.253433,10
CMY-138,Vibrio parahaemolyticus,2,5.7456703,3.0806928,17.209846,10
QnrVC5,Vibrio parahaemolyticus,2,5.7208686,3.104925,17.234251,10
dfrA1,Vibrio parahaemolyticus,2,5.7410536,3.0680587,17.197393,10
APH(3'')-Ib,Vibrio parahaemolyticus,2,5.7676935,3.0577662,17.186985,10
TEM-212,Klebsiella pneumoniae,2,4.9023514,6.4823613,2.7924473,10
aadA9,Klebsiella pneumoniae,2,5.2989507,6.326892,2.9946008,10
CRP,Enterobacter asburiae,2,-2.2924595,12.447163,17.703861,10
SHV-160,Klebsiella pneumoniae,2,5.7950616,6.2019095,3.1767921,10
SHV-106,Klebsiella pneumoniae,2,5.1598716,6.45872,3.016872,10
SHV-82,Klebsiella pneumoniae,2,4.798617,6.555576,2.9422257,10
SHV-64,Klebsiella pneumoniae,2,5.2515626,6.396625,3.0469325,10
SHV-165,Klebsiella pneumoniae,2,5.1056924,5.990805,2.477701,10
TEM-81,Klebsiella pneumoniae,2,5.7161307,6.1632524,3.1019828,10
SHV-105,Klebsiella pneumoniae,2,5.2457952,6.347322,2.9521043,10
QnrS10,Klebsiella pneumoniae,2,6.5553627,5.4933643,3.0199094,10
mecA,Klebsiella pneumoniae,2,5.0699215,6.06848,2.8090749,10
TEM-160,Klebsiella pneumoniae,2,5.4505453,6.1330347,3.0014892,10
TEM-141,Klebsiella pneumoniae,2,6.250526,5.8981442,2.9904194,10
SHV-52,Klebsiella pneumoniae,2,5.5564275,6.006119,2.7757566,10
APH(3')-VIb,Klebsiella pneumoniae,2,6.232577,5.7218413,3.0680854,10
APH(3')-VIa,Klebsiella pneumoniae,2,5.6759453,5.9564962,2.9819534,10
SHV-182,Klebsiella pneumoniae,2,6.674776,5.5389967,3.002479,10
SHV-144,Klebsiella pneumoniae,2,5.6227007,6.1532784,3.2280922,10
SHV-159,Klebsiella pneumoniae,2,4.425417,6.2944384,2.5203261,10
SHV-62,Klebsiella pneumoniae,2,5.7075653,5.999835,3.2311244,10
FosA2,Enterobacter asburiae,2,-2.301628,12.440375,17.710669,10
TEM-2,Klebsiella pneumoniae,2,6.037874,5.7854543,2.9101562,10
mexQ,Klebsiella pneumoniae,2,6.610842,5.526529,3.0739818,10
TEM-136,Klebsiella pneumoniae,2,4.8941045,6.1410155,2.8526826,10
SHV-38,Klebsiella pneumoniae,2,6.4553313,5.621652,2.9851491,10
QnrS3,Klebsiella pneumoniae,2,6.2814417,5.742517,2.9457333,10
SHV-197,Klebsiella pneumoniae,2,6.5111036,5.7263794,3.103802,10
marA,Enterobacter asburiae,2,-2.2944026,12.447119,17.70391,10
CMY-6,Klebsiella pneumoniae,2,5.2902846,6.022264,2.6864054,10
CTX-M-43,Klebsiella pneumoniae,2,5.512937,5.8844514,3.1426852,10
SHV-228,Klebsiella pneumoniae,2,6.104267,5.887837,2.9464073,10
NDM-1,Klebsiella pneumoniae,2,6.330934,5.764665,2.9811387,10
TEM-183,Klebsiella pneumoniae,2,5.2171645,5.808797,2.6789675,10
QnrB17,Klebsiella pneumoniae,2,6.6091294,5.547938,3.0688236,10
CTX-M-71,Klebsiella pneumoniae,2,6.57242,5.579419,3.0671275,10
CTX-M-22,Klebsiella pneumoniae,2,6.183371,5.85384,2.9575696,10
MCR-1.7,Klebsiella pneumoniae,2,6.4520993,5.625656,2.8899093,10
ANT(2'')-Ia,Klebsiella pneumoniae,2,6.518632,5.5823846,2.995558,10
CMY-16,Klebsiella pneumoniae,2,6.251346,5.7094235,2.9880576,10
SHV-134,Klebsiella pneumoniae,2,5.9889894,5.7521453,2.8912694,10
bacA,Klebsiella pneumoniae,2,6.47216,5.543532,2.9972537,10
OXA-896,Klebsiella pneumoniae,2,6.578939,5.5990276,2.991002,10
ArnT,Klebsiella pneumoniae,2,6.44525,5.6829653,2.8848639,10
APH(3')-VI,Klebsiella pneumoniae,2,6.538679,5.633979,3.041941,10
CTX-M-176,Klebsiella pneumoniae,2,6.5619855,5.5681562,3.0127778,10
TEM-215,Klebsiella pneumoniae,2,6.5788703,5.610038,3.000892,10
CTX-M-218,Klebsiella pneumoniae,2,6.5187526,5.6255207,3.0257654,10
SHV-60,Klebsiella pneumoniae,2,6.614251,5.5538435,2.9711838,10
SHV-66,Klebsiella pneumoniae,2,6.6206098,5.611051,3.0083702,10
sul1,Enterobacter asburiae,2,-2.295816,12.446051,17.704945,10
Ecol_soxR_MULT,Klebsiella pneumoniae,2,6.537052,5.6191115,3.0282435,10
TEM-196,Klebsiella pneumoniae,2,6.5970063,5.607661,3.0135508,10
CTX-M-220,Klebsiella pneumoniae,2,6.4388266,5.65498,3.0147438,10
VIM-20,Klebsiella pneumoniae,2,6.5833583,5.57383,3.0058403,10
Kpne_KpnF,Klebsiella pneumoniae,2,6.5482087,5.6649256,2.9997835,10
TEM-122,Klebsiella pneumoniae,2,6.503011,5.626038,3.0500355,10
QnrD2,Klebsiella pneumoniae,2,6.557386,5.6332483,3.0938725,10
DHA-3,Klebsiella pneumoniae,2,6.4952855,5.6506023,3.0579133,10
LptD,Klebsiella pneumoniae,2,6.1155467,5.7906656,2.9540906,10
Kpne_acrA,Klebsiella pneumoniae,2,6.475906,5.6961746,3.097221,10
OmpA,Klebsiella pneumoniae,2,6.430739,5.6920547,3.0697975,10
YojI,Klebsiella pneumoniae,2,6.543273,5.6308126,3.0329583,10
Abau_gyrA_FLO,Klebsiella pneumoniae,2,6.471679,5.715877,3.0201442,10
mdtG,Klebsiella pneumoniae,2,6.461691,5.704184,3.125714,10
KPC-17,Klebsiella pneumoniae,2,6.4285192,5.696949,3.0365388,10
CTX-M-194,Klebsiella pneumoniae,2,6.522622,5.6967373,3.051378,10
OXA-10,Klebsiella pneumoniae,2,6.471329,5.779231,3.1139634,10
SAT-4,Klebsiella pneumoniae,2,6.516915,5.634092,3.0389059,10
OXA-534,Klebsiella pneumoniae,2,6.47817,5.6662316,3.0560787,10
TEM-39,Klebsiella pneumoniae,2,6.427334,5.6071672,3.0180154,10
tet(39),Klebsiella pneumoniae,2,6.5387325,5.5937448,3.1593535,10
KPC-83,Klebsiella pneumoniae,2,6.5003943,5.6715198,3.0460122,10
CMY-4,Klebsiella pneumoniae,2,6.4255853,5.659084,3.0791714,10
AAC6_30_AAC6_Ib,Klebsiella pneumoniae,2,6.469601,5.668095,3.087758,10
SHV-201,Klebsiella pneumoniae,2,6.5055876,5.6683435,3.080417,10
AAC(6')-Ib8,Klebsiella pneumoniae,2,6.4904675,5.6748085,3.0726116,10
CTX-M-36,Klebsiella pneumoniae,2,6.42963,5.7251735,3.17096,10
KPC-13,Klebsiella pneumoniae,2,6.4603195,5.7330685,3.1357539,10
vanH_in_vanM_cl,Klebsiella pneumoniae,2,6.381936,5.773658,3.341704,10
evgA,Klebsiella pneumoniae,2,6.489663,5.7527456,3.200445,10
FOX-8,Klebsiella pneumoniae,2,6.371165,5.694485,3.1945398,10
tet(L),Klebsiella pneumoniae,2,6.48929,5.749375,3.20032,10
SHV-179,Klebsiella pneumoniae,2,6.403908,5.9167905,3.2941551,10
AAC(3)-Ib,Klebsiella pneumoniae,2,6.4880905,5.6881337,3.1179867,10
TEM-171,Klebsiella pneumoniae,2,6.4497933,5.6843076,3.1542706,10
CTX-M-141,Klebsiella pneumoniae,2,6.493357,5.7227416,3.131638,10
emrK,Klebsiella pneumoniae,2,6.460995,5.723617,3.1526248,10
CTX-M-163,Klebsiella pneumoniae,2,6.418138,5.724986,3.2235162,10
CTX-M-28,Klebsiella pneumoniae,2,6.3913345,5.756018,3.2342093,10
TEM-169,Klebsiella pneumoniae,2,6.441928,5.759028,3.2175803,10
CTX-M-216,Klebsiella pneumoniae,2,6.5145383,5.647625,3.124807,10
QnrB67,Klebsiella pneumoniae,2,6.4691834,5.6564217,3.2102158,10
mdtA,Klebsiella pneumoniae,2,6.433604,5.7513523,3.2130597,10
OXA-833,Klebsiella pneumoniae,2,6.457524,5.7781806,3.200713,10
TEM-193,Klebsiella pneumoniae,2,6.424892,5.6471415,3.2217572,10
QnrB36,Klebsiella pneumoniae,2,6.4848266,5.661249,3.1714141,10
mdtH,Klebsiella pneumoniae,2,6.4698725,5.7425623,3.1758895,10
linG,Klebsiella pneumoniae,2,6.4180393,5.763989,3.253419,10
Abau_AbaF,Klebsiella pneumoniae,2,6.317252,5.6719117,3.3129263,10
gadX,Klebsiella pneumoniae,2,6.3291316,5.7492766,3.244079,10
TEM-186,Klebsiella pneumoniae,2,6.3008323,5.7511997,3.2985747,10
KPC-61,Klebsiella pneumoniae,2,6.3495755,5.740789,3.3523529,10
NDM-33,Klebsiella pneumoniae,2,6.2881126,5.6938977,3.242598,10
DHA-1,Klebsiella pneumoniae,2,6.348335,5.6745043,3.2733202,10
qacG,Pseudomonas stutzeri,2,-3.4766402,9.928722,-4.6047664,10
cmlA9,Klebsiella pneumoniae,2,6.399802,5.7227807,3.2110562,10
KPC-78,Klebsiella pneumoniae,2,6.371454,5.6659822,3.285148,10
aadA22,Klebsiella pneumoniae,2,6.3330207,5.703238,3.2123604,10
CTX-M-225,Klebsiella pneumoniae,2,6.2245293,5.7038794,3.2842388,10
CTX-M-184,Klebsiella pneumoniae,2,6.219151,5.716572,3.3341432,10
Ecol_AcrR_MULT,Klebsiella pneumoniae,2,6.2870345,5.6715174,3.2037504,10
CTX-M-142,Klebsiella pneumoniae,2,6.331512,5.71854,3.248742,10
adeF,Pseudomonas putida,2,2.342374,4.3898354,6.573612,10
adeF,Cronobacter sakazakii,2,2.4570832,-2.203145,16.860277,10
TEM-162,Cronobacter sakazakii,2,2.4569643,-2.2064865,16.863447,10
tet(W),Bifidobacterium bifidum,2,9.174479,3.8425791,2.0625165,10
tet(O),Bifidobacterium bifidum,2,9.174179,3.8425548,2.0625772,10
QnrVC5,Vibrio cholerae,2,3.4949157,-6.0937824,0.83705676,10
qacJ,Proteus vulgaris,2,0.657818,3.8533041,0.27782348,10
Kpne_KpnF,Proteus vulgaris,2,0.6577509,3.8531845,0.27785245,10
tet(M),Streptococcus dysgalactiae,2,-2.017,14.59631,0.118492626,10
tet(M),Streptococcus anginosus,2,11.949724,4.779334,1.6119558,10
qacG,Elizabethkingia miricola,2,,,,10
tet(D),Pasteurella multocida,2,12.457049,16.654032,4.9688535,10
cpxA,Shigella flexneri,2,7.1589065,15.2227,-0.046381935,10
mdtE,Shigella flexneri,2,7.2029963,15.22029,0.027764631,10
Hinf_PBP3_BLA,Citrobacter werkmanii,2,-8.666331,1.2038352,2.407933,10
msbA,Shigella flexneri,2,7.212376,15.197209,-0.0358681,10
Ecol_16rrsC_KAS,Salmonella enterica,2,7.38889,14.259865,11.981397,10
H-NS,Shigella flexneri,2,7.1392612,15.138992,-0.040138107,10
Ecol_acrA,Shigella flexneri,2,7.2155247,15.186788,0.057307906,10
CTX-M-55,Salmonella enterica,2,7.371428,14.259889,11.920788,10
Ecol_MarR_MULT,Shigella flexneri,2,7.1961303,15.152949,0.030995369,10
CMY-139,Salmonella enterica,2,7.531201,14.218028,11.974396,10
cmlA1,Salmonella enterica,2,7.381251,14.248066,11.862671,10
CMY-132,Salmonella enterica,2,7.3984203,14.325211,11.950377,10
acrD,Shigella flexneri,2,7.245746,15.130441,0.07585193,10
aadA17,Salmonella enterica,2,7.4347296,14.257859,11.930888,10
tet(G),Salmonella enterica,2,7.4236307,14.263635,11.947269,10
mdtB,Salmonella enterica,2,7.3711405,14.263008,11.887237,10
Ecol_MarR_MULT,Salmonella enterica,2,7.3584585,14.263027,11.88491,10
APH(4)-Ia,Salmonella enterica,2,7.3777447,14.27729,11.911709,10
emrR,Shigella flexneri,2,7.1435437,15.199323,-0.018618338,10
evgS,Shigella flexneri,2,7.1667433,15.140523,0.04238707,10
CMY-23,Salmonella enterica,2,7.3132544,14.257365,11.903183,10
sul3,Salmonella enterica,2,7.3424816,14.254158,11.8563595,10
aadA24,Salmonella enterica,2,7.324125,14.260835,11.896327,10
CMY-136,Salmonella enterica,2,7.2993298,14.260748,11.877696,10
ANT(2'')-Ia,Salmonella enterica,2,7.3503737,14.254997,11.906772,10
CRP,Salmonella enterica,2,7.237706,14.262728,11.836287,10
mphA,Shigella flexneri,2,7.231725,15.190156,-0.007325253,10
dfrA7,Salmonella enterica,2,7.32097,14.257061,11.897195,10
tet(M),Salmonella enterica,2,7.2881064,14.259576,11.903827,10
Hinf_PBP3_BLA,Salmonella enterica,2,7.3689613,14.181922,11.766879,10
Ecol_ampC_BLA,Shigella flexneri,2,7.188059,15.139309,0.043172143,10
emrR,Salmonella enterica,2,7.349867,14.228375,11.877598,10
evgS,Salmonella enterica,2,7.221794,14.256436,11.850576,10
oqxA,Salmonella enterica,2,7.2923303,14.295641,11.875289,10
aadA15,Shigella flexneri,2,7.2183924,15.15516,0.075233296,10
AAC(6')-Ib7,Aeromonas caviae,2,19.781137,10.52352,8.356114,10
Ecol_EFTu_PLV,Raoultella planticola,2,-3.8738148,-2.619774,7.855451,10
APH(6)-Id,Glaesserella parasuis,2,3.0465784,13.3372135,-3.2608583,10
Ngon_PBP2_BLA,Neisseria gonorrhoeae,2,17.481321,6.2848177,5.351444,10
norB,Neisseria gonorrhoeae,2,17.48135,6.2849007,5.3514047,10
floR,Acinetobacter indicus,2,16.109049,1.9688199,13.585115,10
mphE,Acinetobacter indicus,2,16.10907,1.9688326,13.585153,10
msrA,Staphylococcus saprophyticus,2,2.6793303,3.9270582,-8.571607,10
Efac_ACT_CHL,Staphylococcus saprophyticus,2,2.6793046,3.9270675,-8.571636,10
qacJ,Proteus penneri,2,,,,10
ErmC,Listeria monocytogenes,2,11.262795,-3.0129154,17.025873,10
ANT(4')-Ib,Bacillus velezensis,2,5.152963,-9.497301,-0.7826438,10
ErmG,Bacteroides ovatus,2,6.1003184,10.973888,-3.136642,10
floR,Riemerella anatipestifer,2,8.606609,-7.8608084,12.603529,10
H-NS,Cronobacter dublinensis,2,16.89087,3.8332894,4.720747,10
CTX-M-194,Escherichia coli,2,5.187228,0.9059293,8.978428,10
ErmC,Staphylococcus warneri,2,5.926621,17.74583,8.857625,10
APH(6)-Id,Pseudomonas monteilii,2,4.53103,8.925973,2.4816883,10
nimA,Enterocloster clostridioformis,2,8.113167,-4.7605705,-4.698451,10
tet(W),Enterocloster clostridioformis,2,8.112964,-4.7605824,-4.6984725,10
cmx,Corynebacterium diphtheriae,2,3.092797,14.695132,7.2959223,10
AcrS,Shigella sonnei,2,1.2942638,8.89857,12.997072,10
Kpne_KpnF,Shigella sonnei,2,1.3406622,8.802086,13.093726,10
Ecol_GlpT_FOF,Shigella sonnei,2,1.3243256,8.941544,12.951756,10
aadA8,Shigella sonnei,2,1.271493,8.84702,13.049242,10
mdtP,Shigella sonnei,2,1.2946261,8.8164625,13.078769,10
emrA,Shigella sonnei,2,1.3315188,8.870493,13.025176,10
mdtN,Shigella sonnei,2,1.2780334,8.866129,13.030112,10
mdtE,Shigella sonnei,2,1.4218497,8.97253,12.921657,10
tet(C),Shigella sonnei,2,1.3089441,8.923005,12.97439,10
ANT(3'')-IIa,Shigella sonnei,2,1.3201389,8.856329,13.038287,10
aadA24,Shigella sonnei,2,1.354419,8.861814,13.033287,10
qacJ,Shigella sonnei,2,1.3564801,8.853164,13.0396805,10
aadA15,Shigella sonnei,2,1.3820859,8.890255,12.997738,10
Efae_ACT_CHL,Enterococcus faecium,2,-8.845235,7.316603,2.1264403,10
fexA,Enterococcus faecium,2,-8.819507,7.226629,2.215845,10
catA8,Enterococcus faecium,2,-8.867258,7.2428293,2.2016346,10
AAC(6')-Ii,Enterococcus faecium,2,-8.87011,7.286421,2.157103,10
mphA,Enterobacter hormaechei,2,0.32428858,3.7387624,3.5830278,10
ANT(2'')-Ia,Enterobacter hormaechei,2,0.38637522,3.7954338,3.5657718,10
Ecol_UhpT_FOF,Enterobacter hormaechei,2,0.3702632,3.7559416,3.5688713,10
AAC(6')-Ib-cr6,Enterobacter hormaechei,2,0.35375026,3.741667,3.57574,10
qacG,Enterobacter hormaechei,2,0.2674768,3.8098083,3.6449742,10
mphE,Enterobacter hormaechei,2,0.13899471,3.8751497,3.7761023,10
MexF,Enterobacter hormaechei,2,0.26142287,3.824379,3.6507378,10
mdtC,Enterobacter hormaechei,2,0.3335125,3.8452983,3.5320337,10
aadA24,Enterobacter hormaechei,2,0.34254053,3.7937467,3.5816875,10
dfrA14,Enterobacter hormaechei,2,0.33703035,3.766279,3.5838299,10
eptB,Enterobacter hormaechei,2,0.27619842,3.765605,3.638788,10
LptD,Enterobacter hormaechei,2,0.2922376,3.787428,3.6048298,10
AAC(6')-Ib10,Enterobacter hormaechei,2,0.3445947,3.7297115,3.511141,10
OXA-796,Enterobacter hormaechei,2,0.2530807,3.8403451,3.6361299,10
IMP-79,Enterobacter hormaechei,2,0.30563295,3.8101945,3.5982037,10
Sser_gyrB_FLO,Citrobacter youngae,2,17.354746,9.608286,5.232185,10
ErmX,Bifidobacterium longum,2,-1.3491939,13.950278,2.0816789,10
aad(6),Campylobacter coli,2,15.1407,14.089706,0.2044406,10
lnuC,Campylobacter coli,2,15.143035,14.08823,0.20617947,10
AAC6_Ie_APH2_Ia,Campylobacter coli,2,15.191194,14.04021,0.25344908,10
MCR-1.7,Escherichia coli,2,5.2413974,0.8996619,8.941754,10
cmeC,Campylobacter coli,2,15.148633,14.082386,0.2114841,10
mtrA,Mycobacterium marinum,2,4.7563224,4.426184,5.217116,10
tet(45),Bacillus cereus,2,1.936542,-4.981254,-4.2409763,10
CfxA2,Parabacteroides distasonis,2,-3.0201974,14.083581,12.284024,10
Hpyl_23S_CLR,Moraxella catarrhalis,2,14.200033,11.686078,3.3904893,10
adeF,Pseudomonas brassicacearum,2,4.694505,-1.8636898,-1.2442085,10
marA,Citrobacter freundii,2,13.627154,-0.07024412,12.606687,10
dfrA1,Citrobacter freundii,2,13.693774,0.023136476,12.525837,10
Hinf_PBP3_BLA,Citrobacter freundii,2,13.709085,0.01116479,12.468085,10
acrD,Citrobacter freundii,2,13.687189,-0.011946397,12.565855,10
DfrA37,Citrobacter freundii,2,13.63894,0.025005454,12.441963,10
arr-3,Citrobacter freundii,2,13.650375,-0.049862944,12.503101,10
baeR,Citrobacter freundii,2,13.712523,0.013078767,12.538216,10
QnrB10,Citrobacter freundii,2,13.592158,-0.10705843,12.412674,10
mphA,Citrobacter freundii,2,13.739962,0.026288304,12.539368,10
QnrB6,Citrobacter freundii,2,13.702549,0.0036506734,12.538263,10
AAC(6')-Ib-cr9,Citrobacter freundii,2,13.780811,-0.02408624,12.61857,10
PmrF,Citrobacter freundii,2,13.687833,-0.012553912,12.538172,10
OprZ,Achromobacter xylosoxidans,2,7.764434,4.1951575,-5.606676,10
qacJ,Achromobacter xylosoxidans,2,7.7855372,4.1731863,-5.6047916,10
APH(3'')-Ib,Escherichia fergusonii,2,-1.8958851,13.688144,-4.5655956,10
baeR,Escherichia fergusonii,2,-1.9401653,13.623056,-4.5004106,10
cmlA6,Escherichia fergusonii,2,-1.930183,13.639262,-4.5166235,10
cmlA5,Escherichia fergusonii,2,-1.908406,13.661784,-4.539174,10
gadX,Shigella boydii,2,16.759401,3.9286215,8.05966,10
mdtO,Shigella boydii,2,16.748116,3.8524127,7.983876,10
YojI,Shigella boydii,2,16.724758,3.9091177,8.039954,10
emrA,Shigella boydii,2,16.770039,3.9268446,8.055076,10
Ecol_gyrA_FLO,Shigella boydii,2,16.711477,3.9063444,8.035287,10
gadW,Shigella boydii,2,16.659782,3.945345,8.076126,10
evgA,Shigella boydii,2,16.758913,3.9525893,8.082974,10
mdtG,Shigella boydii,2,16.742725,3.9091358,8.037569,10
mdtM,Shigella boydii,2,16.711367,3.9008534,8.03121,10
mdtC,Klebsiella michiganensis,2,-6.0769286,1.2601435,-5.54889,10
aadA17,Proteus mirabilis,2,9.858407,7.9272327,-8.183207,10
SAT-2,Proteus mirabilis,2,9.858275,7.926942,-8.183323,10
catB3,Proteus mirabilis,2,9.836611,7.9486146,-8.205259,10
QnrD1,Proteus mirabilis,2,9.869012,7.9215617,-8.176047,10
ANT(3'')-IIa,Proteus mirabilis,2,9.859327,7.927283,-8.182877,10
ANT(4')-Ib,Staphylococcus haemolyticus,2,10.713415,10.561319,12.785977,10
ErmC,Staphylococcus haemolyticus,2,10.728682,10.545918,12.7758465,10
tet(K),Staphylococcus haemolyticus,2,10.7156725,10.559027,12.785514,10
tet(45),Staphylococcus haemolyticus,2,10.70478,10.569902,12.782192,10
qacB,Staphylococcus haemolyticus,2,10.714372,10.560379,12.785408,10
vanR_in_vanO_cl,Nocardia farcinica,2,,,,10
Ssui_ACT_CHL,Rhizobium leguminosarum,2,-2.948343,-0.88143903,3.9745173,10
qacG,Acinetobacter lwoffii,2,8.267392,-4.733381,2.0544648,10
adeI,Acinetobacter pittii,2,-7.1256313,4.393685,-1.5684451,10
VIM-4,Acinetobacter pittii,2,-7.1184473,4.3873043,-1.5728834,10
ANT(2'')-Ia,Vibrio alginolyticus,2,-4.2331486,15.013177,6.7753386,10
floR,Vibrio alginolyticus,2,-4.231394,15.011583,6.7768884,10
AAC(6')-IIa,Vibrio alginolyticus,2,-4.230347,15.010583,6.777891,10
tet(K),Staphylococcus simulans,2,4.8570867,-0.9785281,-6.7109313,10
qacG,Staphylococcus epidermidis,2,5.03755,11.541492,14.845731,10
mdeA,Staphylococcus epidermidis,2,5.03249,11.501645,14.815253,10
ErmA,Staphylococcus epidermidis,2,5.051795,11.519517,14.83297,10
Saur_mupA_MUP,Staphylococcus epidermidis,2,5.007173,11.475625,14.789351,10
tet(45),Staphylococcus epidermidis,2,5.0466714,11.516314,14.828911,10
otr(A)S.rim,Bacillus cereus,2,1.9430993,-4.9661264,-4.228465,10
fusB,Staphylococcus epidermidis,2,5.0360875,11.505852,14.818218,10
tet(W),Bifidobacterium breve,2,5.0871224,4.1428757,6.5188627,10
ErmT,Lactobacillus crispatus,2,-8.150855,11.430093,6.35685,10
aadA24,Burkholderia mallei,2,,,,10
rsmA,Klebsiella quasipneumoniae,2,-0.7045296,-3.5830855,4.876739,10
TEM-1,Klebsiella quasipneumoniae,2,-0.68166655,-3.5390496,4.899942,10
dfrA12,Klebsiella quasipneumoniae,2,-0.77701914,-3.5067916,4.835956,10
mdtP,Klebsiella quasipneumoniae,2,-0.72280926,-3.5607743,4.8919945,10
APH(6)-Id,Klebsiella quasipneumoniae,2,-0.7557627,-3.5309134,4.858093,10
AAC(3)-IIc,Klebsiella quasipneumoniae,2,-0.6613698,-3.5915215,4.9548535,10
qacG,Pseudomonas mendocina,2,7.621316,-4.132309,11.205924,10
ErmC,Neisseria sicca,2,5.520843,6.8531594,6.0227723,10
cmlA6,Trueperella pyogenes,2,2.800292,7.5028524,4.409041,10
Kpne_KpnF,Leclercia adecarboxylata,2,2.0508819,9.195538,2.7440987,10
adeF,Bordetella petrii,2,5.43361,9.698958,5.315727,10
sul2,Streptococcus suis,2,9.370699,17.48071,8.506992,10
tet(W),Streptococcus suis,2,9.312163,17.532013,8.45243,10
vanXY_in_vanG,Streptococcus suis,2,9.319245,17.538519,8.444619,10
tet(H),Streptococcus suis,2,9.333937,17.51098,8.47369,10
tet(O/M/O),Streptococcus suis,2,9.316484,17.495035,8.48983,10
tet(B),Providencia stuartii,2,3.905377,-6.447303,16.574057,10
Kpne_KpnF,Providencia stuartii,2,3.9053771,-6.4473085,16.574068,10
qacJ,Providencia stuartii,2,3.905379,-6.4473066,16.57407,10
APH(3')-IIa,Providencia stuartii,2,3.9053407,-6.4473433,16.574078,10
OprJ,Pseudomonas aeruginosa,2,2.3551443,10.816724,-0.043274563,10
QnrVC1,Pseudomonas aeruginosa,2,2.373081,10.887932,-0.0037692287,10
CMY-171,Escherichia coli,2,5.1941957,0.8639253,8.951786,10
aadA10,Pseudomonas aeruginosa,2,2.3680353,10.914349,0.04488952,10
MexB,Pseudomonas aeruginosa,2,2.2659557,10.837758,0.017345555,10
MexD,Pseudomonas aeruginosa,2,2.290074,10.837471,-0.012145218,10
basS,Pseudomonas aeruginosa,2,2.318034,10.882355,0.026163349,10
IMP-1,Pseudomonas aeruginosa,2,2.2848868,10.848067,0.012492609,10
Ecol_16rrsC_KAS,Escherichia coli,2,5.2811666,0.9295781,8.918001,10
aadA2,Pseudomonas aeruginosa,2,2.2871912,10.885788,0.0359535,10
TriC,Pseudomonas aeruginosa,2,2.2325404,10.813406,0.0039398693,10
tet(K),Pseudomonas aeruginosa,2,2.1911647,10.76731,0.0046264846,10
bcr-1,Pseudomonas aeruginosa,2,2.2541468,10.828991,0.010423591,10
VEB-9,Pseudomonas aeruginosa,2,2.231419,10.823548,0.04357329,10
VIM-2,Pseudomonas aeruginosa,2,2.260801,10.811104,-0.021551121,10
TriB,Pseudomonas aeruginosa,2,2.2111912,10.744661,0.027155353,10
MuxC,Pseudomonas aeruginosa,2,2.231751,10.761391,-0.027556932,10
mphE,Pseudomonas aeruginosa,2,2.2585526,10.789796,-0.043636717,10
aadA8,Pseudomonas aeruginosa,2,2.171911,10.734757,0.00992304,10
catB3,Pseudomonas aeruginosa,2,2.1871428,10.754396,0.0025810564,10
TEM-70,Escherichia coli,2,5.258909,0.9081932,8.947396,10
ANT3Ii_AAC6_IID,Pseudomonas aeruginosa,2,2.0657725,10.67761,0.01694982,10
MexH,Pseudomonas aeruginosa,2,2.1363025,10.696991,-0.013088598,10
arnA,Pseudomonas aeruginosa,2,2.1780605,10.756185,0.0017802912,10
qacJ,Bacillus pumilus,2,5.221593,-1.7798604,1.468815,10
Ecol_acrA,Escherichia marmotae,2,9.827589,7.603256,14.192836,10
adeF,Stenotrophomonas maltophilia,2,-3.604424,7.0785165,12.092025,10
smeC,Stenotrophomonas maltophilia,2,-3.590328,7.065025,12.078619,10
smeS,Stenotrophomonas maltophilia,2,-3.6092067,7.0837955,12.09728,10
smeF,Stenotrophomonas maltophilia,2,-3.6060278,7.089069,12.093426,10
floR,Stenotrophomonas maltophilia,2,-3.5932202,7.0675364,12.081181,10
ANT(4')-Ib,Stenotrophomonas maltophilia,2,-3.6126516,7.0872083,12.100801,10
qacA,Staphylococcus capitis,2,1.2785208,12.8859415,20.685314,10
Saur_mupA_MUP,Staphylococcus capitis,2,1.2785025,12.885949,20.68533,10
ANT(3'')-IIa,Enterobacter kobei,2,4.1160984,11.089958,-6.7367525,10
adeF,Enterobacter kobei,2,4.090067,11.091524,-6.762919,10
OXA-169,Acinetobacter baumannii,2,2.1037014,-0.9826618,-2.417768,10
tet(A),Acinetobacter baumannii,2,2.1304924,-0.96369517,-2.4772344,10
OXA-435,Acinetobacter baumannii,2,2.090222,-1.0187385,-2.407535,10
TEM-171,Acinetobacter baumannii,2,2.0488265,-0.96277314,-2.495091,10
aadA8,Acinetobacter baumannii,2,2.1437566,-0.9311303,-2.4978602,10
OXA-893,Acinetobacter baumannii,2,2.1174655,-1.0031317,-2.5156815,10
abeM,Acinetobacter baumannii,2,2.1997473,-0.8997078,-2.5813103,10
TolC,Acinetobacter baumannii,2,2.1413996,-0.9341848,-2.5570204,10
OXA-24,Acinetobacter baumannii,2,2.1462214,-0.924603,-2.522295,10
abeS,Acinetobacter baumannii,2,2.151393,-0.9298284,-2.5866504,10
OXA-239,Acinetobacter baumannii,2,2.081955,-0.85854524,-2.6220176,10
OXA-58,Acinetobacter baumannii,2,2.15836,-0.906158,-2.7069635,10
adeJ,Acinetobacter baumannii,2,2.162469,-0.9269543,-2.5744739,10
TEM-163,Acinetobacter baumannii,2,2.1421332,-0.92304,-2.560856,10
OXA-897,Acinetobacter baumannii,2,2.2400641,-0.9242286,-2.7527523,10
OXA-225,Acinetobacter baumannii,2,2.1726117,-0.8790267,-2.6390052,10
acrB,Acinetobacter baumannii,2,2.1566162,-0.89326763,-2.6462157,10
qacG,Acinetobacter baumannii,2,2.1540792,-0.8896167,-2.671755,10
AcrE,Acinetobacter baumannii,2,2.1716049,-0.84782904,-2.6645417,10
AAC(3)-IIc,Acinetobacter baumannii,2,2.1732624,-0.8442273,-2.6800954,10
AAC(3)-IId,Acinetobacter baumannii,2,2.2163565,-0.78252375,-2.7480955,10
TEM-1,Acinetobacter baumannii,2,2.1735709,-0.876243,-2.6478438,10
floR,Acinetobacter baumannii,2,2.2139423,-0.78723514,-2.785086,10
adeH,Acinetobacter baumannii,2,2.172679,-0.8196932,-2.777499,10
OXA-422,Acinetobacter baumannii,2,2.1383295,-0.82095647,-2.720425,10
rmtB,Acinetobacter baumannii,2,2.223579,-0.7182544,-2.8101628,10
Kpne_KpnG,Acinetobacter baumannii,2,2.2040472,-0.7418866,-2.8685327,10
AAC(6')-Ib10,Acinetobacter baumannii,2,2.1562424,-0.8307297,-2.8141778,10
OXA-103,Acinetobacter baumannii,2,2.1980004,-0.68432045,-2.8162646,10
adeF,Acinetobacter baumannii,2,2.2025933,-0.6706716,-2.859385,10
OXA-816,Acinetobacter baumannii,2,2.2161152,-0.7407193,-2.8139925,10
Abau_AmvA,Acinetobacter baumannii,2,2.1447392,-0.84609765,-2.7428167,10
AAC(6')-Ib7,Acinetobacter baumannii,2,2.2103772,-0.73028487,-2.8135521,10
tet(O),Helicobacter pullorum,2,-2.0056236,5.8407073,-1.9211601,10
AAC6_Ie_APH2_Ia,Helicobacter pullorum,2,-2.0057027,5.8407073,-1.9212242,10
APH(3')-IIa,Bacillus amyloliquefaciens,2,6.0807447,-4.2077413,-5.201934,10
qacJ,Bacillus amyloliquefaciens,2,6.0805283,-4.2076426,-5.202019,10
CMY-174,Escherichia coli,2,5.3051867,0.9247083,8.82477,10
qacG,Staphylococcus equorum,2,-4.1736126,2.8939497,-3.740266,10
aadA,Providencia rettgeri,2,15.881872,10.082133,15.177941,10
Hpyl_23S_CLR,Helicobacter pylori,2,,,,10
tet(32),Collinsella aerofaciens,2,8.018463,10.894956,6.4162345,10
Bsui_mprF,Brucella abortus,2,8.009967,6.4454236,7.293694,10
Ecol_EFTu_PLV,Haemophilus influenzae,2,-1.5090692,11.444085,-2.466717,10
lmrP,Streptococcus pyogenes,2,16.997057,-2.6507542,8.217114,10
Abau_AbaQ,Pseudomonas syringae,2,7.1200705,15.707354,-5.02034,10
rsmA,Pseudomonas syringae,2,7.12003,15.707327,-5.020319,10
catB3,Serratia marcescens,2,14.324707,-4.853141,-0.81197304,10
AAC(6')-Ic,Serratia marcescens,2,14.300658,-4.841503,-0.8015532,10
ANT(3'')-IIa,Serratia marcescens,2,14.35546,-4.7817802,-0.7425007,10
AAC(3)-IIe,Serratia marcescens,2,14.293318,-4.862791,-0.82227874,10
catB3,Aeromonas veronii,2,-9.945779,7.7842073,9.242526,10
MOX-9,Aeromonas veronii,2,-9.945783,7.784211,9.242522,10
tet(C),Aeromonas veronii,2,-9.945803,7.784202,9.24255,10
fexA,Enterococcus faecalis,2,16.586042,-1.5257238,2.2959454,10
catA8,Enterococcus faecalis,2,16.56299,-1.5434394,2.274892,10
Saur_mupA_MUP,Enterococcus faecalis,2,16.570433,-1.5567124,2.2529178,10
vanA,Enterococcus faecalis,2,16.56698,-1.5706524,2.308919,10
tet(S),Enterococcus faecalis,2,16.53309,-1.5124364,2.3078277,10
Ecol_UhpT_FOF,Citrobacter portucalensis,2,12.173346,5.67718,18.864851,10
tet(A),Citrobacter portucalensis,2,12.163675,5.667354,18.874662,10
Ecol_mdfA,Citrobacter portucalensis,2,12.193841,5.6978617,18.844103,10
nimE,Bacteroides fragilis,2,0.06288852,0.4810714,13.510639,10
aadS,Bacteroides fragilis,2,0.06249003,0.48088905,13.510988,10
RlmA(II),Streptococcus pneumoniae,2,-0.10476539,-4.841789,-1.789497,10
Lreu_cat-TC,Streptococcus pneumoniae,2,-0.10402512,-4.840759,-1.7890913,10
aad(6),Streptococcus pneumoniae,2,-0.10592541,-4.8428936,-1.7908994,10
ANT(6)-Ia,Streptococcus agalactiae,2,14.6375675,13.61178,11.366635,10
adeF,Citrobacter amalonaticus,2,7.1517115,-5.587411,6.1976466,10
CRP,Citrobacter amalonaticus,2,7.152047,-5.585887,6.196323,10
Hinf_PBP3_BLA,Citrobacter amalonaticus,2,7.151978,-5.586047,6.196621,10
Kpne_KpnF,Citrobacter amalonaticus,2,7.152027,-5.5858865,6.1963587,10
vgaA,Staphylococcus aureus,2,11.388054,2.3330123,-6.4730754,10
lsaE,Staphylococcus aureus,2,11.515588,2.325415,-6.395405,10
vanS_in_vanA_cl,Staphylococcus aureus,2,11.439357,2.3832858,-6.5099916,10
TEM-116,Staphylococcus aureus,2,11.447923,2.3197792,-6.4214945,10
lnuB,Staphylococcus aureus,2,11.488503,2.4409623,-6.5497403,10
APH(3'')-Ib,Staphylococcus aureus,2,11.44979,2.404777,-6.5064445,10
tet(B),Streptococcus pyogenes,2,16.971998,-2.6599507,8.244628,10
Lreu_cat-TC,Staphylococcus aureus,2,11.463241,2.347482,-6.447752,10
cfrA,Staphylococcus aureus,2,11.442817,2.3676105,-6.498236,10
YojI,Staphylococcus aureus,2,11.427264,2.3140848,-6.4363723,10
sepA,Staphylococcus aureus,2,11.56876,2.4064353,-6.436188,10
catA8,Staphylococcus aureus,2,11.478805,2.3554406,-6.452779,10
TEM-115,Escherichia coli,2,5.379534,0.98904926,8.879409,10
adeF,Burkholderia lata,2,7.18853,9.191848,2.9342701,10
KPC-3,Escherichia coli,2,5.3675504,0.9949523,8.944981,10
tet(M),Streptococcus intermedius,2,,,,10
ANT(3'')-IIa,Paeniclostridium sordellii,2,8.829344,4.11731,12.3354645,10
TEM-219,Escherichia coli,2,5.3609395,0.97774535,8.91972,10
lnuG,Escherichia coli,2,5.3176994,0.92964387,8.879458,10
CTX-M-65,Escherichia coli,2,5.3911448,0.99765503,8.902251,10
OXA-580,Campylobacter jejuni,2,-7.1827774,-5.852584,3.9282458,10
TEM-236,Escherichia coli,2,5.392279,0.9961486,8.894858,10
msrE,Escherichia coli,2,5.3778777,0.99441224,8.922993,10
APH(6)-Ic,Escherichia coli,2,5.3127756,0.9467131,8.92319,10
OXA-48,Escherichia coli,2,5.4457507,1.0394834,8.919305,10
CTX-M-138,Escherichia coli,2,5.4254003,1.0323905,8.909175,10
TEM-110,Escherichia coli,2,5.4216633,1.0130187,8.794218,10
arr-2,Escherichia coli,2,5.426796,1.0268381,8.91966,10
LAP-2,Escherichia coli,2,5.4933853,1.0687623,8.899071,10
SAT-4,Campylobacter jejuni,2,-7.090863,-5.797763,3.8360517,10
Cjej_23S_ERY,Campylobacter jejuni,2,-7.1116314,-5.797071,3.8567972,10
QnrB10,Escherichia coli,2,5.416651,1.0183129,8.911641,10
ICR-Mo,Escherichia coli,2,5.6077876,1.1630268,8.933508,10
OXA-659,Campylobacter jejuni,2,-7.112389,-5.79623,3.8575552,10
BRP(MBL),Escherichia coli,2,5.4492044,1.076863,8.852395,10
CTX-M-88,Escherichia coli,2,5.4869595,1.0606976,8.889636,10
EC-16,Escherichia coli,2,5.5091333,1.0933282,8.938405,10
TEM-99,Escherichia coli,2,5.825591,1.3459401,8.9990015,10
CTX-M-207,Escherichia coli,2,5.6123424,1.1733276,8.948198,10
CTX-M-238,Escherichia coli,2,5.5076594,1.0849215,8.90859,10
emrR,Shigella dysenteriae,2,4.6933894,-9.866441,9.163832,10
Kpne_KpnG,Escherichia coli,2,5.5331864,1.101237,8.903158,10
TEM-163,Escherichia coli,2,5.600268,1.1565502,8.932441,10
Ecol_mdfA,Shigella dysenteriae,2,4.688201,-9.873157,9.1705065,10
tet(O/M/O),Escherichia coli,2,5.6358767,1.1890917,8.952734,10
CTX-M-231,Escherichia coli,2,5.671869,1.2240874,8.97528,10
AcrE,Shigella dysenteriae,2,4.653931,-9.906953,9.20372,10
acrD,Shigella dysenteriae,2,4.6861362,-9.875126,9.172262,10
mdtG,Shigella dysenteriae,2,4.7217803,-9.838935,9.135844,10
MCR-5.1,Escherichia coli,2,5.644352,1.1938169,8.953895,10
msbA,Enterobacter cloacae,2,12.549299,-2.9025104,-6.096161,10
TEM-128,Escherichia coli,2,5.672655,1.2181205,8.96838,10
MCR-1.5,Escherichia coli,2,5.6833367,1.2263598,8.963816,10
CTX-M-225,Escherichia coli,2,5.6852655,1.2268689,8.968903,10
TEM-132,Escherichia coli,2,5.705443,1.2515705,8.999074,10
FosA4,Escherichia coli,2,5.6504545,1.2015536,8.9872055,10
CRP,Enterobacter cloacae,2,12.571556,-2.8802829,-6.1184487,10
AAC(3)-VIa,Escherichia coli,2,5.9092464,1.4190661,9.042612,10
CMY-60,Escherichia coli,2,5.7299943,1.2634645,8.984896,10
TEM-237,Escherichia coli,2,5.8852954,1.4009862,8.937523,10
Kpne_KpnF,Enterobacter cloacae,2,12.611612,-2.8356812,-6.160255,10
H-NS,Enterobacter cloacae,2,12.470295,-2.9808855,-6.017454,10
Ecol_MarR_MULT,Enterobacter cloacae,2,12.584133,-2.8671713,-6.1311955,10
TEM-191,Escherichia coli,2,5.832413,1.3524083,9.038748,10
LAP-2,Enterobacter cloacae,2,12.553043,-2.89835,-6.1000986,10
tet(38),Escherichia coli,1,5.810977,1.3298328,9.011933,10
KPC-2,Escherichia coli,1,5.91573,1.4151409,9.067408,10
Mtub_23S_CAP,Escherichia coli,1,5.862985,1.3723516,9.052476,10
MCR-9.1,Enterobacter cloacae,1,12.564112,-2.8871794,-6.111272,10
armA,Enterobacter cloacae,1,12.540757,-2.910398,-6.088017,10
AAC(6')-Ib7,Enterobacter cloacae,1,12.539723,-2.9113479,-6.086994,10
MCR-3.1,Escherichia coli,1,5.857877,1.3704554,9.044188,10
QnrS1,Enterobacter cloacae,1,12.594624,-2.856687,-6.1417346,10
TEM-133,Enterobacter cloacae,1,12.52623,-2.9250908,-6.073358,10
TEM-189,Escherichia coli,1,5.7750635,1.2952743,8.995398,10
qacE,Enterobacter cloacae,1,12.450187,-3.000868,-5.9975047,10
aadA12,Enterobacter cloacae,1,12.54407,-2.9071193,-6.0913734,10
QnrB23,Escherichia coli,1,6.016089,1.5053087,9.136459,10
Lreu_cat-TC,Escherichia coli,1,6.0564747,1.5210658,9.154614,10
tet(O),Anaerostipes hadrus,1,,,,10
CTX-M-117,Escherichia coli,1,6.00222,1.4899067,9.142792,10
AAC(6')-Ib',Escherichia coli,1,6.229743,1.6891011,9.225684,10
CTX-M-216,Escherichia coli,1,6.0533047,1.5348228,9.178228,10
AAC(6')-Ib3,Escherichia coli,1,5.9866943,1.477558,9.134248,10
tet(45),Providencia alcalifaciens,1,,,,10
OXA-31,Escherichia coli,1,6.3657417,1.8074515,9.4305935,10
rsmA,Aeromonas hydrophila,1,-6.5275726,-2.0539296,-0.06402822,10
CTX-M-177,Escherichia coli,1,6.029926,1.5074923,9.168618,10
AAC(3)-IIa,Escherichia coli,1,6.0548067,1.5345802,9.191084,10
QnrS10,Escherichia coli,1,6.2262416,1.6837186,9.300965,10
QnrB56,Escherichia coli,1,6.011902,1.4909368,9.16845,10
QnrB17,Escherichia coli,1,6.0988035,1.5689046,9.216734,10
MdtK,Escherichia coli,1,6.2330613,1.6796925,9.308561,10
TEM-91,Escherichia coli,1,6.2839994,1.7242066,9.359361,10
QnrB13,Aeromonas hydrophila,1,-6.5275807,-2.0539346,-0.0640328,10
eptB,Escherichia coli,1,6.2638044,1.7048199,9.324921,10
DHA-7,Escherichia coli,1,6.110706,1.5741342,9.233509,10
CMY-149,Escherichia coli,1,6.206633,1.6427679,9.289096,10
catI,Aeromonas hydrophila,1,-6.5276184,-2.0539384,-0.06403365,10
rosA,Escherichia coli,1,6.70684,2.0858085,9.746216,10
Ecol_EFTu_PLV,Aeromonas hydrophila,1,-6.527621,-2.0539486,-0.06400184,10
OXA-534,Escherichia coli,1,6.2668643,1.7095014,9.346478,10
CTX-M-111,Escherichia coli,1,6.3274155,1.753067,9.410761,10
cmlA5,Aeromonas hydrophila,1,-6.5276084,-2.0539565,-0.0640517,10
SHV-75,Escherichia coli,1,6.3948,1.8155324,9.46294,10
CTX-M-129,Escherichia coli,1,6.394865,1.8042843,9.475979,10
tet(A),Aeromonas hydrophila,1,-6.5275927,-2.0539246,-0.064039625,10
CTX-M-3,Escherichia coli,1,6.3859663,1.8104751,9.452648,10
Mgen_parC_MXF,Mycoplasma genitalium,1,,,,10
CMY-164,Escherichia coli,1,6.4814487,1.892197,9.545987,10
CMY-77,Escherichia coli,1,6.5040874,1.9083776,9.568135,10
tet(C),Brucella suis,1,,,,10
SHV-171,Escherichia coli,1,6.487748,1.8936371,9.549527,10
rsmA,Plesiomonas shigelloides,1,4.809907,6.7155423,-1.356266,10
TEM-98,Escherichia coli,1,6.5203447,1.915601,9.594208,10
tet(X5),Escherichia coli,1,6.6529446,2.0295098,9.705207,10
floR,Plesiomonas shigelloides,1,4.8099117,6.715493,-1.3562971,10
CTX-M-189,Escherichia coli,1,6.513402,1.9097188,9.5975895,10
QnrB20,Escherichia coli,1,6.68265,2.057698,9.739735,10
AAC(6')-Ib-cr7,Escherichia coli,1,6.572632,1.9611883,9.6409235,10
OXA-33,Escherichia coli,1,6.74306,2.134902,9.876309,10
TEM-67,Escherichia coli,1,6.6933875,2.0506198,9.777729,10
SHV-198,Escherichia coli,1,6.6561866,2.0272524,9.678243,10
Ngon_23S_AZM,Escherichia coli,1,6.600315,1.9905928,9.674387,10
CTX-M-220,Escherichia coli,1,6.6034145,1.9938601,9.707385,10
TEM-126,Escherichia coli,1,6.8254833,2.2135003,10.014377,10
rmtC,Morganella morganii,1,15.660477,12.507871,-1.7202922,10
tet(A),Morganella morganii,1,15.704077,12.550061,-1.7634633,10
tet(D),Morganella morganii,1,15.684017,12.531828,-1.7434223,10
MCR-5.1,Morganella morganii,1,15.723811,12.571661,-1.7831879,10
mphA,Morganella morganii,1,15.669772,12.5176115,-1.7291856,10
EreA2,Morganella morganii,1,15.686113,12.533762,-1.7456311,10
APH(3'')-Ib,Morganella morganii,1,15.663505,12.511122,-1.7229856,10
CTX-M-3,Morganella morganii,1,15.729287,12.577112,-1.7886034,10
tet(B),Morganella morganii,1,15.666334,12.514288,-1.725698,10
aadA,Morganella morganii,1,15.68623,12.533738,-1.7457415,10
ErmB,Phocaeicola vulgatus,1,15.941499,5.1943173,11.425679,10
msrE,Morganella morganii,1,15.686314,12.533919,-1.7458203,10
basS,Morganella morganii,1,15.752861,12.600803,-1.8122865,10
Erm(33),Morganella morganii,1,15.663048,12.511311,-1.7222881,10
AAC(6')-Ib9,Morganella morganii,1,15.663238,12.511037,-1.7227355,10
aadA8,Morganella morganii,1,15.684158,12.53187,-1.7436777,10
DHA-25,Morganella morganii,1,15.702072,12.544214,-1.7618477,10
tetR,Morganella morganii,1,15.725373,12.572929,-1.784938,10
qacG,Morganella morganii,1,15.684782,12.532544,-1.7441396,10
acrB,Burkholderia contaminans,1,12.119398,2.567829,6.6192183,10
TEM-88,Burkholderia contaminans,1,12.119407,2.5677702,6.6192727,10
TEM-108,Burkholderia contaminans,1,12.1195,2.567786,6.6192245,10
CfxA2,Phocaeicola vulgatus,1,15.936872,5.188545,11.421559,10
CTX-M-238,Klebsiella aerogenes,1,2.584989,8.322079,18.639442,10
BRP(MBL),Klebsiella aerogenes,1,2.6060905,8.3013115,18.660278,10
FosA7,Klebsiella aerogenes,1,2.56804,8.3395405,18.622803,10
APH(3')-VI,Klebsiella aerogenes,1,2.566685,8.340707,18.620913,10
sul1,Klebsiella aerogenes,1,2.5653474,8.342095,18.619444,10
Ecol_AcrR_MULT,Klebsiella aerogenes,1,2.5848835,8.322488,18.639101,10
QnrB70,Klebsiella aerogenes,1,2.568008,8.339389,18.622196,10
AAC(6')-Ib-cr3,Klebsiella aerogenes,1,2.5503101,8.357203,18.604397,10
msbA,Klebsiella aerogenes,1,2.559323,8.348038,18.613369,10
CfxA4,Phocaeicola vulgatus,1,15.941941,5.1948733,11.425845,10
ErmC,Phocaeicola vulgatus,1,15.941758,5.1944523,11.425747,10
Lreu_cat-TC,Phocaeicola vulgatus,1,15.941938,5.194644,11.425807,10
AcrF,Klebsiella aerogenes,1,2.580979,8.326349,18.635305,10
KPC-29,Klebsiella aerogenes,1,2.5639246,8.343488,18.61805,10
OXA-1,Klebsiella aerogenes,1,2.5649316,8.342507,18.619207,10
adeF,Chryseobacterium nakagawai,1,,,,10
DHA-27,Klebsiella aerogenes,1,2.5778217,8.330633,18.630135,10
adeF,Methylorubrum populi,1,,,,10
APH(6)-Id,Enterobacter asburiae,1,-2.2957103,12.445094,17.70604,10
SHV-12,Enterobacter asburiae,1,-2.3146079,12.434902,17.712666,10
FosA3,Vibrio parahaemolyticus,1,5.7760234,3.0504105,17.179821,10
cmeB,Vibrio parahaemolyticus,1,5.7212615,3.1043541,17.23234,10
CARB-18,Vibrio parahaemolyticus,1,5.7285156,3.097129,17.226606,10
MCR-1.3,Vibrio parahaemolyticus,1,5.7037253,3.122273,17.2517,10
qacG,Vibrio parahaemolyticus,1,5.6758714,3.1502385,17.279734,10
VEB-6,Vibrio parahaemolyticus,1,5.745587,3.0795825,17.209229,10
AAC(6')-Ib-cr5,Enterobacter asburiae,1,-2.3194826,12.421838,17.72913,10
CMY-31,Vibrio parahaemolyticus,1,5.762403,3.063302,17.19295,10
cmlA1,Vibrio parahaemolyticus,1,5.7475123,3.078269,17.207882,10
H-NS,Enterobacter asburiae,1,-2.2942116,12.463938,17.687065,10
TEM-181,Vibrio parahaemolyticus,1,5.725651,3.0999267,17.22956,10
QnrVC7,Vibrio parahaemolyticus,1,5.730282,3.0931897,17.222837,10
qacEdelta1,Vibrio parahaemolyticus,1,5.7670617,3.0588346,17.188486,10
ANT(2'')-Ia,Enterobacter asburiae,1,-2.2970808,12.445358,17.705708,10
APH(3')-VI,Vibrio parahaemolyticus,1,5.694683,3.132504,17.261974,10
aadA16,Enterobacter asburiae,1,-2.3164036,12.432804,17.718697,10
EreA2,Enterobacter asburiae,1,-2.2679784,12.441781,17.709072,10
aadA24,Vibrio parahaemolyticus,1,5.762988,3.0638127,17.193428,10
tet(35),Vibrio parahaemolyticus,1,5.719965,3.106887,17.236456,10
tet(B),Vibrio parahaemolyticus,1,5.716495,3.1106052,17.240236,10
aadA16,Vibrio parahaemolyticus,1,5.647736,3.1814706,17.310854,10
CARB-42,Vibrio parahaemolyticus,1,5.7057114,3.129954,17.259478,10
QnrS2,Vibrio parahaemolyticus,1,5.7406507,3.0863001,17.21575,10
arr-2,Vibrio parahaemolyticus,1,5.7216372,3.1047843,17.234385,10
tet(D),Vibrio parahaemolyticus,1,5.7354817,3.09185,17.221306,10
VEB-26,Vibrio parahaemolyticus,1,5.722998,3.1045353,17.234146,10
CTX-M-52,Enterobacter asburiae,1,-2.3162715,12.424985,17.726166,10
CMY-59,Vibrio parahaemolyticus,1,5.67906,3.1498814,17.279243,10
VEB-1,Vibrio parahaemolyticus,1,5.6948314,3.0767872,17.206135,10
VEB-1b,Vibrio parahaemolyticus,1,5.73975,3.0836303,17.212978,10
CTX-M-155,Enterobacter asburiae,1,-2.2714865,12.464692,17.686413,10
CTX-M-109,Enterobacter asburiae,1,-2.284293,12.457392,17.693762,10
tet(X4),Myroides phaeus,1,,,,10
Paer_soxR,Pseudomonas koreensis,1,,,,10
FosB2,Bacillus anthracis,1,,,,10
qacG,Moraxella osloensis,1,2.5553117,3.5904956,4.494613,10
ICR-Mo,Moraxella osloensis,1,2.5553875,3.5904665,4.494654,10
adeB,Acinetobacter nosocomialis,1,11.6195755,13.492789,4.2885685,10
Abau_AbaF,Acinetobacter nosocomialis,1,11.619474,13.49289,4.2885046,10
APH(3')-IIa,Acinetobacter nosocomialis,1,11.620234,13.492572,4.2889,10
sul2,Acinetobacter nosocomialis,1,11.619641,13.492667,4.288608,10
sul1,Acinetobacter nosocomialis,1,11.619676,13.492765,4.2886105,10
POM-1,Acinetobacter nosocomialis,1,11.61964,13.492796,4.2885623,10
adeG,Acinetobacter nosocomialis,1,11.619532,13.492886,4.2885385,10
FosB1,Staphylococcus lugdunensis,1,-1.4282898,1.0737746,2.6103106,10
Erm(33),Staphylococcus lugdunensis,1,-1.4282795,1.0737989,2.6103406,10
OXA-929,Klebsiella pneumoniae,1,6.262881,5.7067885,3.2968876,10
APH(3'')-Ib,Enterobacter asburiae,1,-2.2937393,12.447322,17.703876,10
TEM-30,Klebsiella pneumoniae,1,6.3208137,5.66295,3.230914,10
SHV-16,Klebsiella pneumoniae,1,6.1803093,5.654708,3.2221591,10
SHV-153,Klebsiella pneumoniae,1,6.2735324,5.758019,3.1895287,10
SHV-31,Klebsiella pneumoniae,1,6.274188,5.723975,3.3150392,10
OXA-245,Klebsiella pneumoniae,1,6.300343,5.7508826,3.2375762,10
TEM-228,Klebsiella pneumoniae,1,6.191958,5.7154555,3.3290155,10
SHV-116,Klebsiella pneumoniae,1,6.215032,5.7138653,3.3031254,10
SHV-49,Klebsiella pneumoniae,1,6.122134,5.622122,3.3703103,10
SHV-143,Klebsiella pneumoniae,1,6.150762,5.686272,3.2950065,10
CTX-M-52,Klebsiella pneumoniae,1,6.10413,5.640206,3.2893362,10
SHV-178,Klebsiella pneumoniae,1,6.16298,5.700487,3.2919662,10
SHV-27,Klebsiella pneumoniae,1,6.1039624,5.6256523,3.2655478,10
KPC-39,Klebsiella pneumoniae,1,6.0009656,5.606649,3.219673,10
KPC-71,Klebsiella pneumoniae,1,6.081984,5.673428,3.2662754,10
SHV-119,Klebsiella pneumoniae,1,6.1043973,5.677333,3.265187,10
TEM-207,Klebsiella pneumoniae,1,6.046633,5.6858134,3.3093715,10
TEM-154,Klebsiella pneumoniae,1,6.0467496,5.6712494,3.287382,10
KPC-12,Klebsiella pneumoniae,1,5.929097,5.6946254,3.1981263,10
SHV-198,Klebsiella pneumoniae,1,6.0374823,5.713433,3.2692938,10
CMY-163,Klebsiella pneumoniae,1,5.947861,5.6434436,3.2202177,10
TEM-208,Klebsiella pneumoniae,1,6.1300287,5.6588125,3.291454,10
CTX-M-234,Klebsiella pneumoniae,1,5.8441424,5.6015306,3.1895802,10
KPC-51,Klebsiella pneumoniae,1,6.085706,5.6653495,3.302468,10
QnrB4,Klebsiella pneumoniae,1,5.938162,5.66232,3.2243907,10
Hinf_PBP3_BLA,Enterobacter asburiae,1,-2.2820897,12.436687,17.713522,10
AAC(6')-IIc,Klebsiella pneumoniae,1,6.012648,5.659597,3.232282,10
CTX-M-210,Klebsiella pneumoniae,1,5.908983,5.6751847,3.1702719,10
CTX-M-225,Enterobacter asburiae,1,-2.2908988,12.446915,17.704166,10
CTX-M-168,Klebsiella pneumoniae,1,5.987016,5.64403,3.209749,10
SHV-120,Klebsiella pneumoniae,1,5.97185,5.6398506,3.276423,10
SHV-85,Klebsiella pneumoniae,1,5.832317,5.6509666,3.1053262,10
SHV-199,Klebsiella pneumoniae,1,5.799818,5.661381,3.1277688,10
CTX-M-69,Klebsiella pneumoniae,1,5.837749,5.687912,3.1978743,10
MexC,Klebsiella pneumoniae,1,5.822059,5.731393,3.150738,10
AAC(6')-Ib-cr7,Klebsiella pneumoniae,1,5.826175,5.66456,3.1604893,10
Ecol_MarR_MULT,Enterobacter asburiae,1,-2.290891,12.447119,17.703978,10
TEM-70,Klebsiella pneumoniae,1,5.713505,5.67142,3.109707,10
EC-19,Klebsiella pneumoniae,1,5.849058,5.689543,3.167827,10
EreA2,Klebsiella pneumoniae,1,5.724284,5.648629,3.1215115,10
KPC-75,Klebsiella pneumoniae,1,5.696824,5.65459,3.0471492,10
rmtH,Klebsiella pneumoniae,1,5.6191916,5.659903,3.066604,10
aadA12,Klebsiella pneumoniae,1,5.70807,5.690821,3.087011,10
TEM-242,Klebsiella pneumoniae,1,5.6274905,5.7056675,3.0471172,10
CMY-13,Klebsiella pneumoniae,1,5.7293696,5.6780496,3.0881557,10
TEM-192,Klebsiella pneumoniae,1,5.58868,5.63763,2.9723086,10
CTX-M-241,Klebsiella pneumoniae,1,5.602526,5.680782,2.9928732,10
Ecol_16rrsC_KAS,Klebsiella pneumoniae,1,5.6251826,5.6534777,3.0471807,10
SHV-15,Klebsiella pneumoniae,1,5.6200747,5.6819463,2.9925869,10
AAC(6')-Ib3,Enterobacter asburiae,1,-2.2644415,12.392313,17.75937,10
TEM-159,Klebsiella pneumoniae,1,5.5650053,5.643477,2.98211,10
CTX-M-87,Klebsiella pneumoniae,1,5.872766,5.618376,2.974192,10
CTX-M-81,Klebsiella pneumoniae,1,5.615165,5.6441784,2.9195893,10
Pros_EFTu_GE2A,Klebsiella pneumoniae,1,5.827694,5.6470323,3.1271188,10
KPC-93,Klebsiella pneumoniae,1,5.600303,5.6705275,2.9330254,10
VIM-35,Klebsiella pneumoniae,1,5.644673,5.660865,2.9846961,10
CTX-M-38,Klebsiella pneumoniae,1,5.6448994,5.6648655,2.936427,10
NmcR,Klebsiella pneumoniae,1,5.577204,5.677555,2.9045382,10
SHV-155,Klebsiella pneumoniae,1,6.405099,5.4580054,3.0566764,10
TEM-213,Klebsiella pneumoniae,1,6.184955,5.568622,2.9822607,10
CTX-M-122,Klebsiella pneumoniae,1,5.624572,5.6538115,2.9377449,10
KPC-56,Klebsiella pneumoniae,1,5.61582,5.6918054,2.9315288,10
TEM-230,Klebsiella pneumoniae,1,5.7153177,5.6550426,2.9100285,10
TEM-33,Klebsiella pneumoniae,1,5.6730723,5.6526713,2.8997457,10
dfrA35,Klebsiella pneumoniae,1,5.8247676,5.625571,2.8544414,10
CTX-M-228,Klebsiella pneumoniae,1,5.790448,5.628173,2.9121845,10
PmrF,Klebsiella pneumoniae,1,6.3525176,5.52379,2.9948063,10
TEM-96,Klebsiella pneumoniae,1,5.7690673,5.635125,2.6721673,10
CTX-M-226,Klebsiella pneumoniae,1,5.794524,5.6173854,2.893421,10
TEM-48,Klebsiella pneumoniae,1,6.0360312,5.593549,2.9514208,10
CTX-M-42,Klebsiella pneumoniae,1,6.0667353,5.535037,2.880209,10
TEM-224,Klebsiella pneumoniae,1,6.148755,5.59226,2.9053435,10
SHV-74,Klebsiella pneumoniae,1,7.24521,5.2132096,3.1063905,10
TEM-150,Klebsiella pneumoniae,1,7.4916673,5.166018,3.2020571,10
SHV-30,Klebsiella pneumoniae,1,6.857927,5.378469,2.966,10
TEM-12,Klebsiella pneumoniae,1,6.3002157,5.50728,2.912207,10
DHA-14,Klebsiella pneumoniae,1,7.1228,5.267605,2.9972825,10
TEM-5,Klebsiella pneumoniae,1,7.1861634,5.3371177,3.0180182,10
CTX-M-99,Klebsiella pneumoniae,1,7.1241584,5.2811317,3.0093358,10
tet(W),Klebsiella pneumoniae,1,7.3784933,5.165006,3.1613202,10
KPC-34,Klebsiella pneumoniae,1,7.3493133,5.2492423,3.086301,10
SHV-2,Klebsiella pneumoniae,1,8.017151,4.871447,3.1973798,10
SHV-123,Klebsiella pneumoniae,1,8.149638,4.9116564,3.3373516,10
CMY-132,Klebsiella pneumoniae,1,7.0659733,5.256902,2.9460905,10
TEM-143,Klebsiella pneumoniae,1,7.8706446,4.9924335,3.1295352,10
SHV-226,Klebsiella pneumoniae,1,7.7598963,5.123075,3.1204712,10
CTX-M-95,Klebsiella pneumoniae,1,7.70154,5.054796,3.146075,10
NDM-16,Klebsiella pneumoniae,1,8.332974,4.897985,3.2808282,10
DHA-7,Enterobacter asburiae,1,-2.2747614,12.4663,17.684757,10
EreB,Klebsiella pneumoniae,1,8.480332,4.9634705,3.3245938,10
catP,Klebsiella pneumoniae,1,8.669272,4.6799283,3.3423457,10
OXA-33,Klebsiella pneumoniae,1,8.45011,4.850567,3.2381086,10
CTX-M-83,Klebsiella pneumoniae,1,9.025347,4.525821,3.2225666,10
dfrA16,Klebsiella pneumoniae,1,8.634852,4.7384806,3.354282,10
SHV-86,Klebsiella pneumoniae,1,7.673322,5.1570525,2.9696867,10
CTX-M-155,Klebsiella pneumoniae,1,8.135679,4.997946,3.138535,10
OXA-17,Klebsiella pneumoniae,1,9.214583,4.537094,3.5798247,10
MCR-9.1,Enterobacter asburiae,1,-2.2748811,12.462063,17.689106,10
CMY-171,Klebsiella pneumoniae,1,8.840015,4.639364,3.313764,10
vanS_in_vanA_cl,Klebsiella pneumoniae,1,8.707084,4.6225777,3.2014236,10
QnrB41,Klebsiella pneumoniae,1,8.469744,4.9180784,2.9940255,10
TEM-117,Klebsiella pneumoniae,1,8.409551,4.767132,3.1293688,10
CTX-M-35,Klebsiella pneumoniae,1,9.750275,4.158988,3.4155414,10
CTX-M-211,Klebsiella pneumoniae,1,9.458189,4.474673,3.4050548,10
KPC-14,Klebsiella pneumoniae,1,9.326852,4.2157173,3.076097,10
adeL,Klebsiella pneumoniae,1,9.3519,4.4908137,3.427398,10
CARB-3,Klebsiella pneumoniae,1,9.151174,4.34269,3.0918274,10
CTX-M-5,Klebsiella pneumoniae,1,9.752443,4.3088045,3.159737,10
OXA-163,Klebsiella pneumoniae,1,9.714193,3.742945,3.2852142,10
TEM-147,Klebsiella pneumoniae,1,9.764095,4.475999,3.5412087,10
TEM-225,Klebsiella pneumoniae,1,8.960615,4.3183475,3.2698195,10
TEM-220,Klebsiella pneumoniae,1,9.663446,4.232884,3.302557,10
SHV-151,Klebsiella pneumoniae,1,9.823295,4.0118585,3.132042,10
ACT-8,Enterobacter asburiae,1,-2.2900054,12.44705,17.704088,10
ramA,Enterobacter asburiae,1,-2.3112562,12.425937,17.725124,10
VIM-33,Klebsiella pneumoniae,1,9.599709,4.259056,3.2504845,10
CTX-M-154,Klebsiella pneumoniae,1,9.4206705,4.54341,3.182126,10
TEM-243,Klebsiella pneumoniae,1,9.365498,3.9157586,2.8895564,10
TEM-149,Klebsiella pneumoniae,1,9.033194,4.2491693,2.8432145,10
CTX-M-169,Klebsiella pneumoniae,1,10.214774,3.6803093,2.9672203,10
H-NS,Klebsiella pneumoniae,1,8.803361,4.141906,2.6710656,10
CTX-M-72,Klebsiella pneumoniae,1,9.067751,4.1101995,2.7582283,10
SHV-208,Klebsiella pneumoniae,1,9.935924,3.7617638,3.3559108,10
Ecol_gyrA_FLO,Klebsiella pneumoniae,1,9.519636,4.5687227,3.0589755,10
SHV-94,Klebsiella pneumoniae,1,8.778318,4.625861,2.910762,10
CMY-165,Klebsiella pneumoniae,1,8.864183,4.329775,2.9972467,10
SHV-35,Klebsiella pneumoniae,1,8.307449,4.657582,2.7317376,10
PC1_blaZ,Klebsiella pneumoniae,1,9.227296,4.1974363,2.9693387,10
ANT3Ii_AAC6_IID,Enterobacter asburiae,1,-2.2944596,12.443237,17.707827,10
OXA-438,Klebsiella pneumoniae,1,8.478666,4.780699,2.7348654,10
OXA-535,Klebsiella pneumoniae,1,9.276216,4.1634254,2.9242692,10
VIM-2,Enterobacter asburiae,1,-2.271817,12.466092,17.68495,10
TEM-135,Klebsiella pneumoniae,1,8.999348,4.0120196,2.7246602,10
CMY-162,Klebsiella pneumoniae,1,8.969226,4.296975,2.9472535,10
SHV-220,Klebsiella pneumoniae,1,8.517948,4.5897174,2.733855,10
SHV-206,Klebsiella pneumoniae,1,8.071385,4.796405,2.6449978,10
QnrB16,Klebsiella pneumoniae,1,8.299318,4.560937,2.8116794,10
QnrB5,Klebsiella pneumoniae,1,7.862193,4.39543,2.5595536,10
QnrB19,Enterobacter asburiae,1,-2.2535672,12.485625,17.665249,10
CMY-94,Klebsiella pneumoniae,1,8.605229,4.4172363,2.8594832,10
TEM-197,Klebsiella pneumoniae,1,8.866906,4.3624096,2.910518,10
SHV-36,Klebsiella pneumoniae,1,8.685778,4.0506744,2.874185,10
CTX-M-207,Klebsiella pneumoniae,1,7.7093616,4.747848,2.6885772,10
CTX-M-181,Klebsiella pneumoniae,1,7.6950364,4.8501043,2.8180048,10
OXA-256,Klebsiella pneumoniae,1,8.184436,4.3781075,2.6214514,10
arr-3,Enterobacter asburiae,1,-2.2561336,12.483693,17.667503,10
Efac_ACT_CHL,Klebsiella pneumoniae,1,7.194227,5.043437,2.7125359,10
SHV-195,Klebsiella pneumoniae,1,6.4798775,5.230452,2.8971636,10
QnrB29,Klebsiella pneumoniae,1,6.916819,5.152147,2.8526082,10
QnrS9,Klebsiella pneumoniae,1,6.613483,5.278394,2.7747118,10
TEM-210,Klebsiella pneumoniae,1,6.7930408,5.1659813,2.9246361,10
TriA,Klebsiella pneumoniae,1,6.3580704,5.337303,2.8747382,10
AAC_6_IB_Su,Klebsiella pneumoniae,1,6.685113,5.316282,2.8697019,10
CTX-M-238,Klebsiella pneumoniae,1,6.2757835,5.4230943,2.9186373,10
TEM-156,Klebsiella pneumoniae,1,6.4535084,5.3041043,2.8587556,10
FosA7,Klebsiella pneumoniae,1,6.36865,5.3480587,2.8621628,10
QnrB72,Klebsiella pneumoniae,1,6.322131,5.28385,2.822035,10
QnrB65,Klebsiella pneumoniae,1,6.353176,5.3552246,2.8670094,10
mdtM,Bifidobacterium animalis,1,,,,10
Ecol_acrA,Klebsiella pneumoniae,1,6.381524,5.3453403,2.8437397,10
emrY,Klebsiella pneumoniae,1,6.3980384,5.2915998,2.81846,10
CTX-M-187,Klebsiella pneumoniae,1,6.3660874,5.343059,2.832108,10
aadA23,Klebsiella pneumoniae,1,6.3866696,5.300671,2.7957873,10
TEM-79,Klebsiella pneumoniae,1,6.440029,5.268652,2.790157,10
eptA,Mycobacterium avium,1,2.363872,18.516367,14.061178,10
CTX-M-232,Klebsiella pneumoniae,1,6.365477,5.3720236,2.8693612,10
emrR,Mycobacterium avium,1,2.3638694,18.516542,14.061285,10
CMY-146,Klebsiella pneumoniae,1,6.4271765,5.350837,2.791923,10
KPC-63,Klebsiella pneumoniae,1,6.417844,5.3487043,2.732093,10
TEM-231,Klebsiella pneumoniae,1,6.4668264,5.2587,2.7207127,10
mdtM,Mycobacterium avium,1,2.363902,18.51637,14.061178,10
Ecol_AcrR_MULT,Mycobacterium avium,1,2.3639553,18.516325,14.061148,10
emrY,Mycobacterium avium,1,2.3639164,18.51636,14.061179,10
emrB,Mycobacterium avium,1,2.3638716,18.516388,14.061192,10
emrA,Mycobacterium avium,1,2.3638892,18.516373,14.061185,10
baeS,Mycobacterium avium,1,2.3636763,18.516478,14.061273,10
CTX-M-170,Klebsiella pneumoniae,1,6.4454103,5.269416,2.7484658,10
MCR-1.4,Klebsiella pneumoniae,1,6.4562597,5.274458,2.798031,10
CTX-M-157,Klebsiella pneumoniae,1,6.4488845,5.25921,2.7206383,10
TEM-126,Klebsiella pneumoniae,1,6.475915,5.259116,2.7122824,10
TEM-99,Klebsiella pneumoniae,1,6.3987017,5.320988,2.7859972,10
CTX-M-238,Mycobacterium avium,1,2.3639064,18.516384,14.061174,10
TEM-45,Klebsiella pneumoniae,1,6.419084,5.335175,2.8196027,10
Mtub_gyrA_FLO,Mycobacterium avium,1,2.363926,18.516361,14.06117,10
MexJ,Klebsiella pneumoniae,1,6.472078,5.284962,2.698171,10
MCR-1.5,Klebsiella pneumoniae,1,6.57473,5.2456822,2.6654668,10
TEM-54,Klebsiella pneumoniae,1,6.4589376,5.2842526,2.6503131,10
OXA-505,Klebsiella pneumoniae,1,6.5295067,5.2434278,2.6625257,10
APH(6)-Id,Pseudomonas stutzeri,1,-3.4764452,9.928941,-4.60469,10
SHV-25,Klebsiella pneumoniae,1,6.5188603,5.2790165,2.6705024,10
aadA21,Klebsiella pneumoniae,1,6.484968,5.2851195,2.7260697,10
DHA-18,Klebsiella pneumoniae,1,6.5958996,5.2306194,2.646351,10
OXA-58,Klebsiella pneumoniae,1,6.5112534,5.2564554,2.671716,10
NDM-23,Klebsiella pneumoniae,1,6.5218706,5.267185,2.7018452,10
TEM-138,Klebsiella pneumoniae,1,6.587935,5.217689,2.6098301,10
TEM-98,Klebsiella pneumoniae,1,6.723001,5.1654816,2.5838363,10
gadW,Klebsiella pneumoniae,1,6.540521,5.258974,2.6793063,10
KPC-7,Klebsiella pneumoniae,1,6.621917,5.237505,2.680121,10
OXA-439,Klebsiella pneumoniae,1,6.603183,5.238327,2.655558,10
OXA-924,Klebsiella pneumoniae,1,6.5843797,5.2269506,2.6198757,10
CTX-M-188,Klebsiella pneumoniae,1,6.5738187,5.2273126,2.6567392,10
CTX-M-73,Klebsiella pneumoniae,1,6.681449,5.206176,2.6224897,10
SHV-152,Klebsiella pneumoniae,1,6.614799,5.233298,2.6422086,10
OXA-544,Klebsiella pneumoniae,1,6.664161,5.185562,2.5984087,10
AcrE,Klebsiella pneumoniae,1,6.832266,5.1345863,2.6239865,10
mefF,Bacillus cereus,1,1.9406444,-4.9778757,-4.237515,10
baeS,Klebsiella pneumoniae,1,6.7551527,5.1548915,2.588644,10
SHV-180,Klebsiella pneumoniae,1,7.0041,5.0937567,2.4487433,10
OXA-519,Klebsiella pneumoniae,1,6.796532,5.155152,2.5695946,10
SHV-145,Klebsiella pneumoniae,1,6.8131647,5.1305046,2.5681472,10
TEM-168,Klebsiella pneumoniae,1,6.7825212,5.161218,2.5757928,10
OXA-514,Klebsiella pneumoniae,1,6.7723017,5.167322,2.5776308,10
QnrS7,Klebsiella pneumoniae,1,6.855845,5.1350284,2.5642152,10
CTX-M-182,Klebsiella pneumoniae,1,6.8399425,5.1327724,2.5582376,10
OXA-140,Klebsiella pneumoniae,1,6.876875,5.1289334,2.539471,10
NDM-20,Klebsiella pneumoniae,1,6.9419184,5.0804563,2.5094087,10
FosB,Klebsiella pneumoniae,1,6.967913,5.076428,2.5441873,10
efrB,Klebsiella pneumoniae,1,7.028446,5.04294,2.5602913,10
SHV-127,Klebsiella pneumoniae,1,6.8452415,5.1492558,2.521283,10
CTX-M-236,Klebsiella pneumoniae,1,6.865447,5.1337495,2.5559292,10
vanY_in_vanA_cl,Pseudomonas stutzeri,1,-3.4757102,9.930063,-4.60412,10
vanR_in_vanA_cl,Pseudomonas stutzeri,1,-3.4757638,9.930064,-4.6041856,10
NDM-7,Klebsiella pneumoniae,1,6.946492,5.0863423,2.529205,10
vanX_in_vanA_cl,Pseudomonas stutzeri,1,-3.4756145,9.930193,-4.604039,10
vanS_in_vanA_cl,Pseudomonas stutzeri,1,-3.4756143,9.930208,-4.604044,10
vanM,Klebsiella pneumoniae,1,7.104293,5.0145044,2.5107825,10
MCR-3.1,Klebsiella pneumoniae,1,7.082396,5.015664,2.6710236,10
SHV-61,Klebsiella pneumoniae,1,7.047623,5.046585,2.5331135,10
CTX-M-125,Klebsiella pneumoniae,1,7.0609927,5.0303464,2.5229702,10
TEM-240,Klebsiella pneumoniae,1,7.263212,4.97892,2.583589,10
MCR-1.9,Klebsiella pneumoniae,1,7.154104,4.970583,2.5111248,10
KPC-19,Klebsiella pneumoniae,1,7.139891,5.002846,2.5243716,10
GES-24,Klebsiella pneumoniae,1,7.270733,4.906431,2.563004,10
SAT-2,Klebsiella pneumoniae,1,7.2585244,4.94313,2.5321586,10
mef(B),Klebsiella pneumoniae,1,7.3027935,4.8646455,2.5775716,10
SHV-8,Klebsiella pneumoniae,1,7.189772,5.000829,2.4976668,10
TEM-198,Klebsiella pneumoniae,1,7.3403487,4.8968697,2.5651987,10
TEM-152,Klebsiella pneumoniae,1,7.25661,4.9514275,2.4881494,10
Ecol_GlpT_FOF,Klebsiella pneumoniae,1,7.424252,4.829775,2.5341291,10
Lreu_cat-TC,Klebsiella pneumoniae,1,7.2982025,4.954511,2.4591284,10
SHV-14,Klebsiella pneumoniae,1,7.5014567,4.7954645,2.5508218,10
rsmA,Pseudomonas stutzeri,1,-3.4755921,9.930246,-4.6040545,10
CTX-M-137,Klebsiella pneumoniae,1,7.523871,4.781459,2.554581,10
KPC-3,Klebsiella pneumoniae,1,7.455293,4.801679,2.543224,10
KPC-31,Klebsiella pneumoniae,1,6.6947303,5.310565,3.688353,10
IMP-19,Klebsiella pneumoniae,1,7.3943257,4.8072352,2.6283622,10
CTX-M-173,Klebsiella pneumoniae,1,7.454655,4.7695403,2.5818362,10
CTX-M-138,Klebsiella pneumoniae,1,7.3430424,4.910374,2.5045855,10
OXA-547,Klebsiella pneumoniae,1,7.3776693,4.8211427,2.6382973,10
aphA15,Klebsiella pneumoniae,1,7.459388,4.7451916,2.5356338,10
KPC-6,Klebsiella pneumoniae,1,4.2090883,8.329604,5.1011796,10
DHA-6,Klebsiella pneumoniae,1,7.413801,4.7867703,2.6073484,10
qacJ,Pseudomonas stutzeri,1,-3.4886575,9.90948,-4.6137557,10
SHV-81,Klebsiella pneumoniae,1,7.3529,4.8306828,2.644134,10
ANT(3'')-IIa,Pseudomonas stutzeri,1,-3.4758205,9.929931,-4.604196,10
KPC-66,Klebsiella pneumoniae,1,7.3746915,4.823145,2.6391587,10
CTX-M-90,Klebsiella pneumoniae,1,6.7099295,5.2852616,3.790143,10
SHV-107,Klebsiella pneumoniae,1,7.465704,4.751049,2.6686156,10
CTX-M-197,Klebsiella pneumoniae,1,6.316736,5.389548,3.9176147,10
CTX-M-156,Klebsiella pneumoniae,1,7.2146425,4.839069,2.8836246,10
TEM-112,Klebsiella pneumoniae,1,6.9219112,5.0879474,3.5077133,10
Ecol_23S_MULT,Klebsiella pneumoniae,1,6.646169,5.31993,3.6520267,10
QnrB46,Klebsiella pneumoniae,1,6.869416,5.1205926,3.7407515,10
OXA-894,Klebsiella pneumoniae,1,6.568107,5.4281507,3.8543334,10
OXA-204,Klebsiella pneumoniae,1,5.724881,6.274951,4.5249867,10
sul2,Bordetella bronchiseptica,1,8.134294,-0.19773363,7.572099,10
CTX-M-92,Klebsiella pneumoniae,1,6.446668,5.545844,4.0077696,10
CTX-M-219,Klebsiella pneumoniae,1,6.014095,6.1231165,4.438712,10
CTX-M-76,Klebsiella pneumoniae,1,6.0635767,5.9361687,4.2937107,10
SHV-132,Klebsiella pneumoniae,1,4.656496,7.603713,5.1011276,10
SHV-77,Klebsiella pneumoniae,1,5.967456,6.052797,4.3536677,10
TEM-116,Bordetella bronchiseptica,1,8.134272,-0.19776252,7.5721264,10
OXA-74,Klebsiella pneumoniae,1,5.216378,6.890376,4.8350716,10
tet(U),Klebsiella pneumoniae,1,5.7678423,6.275265,4.479873,10
TEM-59,Klebsiella pneumoniae,1,5.323408,6.786357,4.7483296,10
MCR-1.11,Klebsiella pneumoniae,1,4.3631744,7.6539774,5.167798,10
MCR-1.9,Bordetella bronchiseptica,1,8.13382,-0.19899198,7.5717998,10
QnrB2,Klebsiella pneumoniae,1,5.2487926,6.8786683,4.7961807,10
TEM-128,Klebsiella pneumoniae,1,5.040332,7.1277075,4.9207754,10
SHV-75,Klebsiella pneumoniae,1,3.5029316,9.072018,5.315097,10
TEM-127,Klebsiella pneumoniae,1,5.2051487,7.0340114,4.827902,10
EC-5,Klebsiella pneumoniae,1,4.41417,7.994438,5.2079334,10
SHV-44,Klebsiella pneumoniae,1,4.8636355,7.3730373,5.008064,10
TEM-28,Klebsiella pneumoniae,1,5.4802427,6.6842427,4.618769,10
SHV-40,Klebsiella pneumoniae,1,4.841374,7.4331226,4.9901285,10
QnrB74,Klebsiella pneumoniae,1,4.34616,8.120525,5.233869,10
NDM-5,Klebsiella pneumoniae,1,3.743448,8.360137,5.6472006,10
TEM-67,Klebsiella pneumoniae,1,4.4782677,7.966831,5.175839,10
SHV-215,Klebsiella pneumoniae,1,4.2934523,8.167954,5.238035,10
CTX-M-33,Klebsiella pneumoniae,1,3.6776206,9.226821,5.6522336,10
TEM-1,Pseudomonas putida,1,2.3421965,4.389821,6.5734863,10
CRP,Shigella flexneri,1,7.1348624,15.178035,0.008987905,10
cmlA5,Pseudomonas putida,1,2.3422801,4.389808,6.573662,10
Paer_soxR,Pseudomonas putida,1,2.342187,4.3898196,6.573672,10
cpxA,Cronobacter sakazakii,1,2.4569683,-2.2095082,16.866417,10
Ecol_16rrsB_STR,Cronobacter sakazakii,1,2.4561572,-2.2251208,16.881882,10
baeR,Cronobacter sakazakii,1,2.456956,-2.2099998,16.866898,10
catI,Cronobacter sakazakii,1,2.4569392,-2.2102172,16.867147,10
qacG,Cronobacter sakazakii,1,2.457515,-2.1954162,16.852364,10
AxyY,Cronobacter sakazakii,1,2.4569597,-2.2097125,16.866568,10
TEM-49,Cronobacter sakazakii,1,2.4569807,-2.2092288,16.86612,10
aadA24,Shigella flexneri,1,7.167445,15.100984,0.088863894,10
ErmX,Bifidobacterium bifidum,1,9.174356,3.8426545,2.062563,10
tet(O/W),Bifidobacterium bifidum,1,9.1750145,3.8420463,2.0617185,10
CMY-99,Vibrio cholerae,1,3.503117,-6.08667,0.84505564,10
aadA12,Vibrio cholerae,1,3.52159,-6.0673203,0.8636088,10
aadA8b,Vibrio cholerae,1,3.5047154,-6.0846176,0.8438522,10
tet(D),Vibrio cholerae,1,3.5303106,-6.0581856,0.8725542,10
acrD,Vibrio cholerae,1,3.5279782,-6.06102,0.8698361,10
dfrA31,Vibrio cholerae,1,3.5015843,-6.087113,0.84368676,10
DHA-7,Vibrio cholerae,1,3.5157604,-6.0729775,0.85788757,10
CARB-2,Vibrio cholerae,1,3.5292602,-6.059695,0.8712261,10
aadA16,Vibrio cholerae,1,3.5220964,-6.0668883,0.864058,10
CARB-7,Vibrio cholerae,1,3.521403,-6.067607,0.8633214,10
OXA-240,Vibrio cholerae,1,3.5290544,-6.0600314,0.87118906,10
APH(3')-IIa,Vibrio cholerae,1,3.524459,-6.0648103,0.8663199,10
QepA2,Vibrio cholerae,1,3.5117874,-6.0774884,0.8537145,10
emrR,Vibrio cholerae,1,3.524312,-6.064991,0.8662187,10
Saur_norA,Vibrio cholerae,1,3.476248,-6.113193,0.8183893,10
dfrA1,Vibrio cholerae,1,3.5183597,-6.070609,0.86061263,10
tet(C),Vibrio cholerae,1,3.5167565,-6.0725164,0.858718,10
tet(59),Vibrio cholerae,1,3.5403304,-6.048896,0.88226616,10
QnrD1,Vibrio cholerae,1,3.5221655,-6.067078,0.8641407,10
qacG,Proteus vulgaris,1,0.65778327,3.8531868,0.277769,10
tet(D),Proteus vulgaris,1,0.65775996,3.8531694,0.27793676,10
tet(B),Proteus vulgaris,1,0.657811,3.8532846,0.27781072,10
qacEdelta1,Proteus vulgaris,1,0.6577899,3.8532467,0.27763647,10
APH(3')-Ia,Streptococcus dysgalactiae,1,-2.0170295,14.596363,0.11846616,10
tet(O),Streptococcus dysgalactiae,1,-2.0166037,14.59565,0.118716754,10
mdtG,Shigella flexneri,1,7.2567506,15.113977,0.10432213,10
APH(3')-IIIa,Streptococcus dysgalactiae,1,-2.0174825,14.596623,0.118295915,10
lsaC,Streptococcus anginosus,1,11.949808,4.7793264,1.6119314,10
Spyo_ErmA_MLSb,Streptococcus anginosus,1,11.949882,4.7793093,1.6119169,10
mphE,Acinetobacter johnsonii,1,-2.2744906,6.674905,13.948594,10
OXA-299,Acinetobacter johnsonii,1,-2.2744694,6.674934,13.948601,10
APH(3'')-Ib,Acinetobacter johnsonii,1,-2.2745311,6.674899,13.948623,10
aadA27,Acinetobacter johnsonii,1,-2.274582,6.674836,13.948664,10
FosD,Staphylococcus intermedius,1,,,,10
TEM-171,Capnocytophaga gingivalis,1,,,,10
dfrA1,Pasteurella multocida,1,12.43386,16.630816,4.9920416,10
aadA5,Pasteurella multocida,1,12.45833,16.660578,4.9669194,10
dfrA17,Pasteurella multocida,1,12.456923,16.654045,4.9688187,10
Kpne_KpnF,Shigella flexneri,1,7.291546,15.232099,-0.04484101,10
APH(3')-Ia,Pasteurella multocida,1,12.454532,16.649645,4.972009,10
Hinf_PBP3_BLA,Pasteurella multocida,1,12.457657,16.654915,4.968018,10
tetR,Acinetobacter radioresistens,1,3.7198608,12.555951,5.2687645,10
APH(6)-Id,Acinetobacter radioresistens,1,3.720136,12.557017,5.2684565,10
sul1,Acinetobacter radioresistens,1,3.7198699,12.556154,5.2687383,10
APH(3')-Ia,Bacillus thuringiensis,1,11.960809,0.5860081,-8.938386,10
mdtF,Bacillus thuringiensis,1,11.958137,0.5936423,-8.929106,10
ErmB,Streptococcus mitis,1,3.6380427,11.306776,2.9997015,10
qacG,Alcaligenes faecalis,1,8.854711,4.326509,8.121357,10
dfrA14,Shigella flexneri,1,7.1903763,15.165537,0.027704647,10
adeF,Alcaligenes faecalis,1,8.854956,4.326764,8.121255,10
tet(45),Staphylococcus pseudintermedius,1,-6.2732825,11.872105,0.8187068,10
qacG,Staphylococcus pseudintermedius,1,-6.272666,11.87276,0.8180084,10
Hpyl_23S_CLR,Staphylococcus pseudintermedius,1,-6.2499995,11.895267,0.79542416,10
ErmC,Staphylococcus pseudintermedius,1,-6.279957,11.864099,0.8261727,10
arlR,Staphylococcus pseudintermedius,1,-6.273944,11.871238,0.819452,10
qacJ,Staphylococcus pseudintermedius,1,-6.274433,11.870813,0.81978226,10
Lreu_cat-TC,Staphylococcus pseudintermedius,1,-6.274234,11.870949,0.81976587,10
rsmA,Shewanella putrefaciens,1,3.2523844,-0.8646371,0.39342943,10
QnrVC6,Shewanella putrefaciens,1,3.252325,-0.8646865,0.39296642,10
aadA6,Shewanella putrefaciens,1,3.2523196,-0.8646741,0.39319646,10
armA,Citrobacter werkmanii,1,-8.670755,1.2083148,2.4034202,10
APH(3')-VIa,Citrobacter werkmanii,1,-8.647861,1.1855816,2.4262288,10
aadA2,Citrobacter werkmanii,1,-8.702125,1.2398453,2.3720162,10
AAC(6')-Ib10,Citrobacter werkmanii,1,-8.705441,1.2430952,2.368753,10
aadA8,Shigella flexneri,1,7.183811,15.172079,0.017689742,10
acrB,Citrobacter werkmanii,1,-8.680922,1.2185496,2.3932486,10
rsmA,Citrobacter werkmanii,1,-8.68656,1.224391,2.3873436,10
baeR,Citrobacter werkmanii,1,-8.717103,1.2549087,2.3567915,10
Kpne_KpnE,Citrobacter werkmanii,1,-8.677108,1.2150459,2.396835,10
CMY-34,Citrobacter werkmanii,1,-8.68431,1.2218776,2.3898811,10
ANT(3'')-IIa,Citrobacter werkmanii,1,-8.705286,1.2429825,2.3687294,10
AAC(3)-IIc,Citrobacter werkmanii,1,-8.696338,1.2375572,2.3745515,10
mdtF,Citrobacter werkmanii,1,-8.684127,1.2221262,2.3896868,10
AAC(6')-Ib7,Citrobacter werkmanii,1,-8.684202,1.2222124,2.3896437,10
aadA7,Citrobacter werkmanii,1,-8.684329,1.2223827,2.389431,10
sul1,Citrobacter werkmanii,1,-8.624197,1.159477,2.4523015,10
APH(6)-Id,Citrobacter werkmanii,1,-8.71757,1.2552725,2.3565316,10
SHV-116,Citrobacter werkmanii,1,-8.714412,1.252064,2.3597503,10
aadA8,Citrobacter werkmanii,1,-8.6546545,1.1922306,2.419533,10
Ecol_GlpT_FOF,Citrobacter werkmanii,1,-8.673139,1.2107109,2.401098,10
Ecol_UhpT_FOF,Citrobacter werkmanii,1,-8.60286,1.1403185,2.4713678,10
mphE,Citrobacter werkmanii,1,-8.702005,1.2396103,2.3721259,10
OXA-796,Citrobacter werkmanii,1,-8.6831665,1.2206631,2.3910117,10
AcrS,Shigella flexneri,1,7.17125,15.153728,0.03910184,10
mdtN,Shigella flexneri,1,7.177916,15.150321,0.042377707,10
catI,Shigella flexneri,1,7.2162237,15.183831,0.03620469,10
armA,Salmonella enterica,1,7.2539864,14.254216,11.845796,10
OXA-1,Salmonella enterica,1,7.1290607,14.220477,11.852622,10
dfrA25,Salmonella enterica,1,7.2271385,14.257048,11.810546,10
AAC(6')-Ib9,Salmonella enterica,1,7.080737,14.256374,11.899741,10
SAT-2,Salmonella enterica,1,7.205461,14.259508,11.897573,10
QnrB56,Salmonella enterica,1,7.144546,14.25979,11.771302,10
aadA12,Salmonella enterica,1,7.2196026,14.252808,11.835693,10
mdtM,Salmonella enterica,1,7.159953,14.261833,11.894622,10
CTX-M-165,Salmonella enterica,1,7.190808,14.254913,11.810023,10
Kpne_KpnE,Shigella flexneri,1,7.226406,15.256877,-0.039485198,10
mdtC,Salmonella enterica,1,7.2254233,14.264801,11.838283,10
LAP-2,Shigella flexneri,1,7.146497,15.211823,-0.014801267,10
CMY-64,Salmonella enterica,1,7.130761,14.247081,11.871794,10
dfrA5,Salmonella enterica,1,7.138183,14.258566,11.886024,10
QnrD2,Salmonella enterica,1,7.074441,14.256464,11.872827,10
Ecol_emrE,Shigella flexneri,1,7.232632,15.226896,-0.022980543,10
eptA,Shigella flexneri,1,7.159106,15.18005,0.041666415,10
MCR-1.3,Salmonella enterica,1,7.1473064,14.259823,11.898135,10
kdpE,Salmonella enterica,1,7.121306,14.253519,11.857349,10
TEM-236,Salmonella enterica,1,7.173216,14.261339,11.879639,10
aadA22,Salmonella enterica,1,7.0659556,14.257848,11.869658,10
QnrD1,Salmonella enterica,1,7.1570463,14.258074,11.885328,10
Ecol_EFTu_KIR,Salmonella enterica,1,7.0492167,14.263657,11.954085,10
TEM-120,Salmonella enterica,1,7.0512614,14.261394,11.885301,10
dfrI,Salmonella enterica,1,7.1613045,14.257286,11.875404,10
TEM-148,Salmonella enterica,1,7.0169106,14.267194,11.901801,10
ANT(4')-Ib,Salmonella enterica,1,7.136768,14.259626,11.987856,10
MuxB,Salmonella enterica,1,6.960619,14.292471,11.905652,10
CTX-M-68,Salmonella enterica,1,7.0684,14.261166,11.917272,10
Erm(42),Salmonella enterica,1,6.950917,14.264007,11.897163,10
PmrF,Salmonella enterica,1,7.0379057,14.263961,11.916657,10
TEM-122,Salmonella enterica,1,7.052786,14.254101,12.003984,10
AAC(6')-Ib11,Salmonella enterica,1,7.0657396,14.291558,11.9324,10
AAC(6')-Ib-cr3,Salmonella enterica,1,7.0108833,14.262296,11.9836235,10
CARB-2,Salmonella enterica,1,7.00036,14.264659,12.006911,10
AcrS,Salmonella enterica,1,6.986455,14.264423,12.004944,10
AcrE,Salmonella enterica,1,6.9776497,14.264243,11.996005,10
aadA16,Salmonella enterica,1,6.9662223,14.266911,12.030117,10
LAP-2,Salmonella enterica,1,7.012572,14.259006,11.92154,10
qacE,Salmonella enterica,1,6.9219527,14.276779,12.142031,10
SHV-208,Salmonella enterica,1,6.9804626,14.267516,12.05477,10
TEM-229,Salmonella enterica,1,6.9535985,14.27137,12.105591,10
AAC(3)-IIc,Salmonella enterica,1,6.932984,14.270533,12.058928,10
TEM-201,Salmonella enterica,1,6.987908,14.277605,12.127904,10
CMY-59,Salmonella enterica,1,6.943102,14.263922,12.019594,10
AAC(6')-Ib-cr6,Salmonella enterica,1,6.9238834,14.271176,12.112907,10
mdtO,Salmonella enterica,1,6.9715652,14.271882,12.151111,10
Ecol_parC_FLO,Salmonella enterica,1,6.971441,14.270007,12.061069,10
oqxB,Salmonella enterica,1,6.9388437,14.277808,12.13452,10
QnrB19,Salmonella enterica,1,7.0585775,14.256233,12.117542,10
aadA9,Salmonella enterica,1,6.966799,14.271172,12.089663,10
Lreu_cat-TC,Salmonella enterica,1,6.934697,14.2752695,12.075514,10
TEM-240,Salmonella enterica,1,6.9963017,14.273636,12.194733,10
bacA,Salmonella enterica,1,6.9480076,14.302258,12.103959,10
CMY-87,Salmonella enterica,1,6.9635377,14.272357,12.147484,10
CMY-61,Salmonella enterica,1,7.007664,14.275675,12.172504,10
CMY-82,Salmonella enterica,1,6.973143,14.276615,12.129127,10
TEM-183,Shigella flexneri,1,7.168932,15.171454,-0.0048837736,10
adeF,Salmonella enterica,1,7.0345435,14.268292,12.216105,10
CMY-167,Salmonella enterica,1,7.087069,14.271049,12.265153,10
emrB,Shigella flexneri,1,7.173037,15.169987,0.030179465,10
APH(6)-Ic,Salmonella enterica,1,6.9846582,14.278677,12.111383,10
BLMT,Salmonella enterica,1,6.9726496,14.273652,12.128035,10
baeS,Salmonella enterica,1,6.9918494,14.272473,12.172566,10
ErmB,Salmonella enterica,1,7.025769,14.277465,12.232357,10
linG,Salmonella enterica,1,7.052381,14.271415,12.23298,10
baeS,Shigella flexneri,1,7.144344,15.196481,0.046701554,10
Ecol_gyrA_FLO,Shigella flexneri,1,7.229629,15.220375,0.0051350906,10
ICR-Mo,Salmonella enterica,1,7.0391498,14.273357,12.207994,10
QnrB6,Salmonella enterica,1,7.067865,14.282379,12.276214,10
aadA7,Salmonella enterica,1,7.062317,14.274208,12.24125,10
Ecol_UhpT_FOF,Salmonella enterica,1,7.0842957,14.26991,12.345012,10
ErmC,Salmonella enterica,1,7.0955405,14.273657,12.226232,10
eptA,Salmonella enterica,1,7.106785,14.274417,12.225606,10
CARB-51,Salmonella enterica,1,7.082805,14.276554,12.228519,10
qacA,Salmonella enterica,1,7.0850472,14.272953,12.26235,10
tet(U),Salmonella enterica,1,7.036657,14.280316,12.351312,10
gadW,Shigella flexneri,1,7.219742,15.173901,0.027967297,10
TEM-12,Salmonella enterica,1,7.100403,14.276818,12.278933,10
arr-3,Salmonella enterica,1,7.139796,14.275744,12.253659,10
TEM-233,Salmonella enterica,1,7.164701,14.244404,12.329807,10
TEM-82,Salmonella enterica,1,7.196344,14.307422,12.296239,10
Ngon_23S_AZM,Salmonella enterica,1,7.2220697,14.287537,12.358077,10
YojI,Salmonella enterica,1,7.10012,14.279339,12.299607,10
qacJ,Shigella flexneri,1,7.1926103,15.182565,0.016702486,10
TEM-215,Salmonella enterica,1,7.1952386,14.281943,12.265141,10
ugd,Salmonella enterica,1,7.1207495,14.280983,12.260651,10
CMY-166,Salmonella enterica,1,7.134315,14.271393,12.2522135,10
LptD,Salmonella enterica,1,7.2270584,14.277023,12.248194,10
QnrS8,Salmonella enterica,1,7.2533913,14.280772,12.326432,10
FosA7.5,Salmonella enterica,1,7.2379174,14.252196,12.235051,10
TEM-29,Salmonella enterica,1,7.264694,14.286118,12.266737,10
mdtF,Salmonella enterica,1,7.3037024,14.263413,12.290333,10
Kpne_OmpK37,Salmonella enterica,1,7.183769,14.283115,12.290171,10
tet(M),Streptococcus cristatus,1,,,,10
MexB,Vibrio vulnificus,1,8.346827,-1.5847331,-3.2808604,10
TEM-229,Vibrio vulnificus,1,8.346809,-1.5847577,-3.2808566,10
APH(6)-Id,Vibrio vulnificus,1,8.346789,-1.5847843,-3.2808611,10
TEM-99,Vibrio vulnificus,1,8.346946,-1.5847076,-3.2808783,10
KPC-2,Aeromonas caviae,1,19.83163,10.570455,8.401982,10
aadA3,Aeromonas caviae,1,19.84792,10.582074,8.410777,10
tet(C),Aeromonas caviae,1,19.831018,10.570085,8.40178,10
MCR-3.6,Aeromonas caviae,1,19.830135,10.56937,8.40116,10
AAC(6')-Ib-cr5,Aeromonas caviae,1,19.851538,10.590081,8.421767,10
AAC6_30_AAC6_Ib,Aeromonas caviae,1,19.831486,10.570191,8.401921,10
GES-24,Aeromonas caviae,1,19.831743,10.570864,8.402521,10
APH(6)-Id,Aeromonas caviae,1,19.821182,10.575694,8.408998,10
qacG,Aeromonas caviae,1,19.83058,10.570685,8.402589,10
MCR-3.3,Aeromonas caviae,1,19.85409,10.5492325,8.37915,10
ANT(3'')-IIa,Aeromonas caviae,1,19.832338,10.569587,8.401076,10
APH(3')-IIa,Aeromonas caviae,1,19.831444,10.569059,8.400366,10
ErmB,Faecalibacterium prausnitzii,1,5.2018228,6.049527,7.1254053,10
AAC(6')-IIa,Raoultella planticola,1,-3.873809,-2.619815,7.855452,10
ArnT,Raoultella planticola,1,-3.8738399,-2.619802,7.8554983,10
APH(3'')-Ib,Raoultella planticola,1,-3.8737745,-2.619902,7.8556204,10
adeF,Raoultella planticola,1,-3.873761,-2.6198769,7.8556237,10
eptA,Lactobacillus johnsonii,1,13.657779,11.836285,5.3709645,10
vatE,Lactobacillus johnsonii,1,13.65782,11.836286,5.3709645,10
ErmB,Lactobacillus johnsonii,1,13.6577835,11.836308,5.370996,10
tet(W),Lactobacillus johnsonii,1,13.657902,11.836318,5.370902,10
catB3,Acinetobacter wuhouensis,1,,,,10
ErmX,Corynebacterium jeikeium,1,7.1854544,7.9002633,5.2906694,10
cmx,Corynebacterium jeikeium,1,7.185587,7.9002113,5.290626,10
qacG,Micrococcus luteus,1,,,,10
mdtH,Streptobacillus moniliformis,1,4.9066935,0.0438358,-0.07911806,10
AcrF,Streptobacillus moniliformis,1,4.9069624,0.0438697,-0.078892834,10
Hinf_PBP3_BLA,Klebsiella huaxiensis,1,13.804198,9.352346,8.212173,10
Ecol_EFTu_PLV,Klebsiella huaxiensis,1,13.804174,9.352362,8.212198,10
Mmor_gyrB_FLO,Klebsiella huaxiensis,1,13.804231,9.352359,8.212222,10
floR,Glaesserella parasuis,1,3.0472593,13.327873,-3.2575288,10
AAC6_Ie_APH2_Ia,Glaesserella parasuis,1,3.0465913,13.33637,-3.2605145,10
tetR,Glaesserella parasuis,1,3.0475707,13.322553,-3.2477386,10
Hinf_PBP3_BLA,Glaesserella parasuis,1,3.046539,13.337964,-3.2618134,10
TEM-116,Glaesserella parasuis,1,3.04646,13.338769,-3.2624516,10
ANT(3'')-IIa,Streptococcus sanguinis,1,6.2789173,5.2233157,8.602604,10
optrA,Listeria innocua,1,,,,10
qacA,Staphylococcus hominis,1,10.875763,-5.3959193,0.30132276,10
tet(K),Staphylococcus hominis,1,10.89317,-5.412217,0.28428772,10
ErmC,Staphylococcus hominis,1,10.893812,-5.41273,0.28364852,10
lnuA,Staphylococcus hominis,1,10.880866,-5.398685,0.2972851,10
vgaALC,Staphylococcus hominis,1,10.846436,-5.3650556,0.3312087,10
PC1_blaZ,Staphylococcus hominis,1,10.901078,-5.419713,0.27665478,10
AAC(6')-Ib7,Staphylococcus hominis,1,10.877156,-5.3961124,0.30039698,10
Saur_23S_LZD,Staphylococcus hominis,1,10.856367,-5.3752165,0.32111442,10
fusC,Staphylococcus hominis,1,10.864923,-5.3835826,0.31267107,10
mphC,Staphylococcus hominis,1,10.861207,-5.380188,0.31625652,10
APH(3')-IIIa,Staphylococcus hominis,1,10.872256,-5.403967,0.30040225,10
aadA12,Staphylococcus hominis,1,10.874184,-5.3937516,0.30306038,10
ANT(3'')-IIa,Staphylococcus hominis,1,10.874278,-5.3939633,0.30286238,10
LlmA_23S_CLI,Staphylococcus hominis,1,10.874489,-5.3938355,0.302899,10
AAC(3)-IId,Acinetobacter towneri,1,2.6067307,1.1548401,4.9132104,10
mphE,Acinetobacter towneri,1,2.6066449,1.1549441,4.9132957,10
TEM-212,Neisseria gonorrhoeae,1,17.481342,6.2848554,5.3514876,10
farA,Neisseria gonorrhoeae,1,17.481335,6.2848415,5.3514686,10
TEM-104,Neisseria gonorrhoeae,1,17.481218,6.285068,5.351393,10
Nmen_16S_SPT,Neisseria gonorrhoeae,1,17.481377,6.2849283,5.351396,10
aadA3,Mycobacterium tuberculosis,1,5.133202,17.284678,12.6973,10
OXA-484,Mycobacterium tuberculosis,1,5.1236196,17.287613,12.68544,10
oqxB,Mycobacterium tuberculosis,1,5.1240926,17.286783,12.685988,10
Mtub_iniC_EMB,Mycobacterium tuberculosis,1,5.124058,17.28686,12.685858,10
APH(7'')-Ia,Mycobacterium tuberculosis,1,5.1033163,17.317411,12.70154,10
TEM-155,Mycobacterium tuberculosis,1,5.1549582,17.255644,12.656135,10
eptB,Mycobacterium tuberculosis,1,5.124237,17.287022,12.68571,10
vanY_in_vanA_cl,Mycobacterium tuberculosis,1,5.140236,17.27108,12.701681,10
APH(3')-Ia,Mycobacterium tuberculosis,1,5.124467,17.286863,12.685615,10
APH(4)-Ia,Mycobacterium tuberculosis,1,5.0869713,17.32424,12.721697,10
ErmC,Mycobacterium tuberculosis,1,5.1238585,17.287533,12.685816,10
mecR1,Mycobacterium tuberculosis,1,5.118396,17.292675,12.680199,10
APH(6)-Id,Mycobacterium tuberculosis,1,5.122905,17.28839,12.684562,10
mfpA,Mycobacterium tuberculosis,1,5.1296864,17.281157,12.691709,10
qacG,Actinobacillus indolicus,1,,,,10
mdtH,Legionella pneumophila,1,5.172593,1.9799279,6.20102,10
APH(3')-Ia,Legionella pneumophila,1,5.172979,1.9799259,6.2013793,10
sul2,Legionella pneumophila,1,5.172863,1.980076,6.200957,10
mdtH,Acinetobacter indicus,1,16.109272,1.9690126,13.585261,10
tet(X4),Acinetobacter indicus,1,16.109123,1.9687355,13.585055,10
tet(X3),Acinetobacter indicus,1,16.088526,1.9507599,13.582249,10
aadA3,Acinetobacter indicus,1,16.126873,1.9864979,13.588732,10
aadA8,Acinetobacter indicus,1,16.1091,1.9687898,13.585072,10
CRP,Acinetobacter indicus,1,16.109144,1.968794,13.585084,10
OXA-225,Acinetobacter indicus,1,16.109083,1.9687545,13.585076,10
lnuB,Enterococcus hirae,1,-3.567995,14.574359,8.307071,10
AAC(6')-Iid,Enterococcus hirae,1,-3.568001,14.574361,8.307104,10
tet(O),Enterococcus hirae,1,-3.5678067,14.574228,8.307646,10
tet(M),Enterococcus hirae,1,-3.5680287,14.574351,8.307143,10
ANT(3'')-IIa,Prevotella intermedia,1,,,,10
tet(K),Staphylococcus saprophyticus,1,2.6792848,3.9270916,-8.571679,10
lnuA,Staphylococcus saprophyticus,1,2.6764507,3.929069,-8.573564,10
qacJ,Staphylococcus saprophyticus,1,2.6796718,3.926738,-8.571279,10
Kpne_acrA,Staphylococcus saprophyticus,1,2.6795914,3.926605,-8.571107,10
qacG,Staphylococcus saprophyticus,1,2.6798553,3.9265735,-8.571107,10
norC,Staphylococcus saprophyticus,1,2.6800008,3.9264219,-8.570946,10
salD,Staphylococcus saprophyticus,1,2.678062,3.9284928,-8.573195,10
mphC,Staphylococcus saprophyticus,1,2.6795776,3.9266453,-8.571188,10
tet(M),Staphylococcus saprophyticus,1,2.6793277,3.9270647,-8.571654,10
tet(M),Streptococcus gallolyticus,1,,,,10
rsmA,Citrobacter koseri,1,11.815065,6.038366,-2.5515847,10
tet(A),Citrobacter koseri,1,11.8151,6.0384088,-2.5515473,10
Ngon_23S_AZM,Citrobacter koseri,1,11.815088,6.0383596,-2.5516129,10
Ecol_UhpT_FOF,Citrobacter koseri,1,11.815095,6.0383425,-2.55161,10
AAC(6')-Ib8,Enterobacter roggenkampii,1,-3.2356794,16.543125,1.6719561,10
GES-5,Enterobacter roggenkampii,1,-3.2748365,16.579523,1.6328596,10
marA,Enterobacter roggenkampii,1,-3.239949,16.547115,1.6677338,10
tet(A),Enterobacter roggenkampii,1,-3.2355819,16.542892,1.6719815,10
APH(4)-Ia,Enterobacter roggenkampii,1,-3.2224827,16.531773,1.6851407,10
APH(3')-Ia,Enterobacter roggenkampii,1,-3.2351654,16.54277,1.6724776,10
AAC(6')-IIa,Enterobacter roggenkampii,1,-3.2356648,16.543276,1.6719844,10
aadA24,Enterobacter roggenkampii,1,-3.2354586,16.54299,1.6722012,10
AAC(6')-Ib7,Enterobacter roggenkampii,1,-3.2802825,16.587606,1.6272396,10
adeF,Enterobacter roggenkampii,1,-3.2364078,16.543882,1.6712215,10
Kpne_KpnF,Enterobacter roggenkampii,1,-3.2333295,16.54349,1.6744795,10
sul1,Enterobacter roggenkampii,1,-3.2363026,16.543808,1.6713492,10
rsmA,Escherichia albertii,1,7.941384,-1.1970026,1.3585255,10
AAC(3)-IV,Escherichia albertii,1,7.9414253,-1.1970431,1.3585198,10
baeS,Escherichia albertii,1,7.9413986,-1.1970135,1.3585371,10
acrB,Escherichia albertii,1,7.9414434,-1.1970304,1.3585091,10
AAC6_Ie_APH2_Ia,Streptococcus canis,1,,,,10
ErmT,Eggerthella lenta,1,13.095213,3.4694605,-3.1867895,10
ErmB,Eggerthella lenta,1,13.095213,3.4694312,-3.186845,10
tet(O),Eggerthella lenta,1,13.09528,3.469484,-3.1867313,10
SAT-4,Eggerthella lenta,1,13.095329,3.4695008,-3.1866279,10
tet(W),Eggerthella lenta,1,13.095253,3.4694686,-3.186811,10
ANT(3'')-IIa,Listeria monocytogenes,1,11.262948,-3.0130851,17.026058,10
emrY,Listeria monocytogenes,1,11.262665,-3.013269,17.025663,10
ErmB,Listeria monocytogenes,1,11.262716,-3.0133343,17.025747,10
tet(M),Listeria monocytogenes,1,11.262637,-3.0133138,17.025717,10
lnuG,Listeria monocytogenes,1,11.262683,-3.0133076,17.02566,10
qacJ,Listeria monocytogenes,1,11.266318,-3.0099597,17.029726,10
TEM-19,Listeria monocytogenes,1,11.262742,-3.013277,17.025812,10
lnuA,Listeria monocytogenes,1,11.262734,-3.013243,17.025766,10
CRP,Leminorella grimontii,1,-3.6392345,0.6107985,-0.49546096,10
rsmA,Leminorella grimontii,1,-3.6392267,0.6107886,-0.49554166,10
Kpne_KpnH,Leminorella grimontii,1,-3.6392581,0.61090624,-0.49552202,10
qacA,Bacillus velezensis,1,5.153005,-9.497382,-0.78264004,10
TEM-120,Bacillus velezensis,1,5.1529946,-9.497388,-0.7826882,10
tet(C),Bacillus velezensis,1,5.1530457,-9.497477,-0.7827185,10
qacG,Bacillus velezensis,1,5.153028,-9.49744,-0.78270924,10
TEM-116,Bacillus velezensis,1,5.1530666,-9.497547,-0.7827554,10
APH(3')-IIIa,Bacillus velezensis,1,5.1525564,-9.496501,-0.78239,10
BcI,Bacillus velezensis,1,5.1529646,-9.497319,-0.78268486,10
APH(3'')-Ib,Cronobacter malonaticus,1,-9.563059,1.621656,6.970798,10
fosA5,Cronobacter malonaticus,1,-9.563058,1.6216561,6.970783,10
TEM-171,Cronobacter malonaticus,1,-9.5630665,1.6216624,6.9707875,10
TEM-162,Cronobacter malonaticus,1,-9.563069,1.6216729,6.9708414,10
lnuC,Ligilactobacillus animalis,1,,,,10
CfxA4,Bacteroides ovatus,1,6.100288,10.973901,-3.136692,10
Mef(En2),Bacteroides ovatus,1,6.1004424,10.973907,-3.1366456,10
CfxA6,Bacteroides ovatus,1,6.1002545,10.973902,-3.136663,10
ErmF,Bacteroides ovatus,1,6.10032,10.973918,-3.1366754,10
tet(O/W/O),Erysipelatoclostridium ramosum,1,,,,10
aadS,Riemerella anatipestifer,1,8.606642,-7.860818,12.60355,10
tet(X6),Riemerella anatipestifer,1,8.606631,-7.8608108,12.603547,10
ANT(3'')-IIa,Riemerella anatipestifer,1,8.606701,-7.860788,12.6036005,10
Kpne_KpnE,Cronobacter dublinensis,1,16.890852,3.8331995,4.7206697,10
Ecol_16rrsB_STR,Cronobacter dublinensis,1,16.890871,3.8333097,4.720698,10
cpxA,Cronobacter dublinensis,1,16.890865,3.83329,4.720486,10
TEM-116,Cronobacter dublinensis,1,16.89087,3.8332856,4.720636,10
TEM-149,Cronobacter dublinensis,1,16.890863,3.833278,4.7207613,10
AAC(3)-IV,Cronobacter dublinensis,1,16.890892,3.8332672,4.7207646,10
qacG,Nocardia terpenica,1,9.848766,7.9474254,-1.0966498,10
vanR_in_vanO_cl,Nocardia terpenica,1,9.84877,7.9473805,-1.0966415,10
H-NS,Klebsiella oxytoca,1,6.2361975,-3.664202,-1.5257896,10
Hinf_PBP3_BLA,Klebsiella oxytoca,1,6.225474,-3.6535466,-1.5153446,10
FosA7,Klebsiella oxytoca,1,6.2382107,-3.666169,-1.528157,10
marA,Klebsiella oxytoca,1,6.238401,-3.666293,-1.528217,10
Kpne_KpnF,Klebsiella oxytoca,1,6.2384787,-3.6664083,-1.5282267,10
tet(A),Klebsiella oxytoca,1,6.238474,-3.6663647,-1.5284458,10
adeF,Klebsiella oxytoca,1,6.238826,-3.6665225,-1.5286278,10
msbA,Klebsiella oxytoca,1,6.2389936,-3.6668453,-1.5288502,10
Kpne_KpnE,Klebsiella oxytoca,1,6.2691145,-3.6967452,-1.5591456,10
qacJ,Klebsiella oxytoca,1,6.2350464,-3.6632075,-1.5247582,10
YajC,Klebsiella oxytoca,1,6.2384596,-3.6665308,-1.5283806,10
dfrA1,Klebsiella oxytoca,1,6.2389307,-3.666635,-1.5286709,10
OXA-896,Klebsiella oxytoca,1,6.224371,-3.6520698,-1.5145085,10
aadA16,Klebsiella oxytoca,1,6.229604,-3.6592546,-1.5189998,10
AAC(3)-IIe,Klebsiella oxytoca,1,6.255152,-3.682937,-1.5453365,10
CTX-M-22,Klebsiella oxytoca,1,6.2387195,-3.6665676,-1.5284936,10
APH(6)-Id,Klebsiella oxytoca,1,6.2384076,-3.666493,-1.5282953,10
Bla2,Bacillus cereus,1,1.9377775,-4.976331,-4.237214,10
Efae_ACT_CHL,Staphylococcus warneri,1,5.9267397,17.745827,8.857612,10
sdrM,Staphylococcus warneri,1,5.926733,17.74586,8.857556,10
tet(M),Staphylococcus warneri,1,5.926735,17.745832,8.857619,10
TEM-229,Staphylococcus warneri,1,5.9267077,17.74586,8.857543,10
msrA,Staphylococcus warneri,1,5.9267297,17.745811,8.857609,10
PC1_blaZ,Staphylococcus warneri,1,5.926734,17.74586,8.8575735,10
ErmB,Streptococcus iniae,1,,,,10
sul1,Pseudomonas monteilii,1,4.5326095,8.926152,2.480913,10
APH(3'')-Ib,Pseudomonas monteilii,1,4.531472,8.926603,2.4814653,10
OXA-540,Pseudomonas monteilii,1,4.531686,8.92622,2.4813895,10
FosA,Pseudomonas chlororaphis,1,4.8345838,-0.9866755,2.999253,10
tet(O),Enterocloster clostridioformis,1,8.113074,-4.7605753,-4.698501,10
vanI,Enterocloster clostridioformis,1,8.112975,-4.760565,-4.6985292,10
tet(32),Enterocloster clostridioformis,1,8.113455,-4.7605867,-4.698203,10
ErmB,Enterocloster clostridioformis,1,8.112965,-4.760597,-4.6985326,10
vanH_in_vanF_cl,Brevibacillus laterosporus,1,,,,10
amrB,Burkholderia pseudomallei,1,3.9016764,9.989989,6.803384,10
OXA-43,Burkholderia pseudomallei,1,3.9014437,9.990307,6.8033185,10
ANT(2'')-Ia,Burkholderia cepacia,1,2.3119788,5.5473576,5.164972,10
adeF,Burkholderia cepacia,1,2.3117042,5.5474114,5.16487,10
tet(O),Corynebacterium diphtheriae,1,3.0928013,14.695149,7.2959433,10
sul1,Corynebacterium diphtheriae,1,3.0927866,14.695251,7.296002,10
ErmX,Corynebacterium diphtheriae,1,3.092759,14.695306,7.29603,10
mdtF,Shigella sonnei,1,1.4130679,8.920501,12.972221,10
PmrF,Shigella sonnei,1,1.4210799,8.739767,13.152952,10
dfrA1,Shigella sonnei,1,1.4139477,8.932856,12.957479,10
OXA-1,Shigella sonnei,1,1.3188379,8.782903,13.111557,10
TEM-138,Shigella sonnei,1,1.453168,8.863714,13.017478,10
baeR,Shigella sonnei,1,1.3528101,8.881794,13.012266,10
tet(B),Shigella sonnei,1,1.385338,8.891951,13.000551,10
TEM-79,Shigella sonnei,1,1.3957903,8.918655,12.9746895,10
aadA12,Shigella sonnei,1,1.443762,8.789061,13.102366,10
TEM-57,Shigella sonnei,1,1.4007593,8.851653,13.028264,10
aadA5,Shigella sonnei,1,1.3886523,8.807458,13.079978,10
AAC(3)-IId,Shigella sonnei,1,1.3301133,8.822689,13.071141,10
sul1,Shigella sonnei,1,1.3358752,8.721908,13.170863,10
TEM-220,Shigella sonnei,1,1.3540311,8.795673,13.097729,10
TEM-214,Shigella sonnei,1,1.3707318,8.819213,13.074637,10
bacA,Shigella sonnei,1,1.3984921,8.877357,13.015111,10
TEM-32,Shigella sonnei,1,1.3705257,8.814845,13.080359,10
kdpE,Shigella sonnei,1,1.3922843,8.849148,13.045534,10
TEM-105,Shigella sonnei,1,1.4180311,8.760316,13.130674,10
SAT-2,Shigella sonnei,1,1.4112253,8.690901,13.204025,10
TEM-73,Shigella sonnei,1,1.3857689,8.802333,13.062461,10
TEM-135,Shigella sonnei,1,1.4349848,8.842276,13.052627,10
TEM-34,Shigella sonnei,1,1.3875744,8.739193,13.15597,10
eptA,Shigella sonnei,1,1.2432415,8.68604,13.209804,10
Ecol_emrE,Shigella sonnei,1,1.348719,8.803941,13.091558,10
H-NS,Shigella sonnei,1,1.3459771,8.813619,13.082452,10
Kpne_KpnH,Shigella sonnei,1,1.1731081,8.697195,13.198861,10
catB3,Shigella sonnei,1,1.3506521,8.794603,13.100871,10
TEM-40,Shigella sonnei,1,1.2676276,8.703162,13.11317,10
TEM-216,Shigella sonnei,1,1.3440505,8.82207,13.072242,10
TEM-201,Shigella sonnei,1,1.2944698,8.765536,13.129311,10
aadA2,Shigella sonnei,1,1.3420686,8.725804,13.167372,10
tet(D),Shigella sonnei,1,1.3039947,8.795528,13.098439,10
emrK,Shigella sonnei,1,1.3124231,8.771764,13.122384,10
mphA,Shigella sonnei,1,1.3115137,8.782074,13.111486,10
qacJ,Brevibacillus brevis,1,,,,10
Efac_liaR_DAP,Enterococcus faecium,1,-8.857501,7.272887,2.1906168,10
vanR_in_vanN_cl,Enterococcus faecium,1,-8.786719,7.285289,2.1204562,10
vanX_in_vanD_cl,Enterococcus faecium,1,-8.847796,7.24374,2.201985,10
mdeA,Enterococcus faecium,1,-8.847512,7.263466,2.1820388,10
vanI,Enterococcus faecium,1,-8.818004,7.2749085,2.1696842,10
tet(S),Enterococcus faecium,1,-8.842556,7.2583027,2.1872928,10
AAC(3)-Ia,Enterococcus faecium,1,-8.864333,7.293306,2.152562,10
emrK,Enterococcus faecium,1,-8.867184,7.2839255,2.2061336,10
APH(3'')-Ib,Enterococcus faecium,1,-8.845537,7.261719,2.1842642,10
bacA,Enterococcus faecium,1,-8.845467,7.2617188,2.1845963,10
tet(O),Enterococcus faecium,1,-8.908684,7.2053547,2.2505076,10
Cdif_23S_MULT,Enterococcus faecium,1,-8.795579,7.3109736,2.136239,10
vanX_in_vanM_cl,Enterococcus faecium,1,-8.8440895,7.2656856,2.1814592,10
eptB,Enterococcus faecium,1,-8.826192,7.2501116,2.1968033,10
vanY_in_vanB_cl,Enterococcus faecium,1,-8.877463,7.22839,2.2198474,10
mdtO,Enterococcus faecium,1,-8.829395,7.281668,2.1659553,10
tet(K),Enterococcus faecium,1,-8.889544,7.261832,2.200493,10
vanS_in_vanB_cl,Enterococcus faecium,1,-8.914893,7.303834,2.2568114,10
vanZ_in_vanA_cl,Enterococcus faecium,1,-8.93487,7.3527856,2.0969017,10
ANT(9)-Ia,Enterococcus faecium,1,-8.823549,7.2419486,2.1605496,10
vanR_in_vanM_cl,Enterococcus faecium,1,-8.8210125,7.2934966,2.1504443,10
ErmA,Enterococcus faecium,1,-8.820813,7.2937374,2.1499188,10
Kpne_KpnF,Enterobacter hormaechei,1,0.3717517,4.002776,3.5031943,10
cmlA5,Enterobacter hormaechei,1,0.33676374,3.934385,3.5971718,10
Eclo_acrA,Enterobacter hormaechei,1,0.32090122,3.887352,3.6088834,10
AAC(3)-IIg,Enterobacter hormaechei,1,0.33776084,3.8927395,3.6171675,10
TEM-6,Enterobacter hormaechei,1,0.31341043,3.8504875,3.610486,10
mdtO,Enterobacter hormaechei,1,0.33956444,3.83185,3.5826406,10
TEM-228,Enterobacter hormaechei,1,0.30734876,3.8825383,3.52591,10
smeS,Enterobacter hormaechei,1,0.35567668,3.8708153,3.5969915,10
OXA-896,Enterobacter hormaechei,1,0.42668024,3.974859,3.5528393,10
qacE,Enterobacter hormaechei,1,0.36410958,3.9680796,3.5696142,10
evgS,Enterobacter hormaechei,1,0.3811194,3.9165635,3.5675492,10
NDM-1,Enterobacter hormaechei,1,0.3490362,3.8949356,3.5543578,10
Sser_gyrB_FLO,Enterobacter hormaechei,1,0.3799062,3.9323938,3.5712037,10
CTX-M-65,Enterobacter hormaechei,1,0.37400976,3.9462967,3.5922227,10
NDM-11,Enterobacter hormaechei,1,0.35514075,3.9524283,3.5975933,10
APH(3')-Ia,Enterobacter hormaechei,1,0.40535414,4.0069575,3.6132178,10
AAC(6')-Ib9,Enterobacter hormaechei,1,0.40220034,3.9281263,3.5657897,10
APH(3')-IIa,Enterobacter hormaechei,1,0.44253337,3.9958026,3.5506825,10
AAC(6')-Ia,Enterobacter hormaechei,1,0.5041821,3.9411535,3.4925451,10
TEM-70,Enterobacter hormaechei,1,0.42501047,3.943698,3.558581,10
marA,Enterobacter hormaechei,1,0.37206718,4.0086713,3.6066284,10
emrA,Enterobacter hormaechei,1,0.39826733,4.024556,3.591831,10
CTX-M-36,Enterobacter hormaechei,1,0.5130556,3.9485927,3.5225568,10
AAC(6')-Ib',Enterobacter hormaechei,1,0.54920316,4.0465293,3.520941,10
mdtM,Enterobacter hormaechei,1,0.45707148,4.0229406,3.5458176,10
tet(B),Enterobacter hormaechei,1,0.5200898,3.9251115,3.5105221,10
oqxB,Enterobacter hormaechei,1,0.538655,4.0666146,3.4984457,10
SHV-228,Enterobacter hormaechei,1,0.43643156,4.0170155,3.5697076,10
QnrB13,Enterobacter hormaechei,1,0.42631766,4.0086594,3.5825112,10
QnrB24,Enterobacter hormaechei,1,0.490923,3.9158642,3.5080721,10
SHV-7,Enterobacter hormaechei,1,0.4521566,3.8963938,3.5873268,10
CMY-4,Enterobacter hormaechei,1,0.49206918,3.9855146,3.530744,10
QnrB6,Enterobacter hormaechei,1,0.5990582,3.9254599,3.4556613,10
QnrB10,Enterobacter hormaechei,1,0.5230324,3.9745817,3.5062585,10
QnrB19,Enterobacter hormaechei,1,0.5346275,3.9761477,3.5158093,10
IMP-70,Enterobacter hormaechei,1,0.53065234,4.0058002,3.509258,10
MexB,Enterobacter hormaechei,1,0.62450606,4.0927258,3.4888527,10
aadA17,Enterobacter hormaechei,1,0.5409324,3.960251,3.545041,10
TEM-224,Enterobacter hormaechei,1,0.44456744,4.076814,3.576691,10
CTX-M-2,Enterobacter hormaechei,1,0.6389279,3.980212,3.4525368,10
AAC(6')-Ib-cr4,Enterobacter hormaechei,1,0.5433551,3.9830658,3.4953291,10
mecA,Enterobacter hormaechei,1,0.6046336,3.9229956,3.4735074,10
pp_cat,Enterobacter hormaechei,1,0.66224337,4.0453515,3.5482557,10
MexR,Enterobacter hormaechei,1,0.70103455,3.9562242,3.443471,10
IMP-1,Enterobacter hormaechei,1,0.64934427,4.0532475,3.4099317,10
floR,Enterobacter hormaechei,1,0.6702222,3.9682102,3.4359539,10
OXA-10,Enterobacter hormaechei,1,0.58314234,3.9598746,3.490231,10
aadA5,Enterobacter hormaechei,1,0.60185975,3.939981,3.4852538,10
TEM-63,Enterobacter hormaechei,1,0.7421212,3.8771274,3.4187956,10
dfrA12,Enterobacter hormaechei,1,0.67613506,3.9867895,3.452112,10
TolC,Enterobacter hormaechei,1,0.63454914,3.9408731,3.4637702,10
emrB,Enterobacter hormaechei,1,0.6315428,3.87252,3.493903,10
CTX-M-213,Enterobacter hormaechei,1,0.5797378,3.9308596,3.48694,10
aadA8b,Enterobacter hormaechei,1,0.6755818,3.9255009,3.4516103,10
IMP-8,Enterobacter hormaechei,1,0.71518,3.935558,3.4546103,10
cmlA1,Enterobacter hormaechei,1,0.6274035,3.8138208,3.4070036,10
CTX-M-15,Enterobacter hormaechei,1,0.69726026,3.8853455,3.439679,10
IMP-59,Enterobacter hormaechei,1,0.7038207,3.889976,3.4010434,10
AAC(3)-IIe,Enterobacter hormaechei,1,0.8251525,3.9451032,3.3669033,10
cpxA,Enterobacter hormaechei,1,0.6843138,3.8935914,3.4383867,10
aadA2,Enterobacter hormaechei,1,0.613965,3.8738365,3.506768,10
CTX-M-124,Enterobacter hormaechei,1,0.7372136,3.9214554,3.421378,10
cmlA6,Enterobacter hormaechei,1,0.68073815,3.9212296,3.466216,10
QnrS10,Enterobacter hormaechei,1,0.7327189,3.9482152,3.4102192,10
AAC(6')-Ib-cr3,Enterobacter hormaechei,1,0.715241,3.9654546,3.4903877,10
aadA16,Enterobacter hormaechei,1,0.75671893,3.869542,3.384679,10
QnrB5,Enterobacter hormaechei,1,0.76241773,3.8314583,3.3640714,10
TEM-159,Enterobacter hormaechei,1,0.6909327,3.7885647,3.4245355,10
Ecol_23S_MULT,Enterobacter hormaechei,1,0.68566984,3.8575625,3.42329,10
SHV-12,Enterobacter hormaechei,1,0.6918881,3.7258096,3.330664,10
Hinf_PBP3_BLA,Enterobacter hormaechei,1,0.6971953,3.8260574,3.356694,10
CMY-61,Enterobacter hormaechei,1,0.6349576,3.8050132,3.4596386,10
H-NS,Enterobacter hormaechei,1,0.7337186,3.8387625,3.4148576,10
FosA7,Enterobacter hormaechei,1,0.69893783,3.8438325,3.4158874,10
TEM-171,Enterobacter hormaechei,1,0.705798,3.8259053,3.4847822,10
SHV-179,Enterobacter hormaechei,1,0.67242914,3.7767704,3.4146166,10
TEM-217,Enterobacter hormaechei,1,0.6937443,3.765086,3.4260507,10
TEM-84,Enterobacter hormaechei,1,0.63177365,3.785671,3.438022,10
AAC(6')-IIc,Enterobacter hormaechei,1,0.65701497,3.6964226,3.4277232,10
NDM-22,Enterobacter hormaechei,1,0.62510216,3.7034302,3.4775968,10
AAC(6')-Ib8,Enterobacter hormaechei,1,0.6202872,3.6623223,3.4914954,10
aadA15,Enterobacter hormaechei,1,0.640877,3.7631853,3.4431849,10
CTX-M-240,Enterobacter hormaechei,1,0.55658555,3.6912925,3.4711921,10
CTX-M-214,Enterobacter hormaechei,1,0.5953778,3.7210932,3.4588068,10
armA,Enterobacter hormaechei,1,0.6418058,3.634144,3.4177754,10
aad(6),Enterobacter hormaechei,1,0.655897,3.7955754,3.4054835,10
AAC(6')-Ib-cr5,Enterobacter hormaechei,1,0.5883436,3.6982725,3.4549189,10
QnrS1,Enterobacter hormaechei,1,0.6164061,3.7421613,3.4417787,10
LAP-1,Enterobacter hormaechei,1,0.6303345,3.7295206,3.4356678,10
mdtB,Enterobacter hormaechei,1,0.56870866,3.691266,3.5032516,10
tet(D),Enterobacter hormaechei,1,0.49418703,3.6513538,3.5202177,10
QnrB17,Enterobacter hormaechei,1,0.5408615,3.704859,3.5091271,10
AAC(3)-IIa,Enterobacter hormaechei,1,0.56812704,3.714126,3.4728987,10
TEM-160,Enterobacter hormaechei,1,0.5588874,3.7076633,3.47323,10
CARB-3,Enterobacter hormaechei,1,0.5822897,3.6370988,3.4718368,10
QnrB1,Enterobacter hormaechei,1,0.5440066,3.6145754,3.4431098,10
CTX-M-3,Enterobacter hormaechei,1,0.5360763,3.7043083,3.4726799,10
aadA3,Enterobacter hormaechei,1,0.49601275,3.6524634,3.4949036,10
Ecol_UhpT_FOF,Citrobacter youngae,1,17.354761,9.608293,5.232218,10
dfrA12,Citrobacter youngae,1,17.354748,9.608311,5.2321887,10
Ecol_acrA,Citrobacter youngae,1,17.354763,9.608362,5.2322125,10
dfrF,Bifidobacterium longum,1,-1.3493439,13.950397,2.0814161,10
AAC6_Ie_APH2_Ia,Bifidobacterium longum,1,-1.3493985,13.950433,2.0814254,10
APH(3')-Ia,Streptococcus pseudopneumoniae,1,10.620709,7.146218,8.244603,10
tet(M),Campylobacter coli,1,15.165629,14.065475,0.22848135,10
SAT-4,Campylobacter coli,1,15.165843,14.065247,0.22861592,10
OXA-590,Campylobacter coli,1,15.187022,14.051094,0.24089193,10
cmeA,Campylobacter coli,1,15.192182,14.03973,0.25389028,10
OXA-659,Campylobacter coli,1,15.168988,14.062934,0.23117022,10
pp_cat,Campylobacter coli,1,15.168387,14.0631075,0.23139098,10
OXA-608,Campylobacter coli,1,15.190398,14.041478,0.25335523,10
tet(45),Campylobacter coli,1,15.118928,14.009784,0.28399602,10
cmeB,Campylobacter coli,1,15.184008,14.042154,0.25194168,10
OXA-610,Campylobacter coli,1,15.169134,14.060747,0.23347086,10
OXA-577,Campylobacter coli,1,15.169268,14.060647,0.23364882,10
OXA-460,Campylobacter coli,1,15.133076,14.097017,0.19738288,10
FusF,Staphylococcus pasteuri,1,5.268232,-0.70417696,-5.3519444,10
vgaA,Staphylococcus pasteuri,1,5.268267,-0.70407116,-5.352042,10
tet(K),Staphylococcus pasteuri,1,5.2683077,-0.7041132,-5.3520517,10
APH(3')-Va,Mycobacterium marinum,1,4.7562737,4.4264016,5.2171245,10
tet(Q),Prevotella bivia,1,,,,10
Erm(51),Rhodococcus pyridinivorans,1,,,,10
mecD,Macrococcus canis,1,6.1095877,7.2692018,1.3428656,10
mefF,Macrococcus canis,1,6.10929,7.270021,1.3421755,10
ErmB,Bacteroides thetaiotaomicron,1,18.681482,7.6723566,9.493945,10
APH(6)-Id,Bacteroides thetaiotaomicron,1,18.681473,7.6723623,9.493958,10
evgS,Bacteroides thetaiotaomicron,1,18.681408,7.6722064,9.493991,10
cpxA,Bacteroides thetaiotaomicron,1,18.681467,7.672364,9.493953,10
CfxA3,Bacteroides thetaiotaomicron,1,18.681486,7.672318,9.494044,10
tet(M),Parabacteroides distasonis,1,-3.0201855,14.083576,12.284061,10
aadS,Parabacteroides distasonis,1,-3.0202284,14.083627,12.284011,10
TEM-229,Moraxella catarrhalis,1,14.19995,11.686043,3.3908951,10
TEM-32,Moraxella catarrhalis,1,14.1999855,11.686066,3.3908103,10
TEM-230,Moraxella catarrhalis,1,14.199975,11.686108,3.3908465,10
TEM-116,Pseudomonas brassicacearum,1,4.6950493,-1.8638389,-1.2439862,10
QnrS1,Citrobacter freundii,1,13.724105,0.025075277,12.530938,10
SHV-145,Citrobacter freundii,1,13.643721,-0.045794006,12.475771,10
KPC-18,Citrobacter freundii,1,13.655964,-0.04428628,12.524765,10
QnrB20,Citrobacter freundii,1,13.627889,-0.07160089,12.589668,10
QnrB31,Citrobacter freundii,1,13.721874,0.01955018,12.5203705,10
ANT(3'')-IIa,Citrobacter freundii,1,13.597445,-0.10364579,12.458181,10
emrR,Citrobacter freundii,1,13.789036,0.073048,12.452668,10
CRP,Citrobacter freundii,1,13.723466,0.020995438,12.517542,10
AAC(6')-Ib9,Citrobacter freundii,1,13.700257,-0.003321788,12.498886,10
emrB,Citrobacter freundii,1,13.703519,0.00064300495,12.499154,10
CTX-M-227,Citrobacter freundii,1,13.693738,-0.010771411,12.533797,10
AAC(6')-Ib-cr8,Citrobacter freundii,1,13.793176,0.08933991,12.456582,10
CMY-82,Citrobacter freundii,1,13.690547,-0.013620451,12.483814,10
ANT(2'')-Ia,Citrobacter freundii,1,13.667674,-0.054232422,12.564888,10
Ecol_catII,Citrobacter freundii,1,13.725562,0.02098272,12.517969,10
TEM-82,Citrobacter freundii,1,13.683296,-0.014745473,12.477938,10
MCR-9.1,Citrobacter freundii,1,13.636793,-0.07002508,12.480699,10
TEM-191,Citrobacter freundii,1,13.778453,0.063683406,12.465625,10
tet(A),Citrobacter freundii,1,13.690137,-0.015422431,12.477137,10
NDM-1,Citrobacter freundii,1,13.865832,0.16331437,12.404153,10
tetR,Citrobacter freundii,1,13.758948,0.055009432,12.516401,10
cpxA,Citrobacter freundii,1,13.721881,0.007312824,12.464324,10
qacJ,Citrobacter freundii,1,13.7425585,0.034285586,12.498162,10
msrE,Citrobacter freundii,1,13.720536,0.047769655,12.550709,10
tet(C),Citrobacter freundii,1,13.716082,0.015178656,12.539152,10
qacG,Citrobacter freundii,1,13.744932,0.042397495,12.498558,10
mdtG,Citrobacter freundii,1,13.837539,0.13491596,12.611643,10
OXA-794,Citrobacter freundii,1,13.7621565,0.064784855,12.472372,10
AAC(6')-Ib7,Citrobacter freundii,1,13.755703,0.05306319,12.519168,10
aadA15,Citrobacter freundii,1,13.739904,0.03738386,12.51072,10
rsmA,Citrobacter freundii,1,13.750844,0.048505176,12.514754,10
QnrB19,Citrobacter freundii,1,13.804393,0.1060346,12.5420065,10
OXA-9,Citrobacter freundii,1,13.751324,0.03590392,12.473497,10
qacL,Citrobacter freundii,1,13.663738,-0.03944491,12.425403,10
tet(D),Citrobacter freundii,1,13.782708,0.08910494,12.560836,10
QnrS2,Citrobacter freundii,1,13.717129,0.015285687,12.539224,10
OXA-796,Citrobacter freundii,1,13.749008,0.048602123,12.5674715,10
TEM-145,Citrobacter freundii,1,13.79259,0.0904311,12.464441,10
CMY-132,Citrobacter freundii,1,13.807566,0.10615263,12.48002,10
TEM-220,Citrobacter freundii,1,13.756761,0.05493474,12.473997,10
QnrB13,Citrobacter freundii,1,13.774303,0.07271566,12.486245,10
CTX-M-137,Escherichia coli,1,6.7860885,2.133139,9.826293,10
mdtO,Citrobacter freundii,1,13.834199,0.13888508,12.598894,10
AxyX,Achromobacter xylosoxidans,1,7.7707343,4.1874986,-5.6058936,10
qacG,Achromobacter xylosoxidans,1,7.7707877,4.1874533,-5.605856,10
GES-1,Achromobacter xylosoxidans,1,7.77101,4.187183,-5.6058373,10
APH(3'')-Ib,Achromobacter xylosoxidans,1,7.7710943,4.1873646,-5.605855,10
AxyY,Achromobacter xylosoxidans,1,7.770846,4.187607,-5.605919,10
OXA-789,Achromobacter xylosoxidans,1,7.770463,4.187796,-5.605816,10
TEM-150,Escherichia fergusonii,1,-1.9296204,13.641837,-4.519203,10
AAC(6')-Ib7,Escherichia fergusonii,1,-1.9102403,13.653379,-4.53168,10
tet(M),Escherichia fergusonii,1,-1.9347732,13.636607,-4.5139565,10
TEM-234,Escherichia fergusonii,1,-1.9039475,13.6687155,-4.546005,10
CTX-M-73,Escherichia fergusonii,1,-1.9523504,13.617203,-4.4945297,10
mdtC,Escherichia fergusonii,1,-1.8474951,13.721804,-4.5991464,10
emrA,Escherichia fergusonii,1,-1.9090067,13.661677,-4.538916,10
AAC(6')-Ib-cr3,Escherichia fergusonii,1,-1.90832,13.6623125,-4.5395646,10
TEM-220,Escherichia fergusonii,1,-1.9081923,13.662129,-4.539534,10
TEM-212,Escherichia fergusonii,1,-1.8495604,13.718509,-4.5958257,10
mdtH,Escherichia fergusonii,1,-1.8734912,13.696564,-4.5735397,10
mef(B),Escherichia fergusonii,1,-1.9055997,13.6660385,-4.5433416,10
TEM-95,Escherichia fergusonii,1,-1.9303368,13.640854,-4.5183167,10
aadA12,Escherichia fergusonii,1,-1.8870952,13.636755,-4.513967,10
sul2,Escherichia fergusonii,1,-1.9061505,13.663806,-4.541153,10
OXA-347,Phocaeicola dorei,1,5.3088775,4.903005,-9.762334,10
ErmG,Phocaeicola dorei,1,5.317797,4.8944573,-9.753226,10
tet(X1),Phocaeicola dorei,1,5.32391,4.892374,-9.745616,10
ErmB,Phocaeicola dorei,1,5.3183985,4.894092,-9.752497,10
nimE,Phocaeicola dorei,1,5.3104973,4.8972063,-9.762396,10
sul1,Sphingobium yanoikuyae,1,,,,10
adeF,Achromobacter insolitus,1,,,,10
opcM,Burkholderia multivorans,1,,,,10
TolC,Shigella boydii,1,16.82957,3.7813075,7.911815,10
APH(3'')-Ib,Shigella boydii,1,16.742105,3.8697863,8.000077,10
Hinf_PBP3_BLA,Shigella boydii,1,16.649431,3.9622564,8.092578,10
AcrE,Shigella boydii,1,16.738173,3.9137578,8.044578,10
mdtB,Shigella boydii,1,16.72598,3.8856506,8.01588,10
msbA,Shigella boydii,1,16.68098,3.930523,8.060927,10
emrK,Shigella boydii,1,16.691906,3.9199195,8.050254,10
sul2,Shigella boydii,1,16.622234,3.8088255,7.9391866,10
Ecol_soxR_MULT,Shigella boydii,1,16.712288,3.9001074,8.030413,10
mdtC,Shigella boydii,1,16.6873,3.9130313,8.044501,10
Kpne_KpnE,Shigella boydii,1,16.734865,3.9168253,8.047216,10
tet(A),Shigella boydii,1,16.737068,3.874172,8.004343,10
OXA-31,Shigella boydii,1,16.695127,3.8766727,8.007094,10
AAC(3)-VIa,Shigella boydii,1,16.697018,3.8752065,8.005739,10
aadA2,Shigella boydii,1,16.714668,3.8945227,8.025021,10
mdtA,Shigella boydii,1,16.719755,3.9348543,8.065494,10
AcrS,Shigella boydii,1,16.753263,3.8497112,7.980233,10
Kpne_KpnF,Shigella boydii,1,16.711544,3.8955066,8.025978,10
Ecol_acrA,Shigella boydii,1,16.685423,3.8620534,7.9973855,10
mdtP,Shigella boydii,1,16.692648,3.9120114,8.042596,10
tet(M),Fusobacterium nucleatum,1,,,,10
KPC-24,Klebsiella michiganensis,1,-6.0680094,1.2516967,-5.557385,10
VIM-1,Klebsiella michiganensis,1,-6.0901546,1.2732452,-5.5358486,10
qacJ,Klebsiella michiganensis,1,-6.078032,1.2612047,-5.547911,10
TEM-116,Klebsiella michiganensis,1,-6.0641327,1.2473214,-5.561649,10
qacE,Klebsiella michiganensis,1,-6.05602,1.2392235,-5.569799,10
IMP-29,Klebsiella michiganensis,1,-6.0773587,1.2605228,-5.5485272,10
OmpA,Klebsiella michiganensis,1,-6.086458,1.2696302,-5.5394087,10
LAP-2,Klebsiella michiganensis,1,-6.078567,1.2615428,-5.5475326,10
cmlA1,Klebsiella michiganensis,1,-6.1016827,1.2848742,-5.5241776,10
arr-3,Klebsiella michiganensis,1,-6.079161,1.2623258,-5.546719,10
Cdif_23S_MULT,Klebsiella michiganensis,1,-6.079117,1.2622526,-5.5468025,10
QnrB29,Klebsiella michiganensis,1,-6.0760612,1.2592267,-5.5498257,10
GES-5,Klebsiella michiganensis,1,-6.0711737,1.2544674,-5.554457,10
ANT(3'')-IIa,Klebsiella michiganensis,1,-6.0777273,1.2608626,-5.548176,10
qacJ,Chryseobacterium taklimakanense,1,,,,10
OXA-929,Proteus mirabilis,1,9.868315,7.9199915,-8.174312,10
aadA8,Proteus mirabilis,1,9.893914,7.909691,-8.148232,10
dfrA32,Proteus mirabilis,1,9.861014,7.9267483,-8.181339,10
FosA3,Proteus mirabilis,1,9.889399,7.9276986,-8.153216,10
qacEdelta1,Proteus mirabilis,1,9.85835,7.9314456,-8.184484,10
AAC(3)-IIe,Proteus mirabilis,1,9.813028,7.9718676,-8.2313595,10
lnuG,Proteus mirabilis,1,9.907923,7.942716,-8.136988,10
aadA,Proteus mirabilis,1,9.863936,7.926553,-8.180427,10
Cdif_23S_MULT,Proteus mirabilis,1,9.886945,7.948267,-8.157825,10
AAC(3)-IV,Proteus mirabilis,1,9.864474,7.9268517,-8.180527,10
APH(4)-Ia,Proteus mirabilis,1,9.858294,7.9198866,-8.179711,10
VIM-40,Proteus mirabilis,1,9.858988,7.9250855,-8.185051,10
arr-3,Proteus mirabilis,1,9.879931,7.907838,-8.164363,10
SHV-186,Proteus mirabilis,1,9.802237,7.8630896,-8.242123,10
aadA8b,Proteus mirabilis,1,9.897855,7.9560375,-8.147026,10
aadA14,Proteus mirabilis,1,9.8564205,7.9230657,-8.18821,10
dfrA7,Proteus mirabilis,1,9.870944,7.8848863,-8.173111,10
SHV-135,Proteus mirabilis,1,9.85662,7.916385,-8.18763,10
aadA15,Proteus mirabilis,1,9.898246,7.9572654,-8.146123,10
cmlA9,Proteus mirabilis,1,9.848248,7.941381,-8.195928,10
ANT(2'')-Ia,Proteus mirabilis,1,9.845425,7.9195013,-8.198244,10
msrE,Proteus mirabilis,1,9.871737,7.915588,-8.171597,10
TEM-1,Proteus mirabilis,1,9.850489,7.9347134,-8.192908,10
oqxB,Proteus mirabilis,1,9.863117,7.9238367,-8.180601,10
QnrD2,Proteus mirabilis,1,9.857706,7.928876,-8.186157,10
aadA25,Proteus mirabilis,1,9.899428,7.8879223,-8.144351,10
aadA24,Proteus mirabilis,1,9.84091,7.9424357,-8.203347,10
sul2,Proteus mirabilis,1,9.845354,7.9418755,-8.1988,10
vanR_in_vanD_cl,Blautia producta,1,7.8122296,6.833723,3.5219157,10
vanD,Blautia producta,1,7.812382,6.8338246,3.5221028,10
qacG,Mycobacterium colombiense,1,,,,10
tet(M),Erysipelothrix rhusiopathiae,1,,,,10
sdrM,Staphylococcus haemolyticus,1,10.706496,10.567995,12.794993,10
fusC,Staphylococcus haemolyticus,1,10.693597,10.5807,12.807161,10
mphC,Staphylococcus haemolyticus,1,10.755596,10.519031,12.74517,10
Saur_mupA_MUP,Staphylococcus haemolyticus,1,10.713951,10.560637,12.786853,10
qacG,Staphylococcus haemolyticus,1,10.780738,10.493257,12.734684,10
Efac_ACT_CHL,Staphylococcus haemolyticus,1,10.710845,10.563452,12.7843485,10
SAT-4,Staphylococcus haemolyticus,1,10.715243,10.55949,12.784973,10
SHV-108,Staphylococcus haemolyticus,1,10.715431,10.559466,12.78488,10
mecA,Staphylococcus haemolyticus,1,10.688047,10.586582,12.788744,10
TEM-181,Staphylococcus haemolyticus,1,10.660464,10.614368,12.82468,10
aad(6),Staphylococcus haemolyticus,1,10.71304,10.561839,12.785481,10
dfrG,Staphylococcus haemolyticus,1,10.7115345,10.563224,12.786077,10
fusB,Staphylococcus haemolyticus,1,10.747952,10.526607,12.821481,10
APH(3')-IIIa,Staphylococcus haemolyticus,1,10.691579,10.583093,12.809114,10
qacEdelta1,Staphylococcus haemolyticus,1,10.709673,10.564774,12.793473,10
adeF,Rhizobium leguminosarum,1,-2.9483376,-0.88152647,3.9745867,10
ErmC,Acinetobacter lwoffii,1,8.26746,-4.7334356,2.0545845,10
APH(3')-VI,Acinetobacter lwoffii,1,8.26739,-4.733429,2.0545263,10
ANT(2'')-Ia,Acinetobacter pittii,1,-7.1180825,4.3869257,-1.5732744,10
qacG,Acinetobacter pittii,1,-7.1187925,4.387743,-1.572446,10
floR,Acinetobacter pittii,1,-7.1224647,4.3908625,-1.5698037,10
AAC(3)-IIc,Acinetobacter pittii,1,-7.118596,4.3875203,-1.5727772,10
Ecol_EFTu_PLV,Acinetobacter pittii,1,-7.11853,4.387533,-1.572709,10
msrE,Acinetobacter pittii,1,-7.119129,4.3881483,-1.57227,10
cmlA5,Acinetobacter pittii,1,-7.1003866,4.368149,-1.5918319,10
arr-2,Acinetobacter pittii,1,-7.1191616,4.387996,-1.5723741,10
OXA-10,Acinetobacter pittii,1,-7.1182685,4.387205,-1.5727396,10
qacG,Vibrio alginolyticus,1,-4.2302785,15.010541,6.7780747,10
APH(6)-Id,Vibrio alginolyticus,1,-4.230388,15.010649,6.7779613,10
sul2,Vibrio alginolyticus,1,-4.2305403,15.010773,6.777795,10
AAC(6')-Ib-cr3,Vibrio alginolyticus,1,-4.2304296,15.01065,6.7779436,10
VEB-11,Vibrio alginolyticus,1,-4.2332206,15.01318,6.774501,10
QnrS2,Vibrio alginolyticus,1,-4.2301497,15.010369,6.778238,10
VEB-10,Vibrio alginolyticus,1,-4.2473454,15.027515,6.7609754,10
tet(59),Vibrio alginolyticus,1,-4.241386,15.020496,6.765217,10
arr-3,Vibrio alginolyticus,1,-4.228738,15.009031,6.7795677,10
VEB-15,Vibrio alginolyticus,1,-4.226138,15.006347,6.782145,10
CRP,Vibrio alginolyticus,1,-4.230528,15.01079,6.777895,10
ErmC,Staphylococcus simulans,1,4.8572335,-0.978606,-6.7111073,10
QnrD1,Staphylococcus simulans,1,4.8571663,-0.9786012,-6.711009,10
vgaA,Staphylococcus simulans,1,4.8571587,-0.97861093,-6.711023,10
ErmA,Staphylococcus simulans,1,4.8571,-0.97846997,-6.7110767,10
Ecol_EFTu_PLV,Avibacterium paragallinarum,1,16.554058,13.5543995,6.928209,10
Kpne_KpnH,Avibacterium paragallinarum,1,16.554012,13.554412,6.9282136,10
Hinf_PBP3_BLA,Avibacterium paragallinarum,1,16.554714,13.554818,6.928394,10
AAC(3)-IId,Avibacterium paragallinarum,1,16.551254,13.552416,6.927446,10
CTX-M-230,Staphylococcus epidermidis,1,5.0464587,11.5159025,14.828683,10
catA8,Staphylococcus epidermidis,1,5.065353,11.534471,14.847489,10
Saur_23S_LZD,Staphylococcus epidermidis,1,5.093435,11.489959,14.875571,10
tet(C),Staphylococcus epidermidis,1,4.946453,11.413077,14.727679,10
norC,Staphylococcus epidermidis,1,5.027831,11.496195,14.809939,10
APH(3')-IIIa,Staphylococcus epidermidis,1,5.050794,11.518487,14.83244,10
SAT-4,Staphylococcus epidermidis,1,5.045622,11.513564,14.827448,10
tet(M),Staphylococcus epidermidis,1,5.0462146,11.51344,14.828145,10
TEM-201,Staphylococcus epidermidis,1,5.010226,11.476589,14.79173,10
lsaE,Staphylococcus epidermidis,1,5.0378914,11.532123,14.823608,10
vgaB,Staphylococcus epidermidis,1,5.0214124,11.487519,14.802248,10
vgaALC,Staphylococcus epidermidis,1,5.0761967,11.541708,14.856658,10
tet(C),Francisella tularensis,1,,,,10
tet(O/W/O),Bifidobacterium breve,1,5.087248,4.1430006,6.518799,10
tet(W),Lactobacillus crispatus,1,-8.150891,11.430098,6.3568683,10
lnuC,Lactobacillus crispatus,1,-8.15102,11.430054,6.3569593,10
catA8,Lactobacillus crispatus,1,-8.150908,11.430111,6.3568926,10
adeF,Campylobacter fetus,1,,,,10
tet(X3),Acinetobacter junii,1,12.787458,5.001497,4.307327,10
ANT(3'')-IIb,Acinetobacter junii,1,12.787519,5.0014815,4.3073444,10
msbA,Acinetobacter junii,1,12.787501,5.0014772,4.3073273,10
tet(C),Pseudomonas fluorescens,1,-0.5743063,3.8510365,16.14795,10
TEM-129,Pseudomonas fluorescens,1,-0.57430184,3.8509676,16.147913,10
PFM-3,Pseudomonas fluorescens,1,-0.5748123,3.8491616,16.149212,10
Type_A_NfxB,Pseudomonas fluorescens,1,-0.57443094,3.8503838,16.148449,10
adeF,Thalassospira indica,1,,,,10
APH(3')-IIa,Clostridium perfringens,1,-4.5632086,-1.6993681,5.5067463,10
LnuP,Clostridium perfringens,1,-4.563338,-1.6993908,5.5067167,10
TEM-116,Clostridium perfringens,1,-4.563286,-1.6994363,5.5067477,10
mtrA,Mycobacterium ulcerans,1,,,,10
tet(M),Streptococcus equi,1,9.655097,4.779293,2.654471,10
tet(O),Streptococcus equi,1,9.658205,4.779286,2.6529183,10
Ecol_UhpT_FOF,Klebsiella quasipneumoniae,1,-0.72031856,-3.5393944,4.9222155,10
TolC,Klebsiella quasipneumoniae,1,-0.6640651,-3.5969698,4.9548264,10
cpxA,Klebsiella quasipneumoniae,1,-0.6894417,-3.5166998,4.8886075,10
AAC(6')-Ib-cr3,Klebsiella quasipneumoniae,1,-0.6784249,-3.6159947,4.846138,10
aadA5,Klebsiella quasipneumoniae,1,-0.7181723,-3.563487,4.898071,10
NDM-2,Klebsiella quasipneumoniae,1,-0.73665607,-3.5861888,4.8774085,10
OXA-519,Klebsiella quasipneumoniae,1,-0.6416668,-3.650295,4.892296,10
marA,Klebsiella quasipneumoniae,1,-0.73600066,-3.5479465,4.9178834,10
FosA7.5,Klebsiella quasipneumoniae,1,-0.7066575,-3.5585282,4.906947,10
EC-14,Klebsiella quasipneumoniae,1,-0.6924246,-3.5856016,4.917189,10
Ecol_AcrR_MULT,Klebsiella quasipneumoniae,1,-0.69176435,-3.5902083,4.874387,10
mphA,Klebsiella quasipneumoniae,1,-0.7050194,-3.58743,4.86822,10
CMY-161,Klebsiella quasipneumoniae,1,-0.68978757,-3.5848382,4.8771133,10
dfrA27,Klebsiella quasipneumoniae,1,-0.742616,-3.5957227,4.8787727,10
mdtG,Klebsiella quasipneumoniae,1,-0.69291645,-3.589232,4.9176903,10
AcrF,Klebsiella quasipneumoniae,1,-0.7280653,-3.5116742,4.8839407,10
AAC(6')-Ib9,Klebsiella quasipneumoniae,1,-0.68137157,-3.534055,4.912865,10
dfrA14,Klebsiella quasipneumoniae,1,-0.69398105,-3.5808318,4.9207087,10
catI,Klebsiella quasipneumoniae,1,-0.6772223,-3.5478227,4.9372687,10
aadA8,Klebsiella quasipneumoniae,1,-0.7207439,-3.5534358,4.9082727,10
aadA,Klebsiella quasipneumoniae,1,-0.7373855,-3.583964,4.924868,10
arr-3,Klebsiella quasipneumoniae,1,-0.7164339,-3.558266,4.9000845,10
evgA,Klebsiella quasipneumoniae,1,-0.7126643,-3.5610082,4.9015265,10
tet(C),Klebsiella quasipneumoniae,1,-0.7184311,-3.5549648,4.906944,10
emrR,Klebsiella quasipneumoniae,1,-0.7590249,-3.5147665,4.9139543,10
Ecol_rpoB_RIF,Klebsiella quasipneumoniae,1,-0.74641854,-3.5271583,4.905931,10
QnrD1,Klebsiella quasipneumoniae,1,-0.7166538,-3.552252,4.907775,10
CTX-M-34,Klebsiella quasipneumoniae,1,-0.7628203,-3.5088856,4.863123,10
OXA-1,Klebsiella quasipneumoniae,1,-0.68913776,-3.5517735,4.9060717,10
CTX-M-95,Klebsiella quasipneumoniae,1,-0.6612869,-3.6100748,4.9472866,10
aadA16,Klebsiella quasipneumoniae,1,-0.67687774,-3.4843874,4.891232,10
dfrA15,Klebsiella quasipneumoniae,1,-0.6949116,-3.5274518,4.930401,10
PRC-1,Pseudomonas mendocina,1,7.621021,-4.1321115,11.205954,10
rsmA,Pseudomonas mendocina,1,7.621122,-4.131245,11.205494,10
arr-4,Pseudomonas mendocina,1,7.6213417,-4.132253,11.205937,10
vgaA,Neisseria sicca,1,5.520739,6.8532834,6.0226836,10
aadA,Trueperella pyogenes,1,2.8005698,7.503048,4.4089923,10
APH(3')-Ia,Gardnerella vaginalis,1,6.7068706,-0.36103606,3.122651,10
tet(M),Gardnerella vaginalis,1,6.7063622,-0.36105174,3.1226163,10
tet(45),Gardnerella vaginalis,1,6.7073374,-0.36101952,3.12267,10
CRP,Leclercia adecarboxylata,1,2.051723,9.195127,2.7442708,10
qacJ,Bordetella petrii,1,5.4334645,9.699008,5.3156652,10
tet(W),Schaalia odontolytica,1,,,,10
qacJ,Orrella dioscoreae,1,,,,10
PC1_blaZ,Leptospira borgpetersenii,1,,,,10
tet(L),Streptococcus suis,1,9.335102,17.509895,8.474791,10
tet(44),Streptococcus suis,1,9.334861,17.509678,8.4749975,10
APH(4)-Ia,Streptococcus suis,1,9.334087,17.510109,8.474631,10
tet(40),Streptococcus suis,1,9.330348,17.512085,8.472608,10
msrA,Streptococcus suis,1,9.314612,17.495537,8.489656,10
ErmT,Streptococcus suis,1,9.320514,17.543526,8.441255,10
gadW,Streptococcus suis,1,9.318192,17.532885,8.451864,10
gadX,Streptococcus suis,1,9.312301,17.532335,8.452546,10
Ssui_ACT_CHL,Streptococcus suis,1,9.331365,17.5125,8.472308,10
lsaE,Streptococcus suis,1,9.339752,17.518389,8.465923,10
lnuB,Streptococcus suis,1,9.372146,17.473425,8.511112,10
tet(A),Providencia stuartii,1,3.9053414,-6.4473505,16.574066,10
tet(59),Providencia stuartii,1,3.9053345,-6.4473596,16.574076,10
BRP(MBL),Providencia stuartii,1,3.9054642,-6.4472203,16.57404,10
Kpne_KpnH,Providencia stuartii,1,3.9053576,-6.4473443,16.574074,10
catB3,Providencia stuartii,1,3.9053557,-6.4473343,16.574062,10
msrE,Providencia stuartii,1,3.9055998,-6.4468617,16.5741,10
sul2,Providencia stuartii,1,3.905366,-6.447321,16.574068,10
TEM-93,Providencia stuartii,1,3.905384,-6.447387,16.574066,10
CMY-34,Escherichia coli,1,6.679735,2.0599995,9.780519,10
AAC(6')-Ib-cr6,Pseudomonas aeruginosa,1,2.1793308,10.756532,0.0037233515,10
APH(3')-XV,Pseudomonas aeruginosa,1,2.1690855,10.722367,-0.021335099,10
CTX-M-229,Pseudomonas aeruginosa,1,2.1829565,10.735568,-0.018928979,10
mexY,Pseudomonas aeruginosa,1,2.1357923,10.705985,-0.008704418,10
CARB-53,Pseudomonas aeruginosa,1,2.0958717,10.687547,-0.018049246,10
VIM-69,Pseudomonas aeruginosa,1,2.1074927,10.671879,-0.022455623,10
OXA-28,Pseudomonas aeruginosa,1,2.1345534,10.670681,-0.046831273,10
tet(B),Pseudomonas aeruginosa,1,1.9756784,10.609468,0.024844723,10
VIM-9,Pseudomonas aeruginosa,1,2.0711994,10.655725,-0.0057282755,10
mecR1,Pseudomonas aeruginosa,1,2.0586185,10.693886,0.027961321,10
aphA15,Pseudomonas aeruginosa,1,2.0451944,10.642761,0.0033447845,10
qacL,Pseudomonas aeruginosa,1,2.153783,10.784006,0.06918095,10
Sint_ACT_CHL,Pseudomonas aeruginosa,1,2.0873938,10.714575,-0.001828482,10
OpmD,Pseudomonas aeruginosa,1,1.9865212,10.638839,0.031564254,10
AAC(6')-Ib-cr5,Pseudomonas aeruginosa,1,2.0506134,10.685249,0.0239225,10
GES-42,Pseudomonas aeruginosa,1,2.004853,10.538363,-0.055196814,10
AAC(3)-Ia,Pseudomonas aeruginosa,1,1.8838748,10.668196,0.13479087,10
OXA-13,Pseudomonas aeruginosa,1,1.9974626,10.5350485,0.14518249,10
aadA15,Pseudomonas aeruginosa,1,2.0491776,10.698945,-0.0014841218,10
ANT(4')-Ib,Pseudomonas aeruginosa,1,1.933978,10.596932,0.03390422,10
AIM-1,Pseudomonas aeruginosa,1,1.9860303,10.633788,0.023543607,10
OXA-932,Pseudomonas aeruginosa,1,1.9100581,10.630868,0.07307553,10
CTX-M-210,Escherichia coli,1,6.6946654,2.084817,9.84389,10
CTX-M-36,Escherichia coli,1,6.7661524,2.1415715,9.917836,10
aadA16,Pseudomonas aeruginosa,1,1.9787232,10.638101,0.0099930195,10
mdtP,Pseudomonas aeruginosa,1,1.8833972,10.623267,0.06676021,10
catB8,Pseudomonas aeruginosa,1,1.9532233,10.627677,0.037971545,10
PC1_blaZ,Pseudomonas aeruginosa,1,1.7148842,10.6960535,0.14479315,10
OXA-101,Pseudomonas aeruginosa,1,1.8943598,10.594198,0.042294916,10
AAC(6')-Ib-cr4,Pseudomonas aeruginosa,1,1.8328516,10.574525,0.07480526,10
OXA-256,Pseudomonas aeruginosa,1,1.7906916,10.622028,0.10728141,10
msrA,Escherichia coli,1,6.7895403,2.1650298,9.936952,10
PC1_blaZ,Escherichia coli,1,6.7709403,2.1555238,9.928847,10
aadA11,Pseudomonas aeruginosa,1,1.8910939,10.650025,0.08692237,10
ErmA,Pseudomonas aeruginosa,1,1.880882,10.640349,0.08438656,10
OXA-395,Pseudomonas aeruginosa,1,1.8316514,10.670743,0.124309294,10
arr-4,Pseudomonas aeruginosa,1,1.8111056,10.641833,0.116785355,10
cprR,Pseudomonas aeruginosa,1,1.7861924,10.604819,0.13049354,10
GES-20,Pseudomonas aeruginosa,1,1.850146,10.581352,0.065001905,10
CTX-M-35,Pseudomonas aeruginosa,1,1.8183756,10.609207,0.1065195,10
OXA-838,Pseudomonas aeruginosa,1,1.884037,10.623979,0.07842828,10
YojI,Pseudomonas aeruginosa,1,1.7623198,10.658168,0.14426994,10
aadA12,Pseudomonas aeruginosa,1,1.7435353,10.718398,0.20032662,10
OXA-10,Pseudomonas aeruginosa,1,1.8354307,10.712153,0.14407532,10
dfrC,Pseudomonas aeruginosa,1,1.8450046,10.69202,0.15953748,10
aadA9,Pseudomonas aeruginosa,1,1.8314087,10.6755905,0.14780736,10
tet(O/M/O),Pseudomonas aeruginosa,1,1.7392238,10.686571,0.195727,10
OXA-224,Pseudomonas aeruginosa,1,1.7572757,10.725942,0.22607745,10
OXA-657,Pseudomonas aeruginosa,1,1.8103826,10.603268,0.16736805,10
adeB,Pseudomonas aeruginosa,1,1.7317367,10.677988,0.16343361,10
tet(M),Bacillus cereus,1,1.9596758,-4.9981647,-4.2518883,10
tet(C),Pseudomonas aeruginosa,1,1.7053621,10.671666,0.19940278,10
mdtO,Pseudomonas aeruginosa,1,1.8397411,10.635722,0.124769926,10
CMY-12,Escherichia coli,1,6.7800803,2.155723,9.944657,10
VEB-5,Pseudomonas aeruginosa,1,1.6718285,10.804818,0.29731426,10
pp_cat,Pseudomonas aeruginosa,1,1.7974563,10.719485,0.1844836,10
AAC(6')-Ib-cr3,Pseudomonas aeruginosa,1,1.8103917,10.73114,0.19265503,10
AAC6_Ie_APH2_Ia,Pseudomonas aeruginosa,1,1.6873722,10.756543,0.2734,10
bacA,Pseudomonas aeruginosa,1,1.72515,10.758734,0.25311613,10
AAC(6')-Ib4,Pseudomonas aeruginosa,1,1.7228168,10.738481,0.2306269,10
vanR_in_vanA_cl,Pseudomonas aeruginosa,1,1.790063,10.806444,0.27554244,10
vanS_in_vanA_cl,Pseudomonas aeruginosa,1,1.7134273,10.741561,0.23486272,10
rmtD,Pseudomonas aeruginosa,1,1.7066326,10.832399,0.31256002,10
OXA-31,Pseudomonas aeruginosa,1,1.7471514,10.794629,0.26641142,10
VIM-4,Pseudomonas aeruginosa,1,1.6963547,10.808698,0.30845785,10
GES-3,Pseudomonas aeruginosa,1,1.7743521,10.844828,0.2930162,10
AcrF,Pseudomonas aeruginosa,1,1.6966727,10.802899,0.30334842,10
APH(3')-IIb,Pseudomonas aeruginosa,1,1.7728622,10.814122,0.24627785,10
dfrA14,Pseudomonas aeruginosa,1,1.7192348,10.796344,0.26454723,10
Ecol_EFTu_PLV,Pseudomonas aeruginosa,1,1.7212334,10.738487,0.21859026,10
NDM-14,Pseudomonas aeruginosa,1,1.6915382,10.796338,0.29189774,10
MexT,Pseudomonas aeruginosa,1,1.8307827,10.97051,0.30392188,10
DfrA37,Pseudomonas aeruginosa,1,1.7158931,10.853576,0.32039797,10
msrE,Pseudomonas aeruginosa,1,1.8052481,10.917303,0.32334608,10
CTX-M-209,Escherichia coli,1,6.806264,2.1735985,9.949322,10
emrY,Pseudomonas aeruginosa,1,1.7401111,10.900575,0.33986834,10
emrK,Pseudomonas aeruginosa,1,1.842183,10.964345,0.27644116,10
emrR,Pseudomonas aeruginosa,1,1.7484545,10.898424,0.32104018,10
qacB,Bacillus cereus,1,1.941112,-4.961989,-4.2285028,10
aadA24,Pseudomonas aeruginosa,1,1.7019424,10.862305,0.3472683,10
AAC(6')-Iaf,Pseudomonas aeruginosa,1,1.7316915,10.866367,0.3342048,10
MCR-9.1,Pseudomonas aeruginosa,1,1.7571652,10.907884,0.34094304,10
cmlA5,Pseudomonas aeruginosa,1,1.7422074,10.912685,0.34365928,10
TEM-55,Escherichia coli,1,6.7604885,2.1159356,9.880381,10
OXA-544,Pseudomonas aeruginosa,1,1.7545525,10.986654,0.36532515,10
qacE,Pseudomonas aeruginosa,1,1.7458702,10.909137,0.3643438,10
APH(3')-VIa,Pseudomonas aeruginosa,1,1.8212615,10.938201,0.29628274,10
gadW,Pseudomonas aeruginosa,1,1.8254789,11.029418,0.38101676,10
Paer_catB7,Pseudomonas aeruginosa,1,1.8346357,11.008946,0.3297646,10
OXA-180,Pseudomonas aeruginosa,1,1.8269931,10.987514,0.35849646,10
OXA-170,Pseudomonas aeruginosa,1,1.861789,11.05262,0.37425783,10
MexL,Pseudomonas aeruginosa,1,1.849245,10.980209,0.3342254,10
TEM-229,Pseudomonas aeruginosa,1,1.9095355,11.017188,0.37189957,10
CTX-M-22,Pseudomonas aeruginosa,1,1.8789451,11.037828,0.3568439,10
Ecol_mdfA,Pseudomonas aeruginosa,1,1.9034283,11.075539,0.41723782,10
Saur_LmrS,Pseudomonas aeruginosa,1,1.8962802,11.0304785,0.3428974,10
OXA-937,Pseudomonas aeruginosa,1,1.9412433,11.075478,0.3020897,10
mexX,Pseudomonas aeruginosa,1,1.8203846,10.992868,0.3868079,10
aadA6,Pseudomonas aeruginosa,1,1.9440194,11.078406,0.36399952,10
aadA6/aadA10,Pseudomonas aeruginosa,1,1.9230121,11.077714,0.4041594,10
VIM-47,Pseudomonas aeruginosa,1,2.0510216,11.089749,0.32098836,10
AAC(6')-IIb,Pseudomonas aeruginosa,1,1.8498325,10.995805,0.3564027,10
TEM-162,Pseudomonas aeruginosa,1,1.9131811,11.039154,0.35748753,10
AAC(6')-Ib,Pseudomonas aeruginosa,1,1.9774511,11.072122,0.3287839,10
AAC(6')-Ib8,Pseudomonas aeruginosa,1,1.9450092,11.044916,0.32243302,10
KPC-83,Pseudomonas aeruginosa,1,2.0166588,11.134844,0.38595968,10
VIM-30,Pseudomonas aeruginosa,1,2.0360215,11.197433,0.40111998,10
KPC-43,Pseudomonas aeruginosa,1,1.9870346,11.085404,0.3443573,10
VIM-34,Pseudomonas aeruginosa,1,2.3008513,11.1935,0.3227633,10
nalC,Pseudomonas aeruginosa,1,2.0167663,11.147541,0.35886046,10
mdtF,Pseudomonas aeruginosa,1,2.065499,11.152838,0.32489103,10
TEM-109,Pseudomonas aeruginosa,1,2.019263,11.06764,0.30880633,10
MexK,Pseudomonas aeruginosa,1,2.0054135,11.097482,0.3504594,10
APH(3')-VI,Pseudomonas aeruginosa,1,2.0505047,11.09339,0.31457457,10
APH(3')-IIa,Pseudomonas aeruginosa,1,2.0603507,11.183945,0.35510623,10
mexN,Pseudomonas aeruginosa,1,2.1024904,11.125429,0.3028123,10
OXA-9,Pseudomonas aeruginosa,1,2.1157873,11.124473,0.28553045,10
mdtH,Pseudomonas aeruginosa,1,2.106317,11.191673,0.34591994,10
KPC-52,Pseudomonas aeruginosa,1,2.154212,11.141549,0.26595366,10
arlR,Pseudomonas aeruginosa,1,2.0010302,11.109441,0.27825356,10
norC,Pseudomonas aeruginosa,1,2.18861,11.211902,0.2572816,10
KPC-36,Pseudomonas aeruginosa,1,2.1654723,11.09593,0.2558944,10
VIM-16,Pseudomonas aeruginosa,1,2.1763556,11.023231,0.16944893,10
mdtC,Pseudomonas aeruginosa,1,2.134066,11.090631,0.29256418,10
baeS,Escherichia marmotae,1,9.824565,7.600091,14.197756,10
ugd,Escherichia marmotae,1,9.824665,7.5992193,14.195016,10
Ecol_EFTu_PLV,Escherichia marmotae,1,9.826766,7.6025686,14.1935,10
Mmor_gyrB_FLO,Escherichia marmotae,1,9.826686,7.6023374,14.19375,10
MCR-1.9,Escherichia marmotae,1,9.836019,7.6128106,14.184223,10
acrD,Escherichia marmotae,1,9.827011,7.602737,14.19336,10
mtrC,Neisseria meningitidis,1,7.242938,-1.1006488,8.443605,10
smeD,Stenotrophomonas maltophilia,1,-3.5822175,7.0561953,12.069555,10
TriC,Stenotrophomonas maltophilia,1,-3.627155,7.101632,12.115467,10
adeL,Stenotrophomonas maltophilia,1,-3.6114476,7.085749,12.099476,10
smeA,Stenotrophomonas maltophilia,1,-3.6076787,7.082111,12.095716,10
qacG,Stenotrophomonas maltophilia,1,-3.6021872,7.076456,12.090255,10
mdtH,Stenotrophomonas maltophilia,1,-3.623748,7.098078,12.11183,10
Ecol_mdfA,Stenotrophomonas maltophilia,1,-3.6080139,7.0823684,12.096118,10
qacJ,Stenotrophomonas maltophilia,1,-3.6130583,7.0873466,12.101158,10
sul1,Stenotrophomonas maltophilia,1,-3.6313784,7.1054792,12.119407,10
qacA,Stenotrophomonas maltophilia,1,-3.6335514,7.107936,12.121725,10
QnrD2,Stenotrophomonas maltophilia,1,-3.589192,7.0633893,12.077108,10
cmlA9,Stenotrophomonas maltophilia,1,-3.569386,7.043624,12.057282,10
oqxB,Stenotrophomonas maltophilia,1,-3.604039,7.078179,12.091913,10
eptB,Stenotrophomonas maltophilia,1,-3.6529841,7.1271996,12.141099,10
mphC,Stenotrophomonas maltophilia,1,-3.6008005,7.0739107,12.087768,10
MuxB,Stenotrophomonas maltophilia,1,-3.5959387,7.069758,12.083328,10
ANT(2'')-Ia,Stenotrophomonas maltophilia,1,-3.5964518,7.0691123,12.083098,10
QnrD1,Stenotrophomonas maltophilia,1,-3.5970926,7.0709167,12.0846815,10
arr-3,Stenotrophomonas maltophilia,1,-3.6056652,7.0793333,12.093199,10
MexF,Stenotrophomonas maltophilia,1,-3.603017,7.0933895,12.108676,10
mexM,Stenotrophomonas maltophilia,1,-3.5968974,7.070746,12.084613,10
PC1_blaZ,Staphylococcus capitis,1,1.2785475,12.88597,20.685322,10
mecA,Staphylococcus capitis,1,1.2785317,12.885914,20.685297,10
Sint_ACT_CHL,Staphylococcus capitis,1,1.2785197,12.885923,20.685259,10
tet(K),Staphylococcus capitis,1,1.2784257,12.886004,20.685484,10
pp_cat,Bacillus subtilis,1,-6.6642385,5.6913714,14.062076,10
PC1_blaZ,Bacillus subtilis,1,-6.66422,5.691391,14.06206,10
ANT(4')-Ib,Bacillus subtilis,1,-6.664221,5.6913705,14.062038,10
APH(4)-Ia,Bacillus subtilis,1,-6.664208,5.691407,14.062052,10
tet(45),Bacillus subtilis,1,-6.664286,5.6913643,14.062102,10
msrA,Bacillus subtilis,1,-6.6642623,5.6913657,14.062084,10
mdtE,Enterobacter kobei,1,4.095469,11.113531,-6.7569556,10
AcrE,Enterobacter kobei,1,4.147451,11.063917,-6.7050033,10
tetR,Enterobacter kobei,1,4.0842967,11.106596,-6.7682643,10
tet(D),Enterobacter kobei,1,4.138987,11.139605,-6.7134967,10
CTX-M-224,Enterobacter kobei,1,4.12721,11.088803,-6.7252426,10
aadA,Enterobacter kobei,1,4.106078,11.105751,-6.746465,10
aadA8b,Enterobacter kobei,1,4.122261,11.121782,-6.7302794,10
TEM-147,Enterobacter kobei,1,4.100911,11.106542,-6.751573,10
aadA2,Enterobacter kobei,1,4.061583,11.06051,-6.7908535,10
cmlA5,Enterobacter kobei,1,4.117648,11.132233,-6.734984,10
MCR-9.1,Enterobacter kobei,1,4.088184,11.096198,-6.7775216,10
sul1,Enterobacter kobei,1,4.1152434,11.117037,-6.7373576,10
Ecol_rpoB_RIF,Enterobacter kobei,1,4.104986,11.107704,-6.747597,10
TEM-26,Enterobacter kobei,1,4.1003337,11.101913,-6.751244,10
EreA2,Enterobacter kobei,1,4.104157,11.106645,-6.7483277,10
Kpne_KpnF,Enterobacter kobei,1,4.105225,11.105761,-6.7471676,10
Kpne_KpnH,Enterobacter kobei,1,4.104941,11.106141,-6.7475743,10
Mmor_gyrB_FLO,Enterobacter kobei,1,4.1036863,11.105647,-6.7489796,10
QnrD1,Enterobacter kobei,1,4.0393267,11.062674,-6.8131127,10
OXA-920,Enterobacter kobei,1,4.104347,11.105038,-6.7481666,10
CTX-M-197,Escherichia coli,1,6.8973513,2.2943647,10.16258,10
VEB-26,Acinetobacter baumannii,1,2.1935332,-0.7613609,-2.8065557,10
catB3,Acinetobacter baumannii,1,2.2500248,-0.6740319,-2.8351154,10
OXA-73,Acinetobacter baumannii,1,2.2148745,-0.7054546,-2.8279614,10
tet(X6),Acinetobacter baumannii,1,2.2242606,-0.6925604,-2.823925,10
OXA-127,Acinetobacter baumannii,1,2.1860497,-0.62214684,-2.876694,10
OXA-20,Acinetobacter baumannii,1,2.2414863,-0.65644366,-2.855137,10
NDM-2,Acinetobacter baumannii,1,2.2317595,-0.66992176,-2.8430195,10
adeG,Acinetobacter baumannii,1,2.2725132,-0.5490675,-2.924571,10
PER-10,Acinetobacter baumannii,1,2.2353344,-0.63820505,-2.823043,10
mdtB,Acinetobacter baumannii,1,2.2448401,-0.6322292,-2.9001245,10
MexD,Acinetobacter baumannii,1,2.204077,-0.61498713,-2.81144,10
aadA8b,Acinetobacter baumannii,1,2.2267525,-0.6344867,-2.8903575,10
emrB,Acinetobacter baumannii,1,2.2673233,-0.569859,-2.9118588,10
OprJ,Acinetobacter baumannii,1,2.2524068,-0.6056084,-2.921803,10
adeR,Acinetobacter baumannii,1,2.281108,-0.5304336,-2.903585,10
mdtO,Acinetobacter baumannii,1,2.2570896,-0.54603386,-2.8601375,10
AAC(6')-Ib',Acinetobacter baumannii,1,2.316882,-0.5128236,-2.8796837,10
OXA-166,Acinetobacter baumannii,1,2.3282878,-0.42914346,-2.9181447,10
adeA,Acinetobacter baumannii,1,2.2958684,-0.50862324,-2.8932645,10
OXA-483,Acinetobacter baumannii,1,2.309289,-0.47047752,-2.904793,10
GES-22,Acinetobacter baumannii,1,2.3208091,-0.4819829,-2.8591073,10
KPC-75,Acinetobacter baumannii,1,2.3317554,-0.43244603,-3.045941,10
msbA,Acinetobacter baumannii,1,2.3620245,-0.40491492,-2.8778517,10
OXA-150,Acinetobacter baumannii,1,2.3183336,-0.44321635,-2.8871741,10
OXA-653,Acinetobacter baumannii,1,2.3052478,-0.48270082,-2.893329,10
ADC-65,Acinetobacter baumannii,1,2.3317578,-0.42623422,-2.8805218,10
MuxB,Acinetobacter baumannii,1,2.3401122,-0.3959461,-2.85017,10
OXA-818,Acinetobacter baumannii,1,2.3364034,-0.37614733,-2.8502278,10
Ecol_gyrA_FLO,Acinetobacter baumannii,1,2.3670747,-0.3780156,-2.8397686,10
cmlB1,Acinetobacter baumannii,1,2.317032,-0.42616054,-2.905544,10
TEM-141,Acinetobacter baumannii,1,2.3879628,-0.30603307,-2.842157,10
CTX-M-223,Acinetobacter baumannii,1,2.376697,-0.35205296,-2.7814085,10
ADC-228,Acinetobacter baumannii,1,2.3975132,-0.31493756,-2.8139677,10
TEM-129,Acinetobacter baumannii,1,2.3726137,-0.3206608,-2.8433084,10
ADC-175,Acinetobacter baumannii,1,2.3977735,-0.3092394,-2.7713594,10
TEM-149,Acinetobacter baumannii,1,2.4539673,-0.24806476,-2.8130834,10
SHV-96,Acinetobacter baumannii,1,2.3922267,-0.3229697,-2.804144,10
Abau_gyrA_FLO,Acinetobacter baumannii,1,2.341983,-0.3755386,-2.8174944,10
CTX-M-21,Acinetobacter baumannii,1,2.337988,-0.37325057,-2.8841462,10
CTX-M-27,Acinetobacter baumannii,1,2.3263876,-0.37058574,-2.8531756,10
OXA-80,Acinetobacter baumannii,1,2.424034,-0.27840805,-2.8312845,10
OXA-168,Acinetobacter baumannii,1,2.3287315,-0.38082495,-2.7327025,10
OXA-397,Acinetobacter baumannii,1,2.3418944,-0.38377076,-2.6923027,10
OXA-96,Acinetobacter baumannii,1,2.342031,-0.3665763,-2.777769,10
ADC-73,Acinetobacter baumannii,1,2.37098,-0.34239635,-2.7696908,10
OXA-171,Acinetobacter baumannii,1,2.4053018,-0.29283252,-2.7538595,10
GES-45,Acinetobacter baumannii,1,2.436705,-0.24607007,-2.7944658,10
OXA-812,Acinetobacter baumannii,1,2.393578,-0.29287308,-2.6817029,10
ADC-51,Acinetobacter baumannii,1,2.3735802,-0.31835887,-2.8293602,10
OXA-237,Acinetobacter baumannii,1,2.3756456,-0.31477228,-2.7096097,10
ADC-166,Acinetobacter baumannii,1,2.3958166,-0.28648582,-2.745203,10
OXA-79,Acinetobacter baumannii,1,2.3839836,-0.32172206,-2.7022858,10
Kpne_OmpK37,Acinetobacter baumannii,1,2.39378,-0.3037839,-2.7129557,10
Ecol_acrA,Acinetobacter baumannii,1,2.4071257,-0.27246413,-2.6652722,10
baeS,Acinetobacter baumannii,1,2.4641254,-0.20839399,-2.7182553,10
gadX,Acinetobacter baumannii,1,2.3974295,-0.27691898,-2.723151,10
dfrA14,Acinetobacter baumannii,1,2.4009948,-0.28501943,-2.6648042,10
TEM-20,Acinetobacter baumannii,1,2.4113798,-0.27742493,-2.6281955,10
SHV-79,Acinetobacter baumannii,1,2.4057446,-0.27827168,-2.5232017,10
oqxA,Acinetobacter baumannii,1,2.3949957,-0.29960313,-2.6383433,10
KPC-22,Acinetobacter baumannii,1,2.4273932,-0.24178883,-2.6386456,10
MexF,Acinetobacter baumannii,1,2.4051743,-0.284287,-2.5618708,10
TEM-127,Acinetobacter baumannii,1,2.3745654,-0.32090425,-2.5144355,10
TEM-145,Escherichia coli,1,6.825097,2.2107832,10.036454,10
TEM-217,Acinetobacter baumannii,1,2.4147265,-0.26514173,-2.5513086,10
LpsB,Acinetobacter baumannii,1,2.4115715,-0.27673024,-2.553262,10
OXA-420,Acinetobacter baumannii,1,2.4027855,-0.28732756,-2.5402555,10
norC,Acinetobacter baumannii,1,2.3911414,-0.32231736,-2.453399,10
OXA-202,Acinetobacter baumannii,1,2.393049,-0.31126875,-2.5065393,10
TEM-160,Acinetobacter baumannii,1,2.3809192,-0.3412291,-2.4432929,10
tet(C),Acinetobacter baumannii,1,2.3576238,-0.3581543,-2.5232422,10
OXA-65,Acinetobacter baumannii,1,2.390589,-0.31850806,-2.4416194,10
TEM-112,Acinetobacter baumannii,1,2.4311256,-0.2647002,-2.5567186,10
ADC-235,Acinetobacter baumannii,1,2.3999686,-0.30445498,-2.481067,10
adeK,Acinetobacter baumannii,1,2.3893497,-0.3245776,-2.4149132,10
CfxA6,Acinetobacter baumannii,1,2.4105082,-0.29475263,-2.2413445,10
FosA3,Acinetobacter baumannii,1,2.4289365,-0.2734336,-2.4060457,10
APH(3')-VIb,Acinetobacter baumannii,1,2.413983,-0.28003725,-2.3888464,10
CTX-M-19,Acinetobacter baumannii,1,2.4591155,-0.2371663,-2.4418564,10
TEM-34,Acinetobacter baumannii,1,2.3123019,-0.4342784,-2.242906,10
TEM-216,Acinetobacter baumannii,1,2.352058,-0.39486152,-2.3132188,10
TEM-30,Acinetobacter baumannii,1,2.3789012,-0.34993923,-2.351163,10
CTX-M-107,Acinetobacter baumannii,1,2.3831594,-0.3426745,-2.3621335,10
CTX-M-42,Acinetobacter baumannii,1,2.3403373,-0.3349347,-2.4284217,10
AAC(6')-Ib-cr6,Acinetobacter baumannii,1,2.3789763,-0.36582285,-2.344615,10
TEM-224,Acinetobacter baumannii,1,2.3569448,-0.3830941,-2.294624,10
NDM-1,Acinetobacter baumannii,1,2.3620136,-0.3829186,-2.2785017,10
TEM-146,Acinetobacter baumannii,1,2.2890952,-0.44335952,-2.3500836,10
TEM-220,Acinetobacter baumannii,1,2.387804,-0.32647464,-2.3526654,10
TEM-90,Acinetobacter baumannii,1,2.3802948,-0.3428752,-2.3253253,10
catI,Acinetobacter baumannii,1,2.305056,-0.424488,-2.2139893,10
AcrF,Acinetobacter baumannii,1,2.2742743,-0.4679986,-2.224647,10
PmrF,Acinetobacter baumannii,1,2.3485508,-0.4004922,-2.2462869,10
OXA-165,Acinetobacter baumannii,1,2.2044249,-0.53778857,-2.0432665,10
SHV-159,Acinetobacter baumannii,1,2.3240018,-0.439636,-2.1879041,10
APH(3')-IIa,Acinetobacter baumannii,1,2.305021,-0.4685596,-2.1329908,10
TEM-147,Acinetobacter baumannii,1,2.3386354,-0.41570696,-2.2730994,10
tet(M),Acinetobacter baumannii,1,2.289961,-0.43756717,-2.0345335,10
OXA-164,Acinetobacter baumannii,1,2.3719957,-0.42930532,-2.1441398,10
ErmC,Acinetobacter baumannii,1,2.3149507,-0.46512315,-2.156335,10
OXA-260,Acinetobacter baumannii,1,2.278763,-0.53712136,-2.135194,10
mexQ,Acinetobacter baumannii,1,2.2379534,-0.575229,-2.0907338,10
CTX-M-122,Acinetobacter baumannii,1,2.3360722,-0.45888996,-2.0743327,10
Ngon_23S_AZM,Acinetobacter baumannii,1,2.2716298,-0.5614011,-2.1366608,10
VEB-7,Acinetobacter baumannii,1,2.2880692,-0.47784108,-1.99842,10
MCR-1.7,Acinetobacter baumannii,1,2.1963558,-0.6598517,-2.1623285,10
ADC-80,Acinetobacter baumannii,1,2.2344058,-0.630734,-2.0775824,10
QnrS4,Acinetobacter baumannii,1,2.3399272,-0.4939467,-2.0412226,10
adeS,Acinetobacter baumannii,1,2.339669,-0.5074897,-2.045277,10
OXA-425,Acinetobacter baumannii,1,2.2461882,-0.61680686,-2.0843775,10
BRP(MBL),Acinetobacter baumannii,1,2.2577736,-0.58203447,-2.1001856,10
CRP,Acinetobacter baumannii,1,2.2347775,-0.58091116,-2.0765874,10
LAP-2,Acinetobacter baumannii,1,2.2304084,-0.61330783,-2.0934134,10
mphA,Acinetobacter baumannii,1,2.2113118,-0.6955194,-2.094471,10
qacE,Acinetobacter baumannii,1,2.1880004,-0.71770096,-2.1630292,10
OXA-139,Acinetobacter baumannii,1,2.2346215,-0.64077246,-2.085603,10
TriC,Acinetobacter baumannii,1,2.1488018,-0.7529893,-2.178263,10
TEM-6,Acinetobacter baumannii,1,2.1938322,-0.74134153,-2.11805,10
ADC-13,Acinetobacter baumannii,1,2.1990123,-0.68307644,-2.1040528,10
acrD,Acinetobacter baumannii,1,2.2075129,-0.6488845,-1.981586,10
OXA-508,Acinetobacter baumannii,1,2.2448514,-0.6504304,-2.09435,10
OXA-170,Acinetobacter baumannii,1,2.2131908,-0.6801744,-2.081893,10
ADC-89,Acinetobacter baumannii,1,2.249805,-0.65960824,-2.131225,10
SHV-94,Acinetobacter baumannii,1,2.2149749,-0.7028277,-2.0682104,10
catB8,Acinetobacter baumannii,1,2.2144477,-0.6993148,-2.0871224,10
OXA-871,Acinetobacter baumannii,1,2.191732,-0.7525668,-2.1255941,10
GES-1,Acinetobacter baumannii,1,2.201343,-0.7435735,-2.0897417,10
aadA2,Acinetobacter baumannii,1,2.1719785,-0.7849293,-2.1055965,10
aacA43,Acinetobacter baumannii,1,2.2111554,-0.73277265,-2.1126006,10
opmE,Acinetobacter baumannii,1,2.108649,-0.9267361,-2.0651262,10
MexC,Acinetobacter baumannii,1,2.1430795,-0.8425105,-2.123552,10
OXA-72,Acinetobacter baumannii,1,2.1282191,-0.88795704,-2.1170642,10
TEM-242,Acinetobacter baumannii,1,2.1493237,-0.8047749,-2.0380797,10
tet(O/W/32/O),Lactococcus garvieae,1,,,,10
TEM-229,Bacillus amyloliquefaciens,1,6.080699,-4.2077436,-5.2020135,10
clbA,Bacillus amyloliquefaciens,1,6.0806727,-4.20772,-5.2020197,10
qacG,Bacillus amyloliquefaciens,1,6.0807633,-4.207854,-5.2019787,10
tet(A),Edwardsiella tarda,1,,,,10
VHW-1,Vibrio harveyi,1,,,,10
sul2,Haemophilus parainfluenzae,1,4.461121,4.6942344,9.589853,10
tet(A),Haemophilus parainfluenzae,1,4.4610515,4.694317,9.589876,10
ceoA,Burkholderia cenocepacia,1,-1.5350922,9.093605,4.68762,10
APH(3')-Ia,Burkholderia cenocepacia,1,-1.5352898,9.094013,4.6874213,10
cmlA9,Burkholderia cenocepacia,1,-1.5352381,9.093651,4.687612,10
Ecol_MarR_MULT,Cronobacter condimenti,1,,,,10
Efac_ACT_CHL,Staphylococcus equorum,1,-4.173974,2.8939054,-3.740608,10
Erm(48),Staphylococcus equorum,1,-4.173992,2.893926,-3.740612,10
Ecol_EFTu_PLV,Enterobacter cancerogenus,1,-2.9729257,1.1979179,0.9920647,10
Kpne_KpnE,Enterobacter cancerogenus,1,-2.9729493,1.1979351,0.9920903,10
ramA,Enterobacter cancerogenus,1,-2.972985,1.1979032,0.99205035,10
FosA2,Enterobacter cancerogenus,1,-2.9729772,1.1978956,0.9919766,10
Hinf_PBP3_BLA,Enterobacter cancerogenus,1,-2.9730203,1.1978519,0.99203354,10
Ecol_MarR_MULT,Enterobacter cancerogenus,1,-2.9729974,1.1979191,0.99206,10
TEM-102,Ralstonia solanacearum,1,,,,10
tet(A),Vibrio fluvialis,1,10.361249,8.17162,16.58455,10
mdtC,Vibrio fluvialis,1,10.361281,8.171653,16.584555,10
APH(6)-Id,Vibrio fluvialis,1,10.361273,8.171625,16.584572,10
mdtP,Vibrio fluvialis,1,10.361315,8.171763,16.584839,10
tet(M),Streptococcus pasteurianus,1,7.4412894,7.1660357,1.5709485,10
tet(O),Streptococcus pasteurianus,1,7.441546,7.166162,1.5708411,10
tet(O/W/32/O),Streptococcus pasteurianus,1,7.4413924,7.1656647,1.5711796,10
qacJ,Providencia rettgeri,1,15.880384,10.080666,15.176371,10
DHA-27,Providencia rettgeri,1,15.923713,10.124022,15.219677,10
DHA-7,Providencia rettgeri,1,15.900493,10.099735,15.197324,10
DHA-4,Providencia rettgeri,1,15.86781,10.06889,15.164274,10
aadA2,Providencia rettgeri,1,15.924234,10.12458,15.220242,10
VEB-3,Providencia rettgeri,1,15.8735285,10.073941,15.169611,10
OXA-10,Providencia rettgeri,1,15.878454,10.07883,15.174587,10
linG,Providencia rettgeri,1,15.903058,10.103405,15.199085,10
AAC(6')-Ib10,Providencia rettgeri,1,15.8463955,10.046374,15.142729,10
QnrD1,Providencia rettgeri,1,15.882125,10.082424,15.178198,10
APH(3')-VIa,Providencia rettgeri,1,15.877636,10.077763,15.173589,10
mdtP,Providencia rettgeri,1,15.858487,10.0588,15.154449,10
AAC(6')-Ib-cr4,Providencia rettgeri,1,15.880611,10.080842,15.176661,10
BRP(MBL),Providencia rettgeri,1,15.845426,10.045743,15.141451,10
DHA-3,Providencia rettgeri,1,15.899054,10.099284,15.195007,10
tet(D),Providencia rettgeri,1,15.899878,10.100153,15.1959305,10
dfrA1,Providencia rettgeri,1,15.866622,10.066377,15.162932,10
AAC(6')-Ia,Providencia rettgeri,1,15.878832,10.0791,15.174854,10
floR,Providencia rettgeri,1,15.883387,10.0835905,15.179416,10
adeF,Cupriavidus metallidurans,1,,,,10
ANT(3'')-IIa,Clostridium botulinum,1,16.20569,1.7583344,1.6855516,10
tet(T),Clostridium botulinum,1,16.205715,1.7583085,1.6855575,10
pp_cat,Clostridium botulinum,1,16.20569,1.7585335,1.6855304,10
tetB(P),Clostridium botulinum,1,16.205784,1.7587451,1.6853926,10
Cdif_gyrB_FLO,Clostridium botulinum,1,16.205109,1.7572994,1.6861196,10
TEM-95,Streptococcus pyogenes,1,16.970158,-2.670295,8.244143,10
Spyo_ErmA_MLSb,Streptococcus pyogenes,1,16.985853,-2.6551936,8.228365,10
ErmB,Collinsella aerofaciens,1,8.018515,10.895082,6.4163213,10
SAT-4,Collinsella aerofaciens,1,8.018533,10.895077,6.416315,10
APH(3')-Ia,Brucella abortus,1,8.010039,6.4453874,7.2938414,10
tet(C),Brucella abortus,1,8.010188,6.4454412,7.2940025,10
AAC(3)-Ia,Brucella abortus,1,8.010064,6.445561,7.2937264,10
QnrD1,Proteus columbae,1,4.803967,11.8787775,-0.01962654,10
APH(3')-Ia,Proteus columbae,1,4.8037767,11.8787,-0.019620873,10
Hpin_gyrA_FLO,Haemophilus influenzae,1,-1.509226,11.444153,-2.4669251,10
CMY-139,Escherichia coli,1,6.898951,2.309593,10.225931,10
TEM-19,Haemophilus influenzae,1,-1.5091605,11.444056,-2.466809,10
TEM-47,Haemophilus influenzae,1,-1.5091784,11.4441595,-2.4668782,10
TEM-135,Streptococcus pyogenes,1,16.985254,-2.655225,8.228916,10
adeF,Pseudomonas syringae,1,7.120029,15.70732,-5.020341,10
APH(3')-IIa,Pseudomonas syringae,1,7.120041,15.707351,-5.020352,10
mdtH,Pseudomonas syringae,1,7.1200347,15.70732,-5.0203104,10
TEM-205,Pseudomonas syringae,1,7.1200385,15.707327,-5.0203533,10
OXA-1,Serratia marcescens,1,14.351638,-4.890731,-0.8499473,10
aadA9,Serratia marcescens,1,14.243982,-4.9087954,-0.78306603,10
ErmT,Streptococcus pyogenes,1,16.984955,-2.65542,8.229282,10
VIM-68,Serratia marcescens,1,14.260749,-4.8893723,-0.8305802,10
VIM-20,Serratia marcescens,1,14.310849,-4.8411217,-0.81177324,10
AAC(3)-Ib,Serratia marcescens,1,14.243654,-4.785562,-0.7444534,10
Kpne_KpnG,Serratia marcescens,1,14.361644,-4.77739,-0.74249387,10
CTX-M-92,Serratia marcescens,1,14.318052,-4.8681765,-0.8189893,10
CTX-M-115,Serratia marcescens,1,14.2940645,-4.828347,-0.78629696,10
LptD,Serratia marcescens,1,14.3285675,-4.865481,-0.82417023,10
kdpE,Serratia marcescens,1,14.286657,-4.828106,-0.7822754,10
OXA-183,Serratia marcescens,1,14.303294,-4.840498,-0.79853266,10
VIM-34,Serratia marcescens,1,14.240369,-4.9049754,-0.73622644,10
VIM-40,Serratia marcescens,1,14.274021,-4.8198833,-0.77250284,10
VIM-43,Serratia marcescens,1,14.3019495,-4.8443446,-0.7975847,10
aadA11,Serratia marcescens,1,14.293667,-4.805779,-0.7598612,10
AAC(6')-Ib10,Serratia marcescens,1,14.212347,-4.933469,-0.9028797,10
AAC(6')-Ib-cr4,Serratia marcescens,1,14.314758,-4.832469,-0.7746598,10
AAC(6')-Ib9,Serratia marcescens,1,14.309859,-4.861508,-0.8138849,10
TEM-206,Serratia marcescens,1,14.280083,-4.8696456,-0.82181185,10
TolC,Serratia marcescens,1,14.37944,-4.73691,-0.7982696,10
emrA,Serratia marcescens,1,14.326733,-4.8233976,-0.8259225,10
sul2,Serratia marcescens,1,14.3255205,-4.785077,-0.8275827,10
AAC(6')-Ib7,Serratia marcescens,1,14.259704,-4.7979183,-0.7612434,10
eptB,Serratia marcescens,1,14.317228,-4.829469,-0.7932472,10
mdtB,Serratia marcescens,1,14.329893,-4.8947268,-0.82827115,10
Ecol_acrA,Serratia marcescens,1,14.3383,-4.876763,-0.83942753,10
TEM-169,Serratia marcescens,1,14.343451,-4.870361,-0.84358627,10
qacE,Serratia marcescens,1,14.285016,-4.8235188,-0.7843797,10
CTX-M-2,Serratia marcescens,1,14.329293,-4.867573,-0.8290124,10
mdtC,Serratia marcescens,1,14.291008,-4.828628,-0.79024583,10
PmrF,Serratia marcescens,1,14.308364,-4.8440433,-0.8079555,10
qacEdelta1,Serratia marcescens,1,14.305213,-4.8479466,-0.8050033,10
acrB,Serratia marcescens,1,14.26461,-4.84178,-0.76464814,10
SRT-2,Serratia marcescens,1,14.243389,-4.782537,-0.7426848,10
sul1,Serratia marcescens,1,14.281963,-4.8272448,-0.78037566,10
mdtE,Serratia marcescens,1,14.3292265,-4.8638554,-0.82971054,10
baeS,Serratia marcescens,1,14.293657,-4.878263,-0.8290164,10
mdtG,Serratia marcescens,1,14.321437,-4.833531,-0.8219952,10
CTX-M-124,Serratia marcescens,1,14.262224,-4.801635,-0.76362807,10
ANT3Ii_AAC6_IID,Serratia marcescens,1,14.328465,-4.869289,-0.8297112,10
msrE,Serratia marcescens,1,14.243659,-4.8920245,-0.69804126,10
KPC-62,Serratia marcescens,1,14.260409,-4.8031883,-0.76163363,10
mdtO,Serratia marcescens,1,14.318207,-4.832437,-0.7907903,10
FOX-16,Aeromonas veronii,1,-9.945827,7.7842,9.242513,10
aadA16,Aeromonas veronii,1,-9.945832,7.784211,9.242521,10
FOX-5,Aeromonas veronii,1,-9.945887,7.7841687,9.24252,10
FOX-7,Aeromonas veronii,1,-9.945903,7.7842054,9.24252,10
MCR-3.10,Aeromonas veronii,1,-9.945977,7.784176,9.242481,10
adeF,Aeromonas veronii,1,-9.944898,7.784366,9.242716,10
OXA-796,Aeromonas veronii,1,-9.94581,7.7842093,9.242533,10
sul1,Aeromonas veronii,1,-9.945815,7.7842045,9.242521,10
MCR-5.1,Aeromonas veronii,1,-9.945808,7.7842045,9.242531,10
cfrA,Enterococcus faecalis,1,16.55982,-1.5393875,2.2818294,10
vatA,Enterococcus faecalis,1,16.563643,-1.5430694,2.278336,10
vgbA,Enterococcus faecalis,1,16.647041,-1.6308721,2.3709562,10
arlS,Enterococcus faecalis,1,16.565363,-1.5455246,2.2807171,10
lnuE,Enterococcus faecalis,1,16.565218,-1.5449194,2.281024,10
vanY_in_vanA_cl,Enterococcus faecalis,1,16.571978,-1.5520777,2.2845728,10
dfrC,Enterococcus faecalis,1,16.574135,-1.5427474,2.2970736,10
APH(6)-Id,Enterococcus faecalis,1,16.584381,-1.5632612,2.3027616,10
vanB,Enterococcus faecalis,1,16.550049,-1.5512903,2.2714272,10
emeA,Enterococcus faecalis,1,16.523808,-1.552345,2.291144,10
mdtC,Enterococcus faecalis,1,16.504126,-1.4859155,2.2226865,10
vanR_in_vanA_cl,Enterococcus faecalis,1,16.661358,-1.6440855,2.297974,10
ANT(9)-Ia,Enterococcus faecalis,1,16.586704,-1.5722859,2.3071325,10
tet(U),Enterococcus faecalis,1,16.567518,-1.5500091,2.284615,10
fexB,Enterococcus faecalis,1,16.566893,-1.5494819,2.2842913,10
mdtF,Enterococcus faecalis,1,16.594843,-1.5780652,2.3006828,10
Saur_norA,Enterococcus faecalis,1,16.60783,-1.5913763,2.300265,10
qacG,Rhodopseudomonas palustris,1,3.7892864,4.405033,5.4253273,10
adeF,Rhodopseudomonas palustris,1,3.7893615,4.4052005,5.425261,10
Ecol_EFTu_PLV,Cronobacter turicensis,1,,,,10
qacJ,Citrobacter portucalensis,1,12.157608,5.661467,18.880516,10
CRP,Citrobacter portucalensis,1,12.199924,5.7032394,18.83879,10
CMY-25,Citrobacter portucalensis,1,12.155423,5.659333,18.882679,10
marA,Citrobacter portucalensis,1,12.179211,5.6831713,18.858822,10
QnrB6,Citrobacter portucalensis,1,12.164574,5.66853,18.87352,10
KPC-2,Citrobacter portucalensis,1,12.164373,5.6683407,18.87367,10
dfrA14,Citrobacter portucalensis,1,12.164376,5.66835,18.873615,10
dfrA1,Citrobacter portucalensis,1,12.184222,5.68801,18.854067,10
QnrB1,Citrobacter portucalensis,1,12.144573,5.6485896,18.893429,10
qacEdelta1,Citrobacter portucalensis,1,12.16558,5.6695113,18.872152,10
Kpne_KpnF,Citrobacter portucalensis,1,12.165336,5.669317,18.872677,10
APH(3'')-Ib,Citrobacter portucalensis,1,12.191376,5.6956096,18.846317,10
QnrB30,Citrobacter portucalensis,1,12.209869,5.7140794,18.827795,10
aadA2,Citrobacter portucalensis,1,12.144562,5.648861,18.893032,10
catB3,Citrobacter portucalensis,1,12.163371,5.6642013,18.877161,10
AAC(3)-IIe,Citrobacter portucalensis,1,12.164826,5.668619,18.87332,10
aadA15,Citrobacter portucalensis,1,12.19479,5.6951766,18.847935,10
ANT(3'')-IIa,Citrobacter portucalensis,1,12.167494,5.67112,18.870953,10
Ecol_MarR_MULT,Citrobacter portucalensis,1,12.1660385,5.6696606,18.872387,10
mdtB,Citrobacter portucalensis,1,12.214642,5.718351,18.823635,10
AAC(6')-Ib8,Citrobacter portucalensis,1,12.12181,5.6254106,18.916569,10
Ecol_folP_SLF,Citrobacter portucalensis,1,12.12685,5.630625,18.911242,10
tet(C),Bacteroides fragilis,1,0.06252362,0.4808129,13.51091,10
Erm(35),Bacteroides fragilis,1,0.062798284,0.48092514,13.510748,10
nimG,Bacteroides fragilis,1,0.06293955,0.48092765,13.510684,10
QnrB48,Escherichia coli,1,6.892572,2.303772,10.154061,10
nimB,Bacteroides fragilis,1,0.06311678,0.48084292,13.51038,10
CfxA2,Bacteroides fragilis,1,0.06290175,0.4809514,13.5106735,10
tet(X),Bacteroides fragilis,1,0.050153308,0.48161247,13.523378,10
CfxA5,Bacteroides fragilis,1,0.062018316,0.4809485,13.511547,10
qacJ,Streptococcus pneumoniae,1,-0.10337318,-4.8402452,-1.7883958,10
patA,Streptococcus pneumoniae,1,-0.10418572,-4.8410764,-1.7892244,10
qacA,Streptococcus pneumoniae,1,-0.070300594,-4.807105,-1.7554799,10
TEM-102,Streptococcus pneumoniae,1,-0.10275793,-4.83953,-1.7876502,10
TEM-162,Streptococcus pneumoniae,1,-0.103048734,-4.839784,-1.7877558,10
SAT-4,Streptococcus pneumoniae,1,-0.103101335,-4.8398886,-1.7881929,10
patB,Streptococcus pneumoniae,1,-0.103173405,-4.840008,-1.7879767,10
qacG,Streptococcus agalactiae,1,14.651685,13.625922,11.380888,10
Crei_16rrnS_STR,Streptococcus agalactiae,1,14.635528,13.609774,11.364691,10
AAC6_Ie_APH2_Ia,Streptococcus agalactiae,1,14.637483,13.611787,11.36662,10
APH(3')-IIIa,Streptococcus agalactiae,1,14.658988,13.633456,11.388155,10
tet(O/M/O),Streptococcus agalactiae,1,14.642737,13.6172285,11.371649,10
vanXY_in_vanG,Streptococcus agalactiae,1,14.637755,13.612098,11.367007,10
APH(3')-Ia,Streptococcus agalactiae,1,14.594976,13.569401,11.324173,10
lnuC,Streptococcus agalactiae,1,14.639569,13.613781,11.368633,10
SAT-4,Streptococcus agalactiae,1,14.638547,13.612806,11.367691,10
aad(6),Streptococcus agalactiae,1,14.63836,13.612654,11.36751,10
AAC(6')-Ib',Laribacter hongkongensis,1,,,,10
tet(W),Rothia mucilaginosa,1,,,,10
qacG,Clostridium butyricum,1,,,,10
emrR,Kosakonia arachidis,1,12.76509,9.314261,0.40136057,10
msbA,Kosakonia arachidis,1,12.744562,9.290391,0.37955502,10
marA,Kosakonia arachidis,1,12.764401,9.313355,0.40049866,10
baeR,Kosakonia arachidis,1,12.764334,9.313301,0.40039518,10
kdpE,Citrobacter amalonaticus,1,7.1520467,-5.585862,6.1963906,10
mdtG,Citrobacter amalonaticus,1,7.1520443,-5.5858893,6.19634,10
mdtC,Citrobacter amalonaticus,1,7.151994,-5.5859365,6.196401,10
emrR,Citrobacter amalonaticus,1,7.152165,-5.5857882,6.1961455,10
cpxA,Citrobacter amalonaticus,1,7.152025,-5.585949,6.196322,10
oqxA,Citrobacter amalonaticus,1,7.152008,-5.585911,6.1963754,10
vanY_in_vanA_cl,Staphylococcus aureus,1,11.570167,2.3627102,-6.4016047,10
mepR,Staphylococcus aureus,1,11.48124,2.3828278,-6.504736,10
Saur_23S_LZD,Staphylococcus aureus,1,11.453704,2.3991249,-6.5251536,10
adeK,Staphylococcus aureus,1,11.487583,2.3996475,-6.5007486,10
tet(U),Staphylococcus aureus,1,11.624951,2.4395988,-6.386589,10
Ecol_16rrsB_STR,Staphylococcus aureus,1,11.430735,2.4995627,-6.6178675,10
fexB,Staphylococcus aureus,1,11.481029,2.377614,-6.487188,10
lnuG,Staphylococcus aureus,1,11.507915,2.4318864,-6.5163574,10
AcrF,Staphylococcus aureus,1,11.555868,2.433715,-6.4759407,10
ErmC,Streptococcus pyogenes,1,16.981947,-2.6538231,8.232383,10
TEM-229,Staphylococcus aureus,1,11.467752,2.4379961,-6.5653353,10
vgaALC,Staphylococcus aureus,1,11.523932,2.4577093,-6.5286746,10
tet(L),Streptococcus pyogenes,1,16.985601,-2.6550744,8.228634,10
Ecol_ampC_BLA,Staphylococcus aureus,1,11.53643,2.4243374,-6.478885,10
Ecol_EFTu_PLV,Staphylococcus aureus,1,11.478084,2.4632595,-6.581124,10
TEM-162,Staphylococcus aureus,1,11.519031,2.4604332,-6.524604,10
msrE,Staphylococcus aureus,1,11.5128765,2.502505,-6.623146,10
vanA,Staphylococcus aureus,1,11.46419,2.4551506,-6.569506,10
mdtM,Staphylococcus aureus,1,11.481734,2.3725266,-6.4666595,10
ErmT,Staphylococcus aureus,1,11.511034,2.4694722,-6.5645704,10
AAC(6')-Ib7,Staphylococcus aureus,1,11.487643,2.4638762,-6.534599,10
Sint_ACT_CHL,Staphylococcus aureus,1,11.520808,2.5106297,-6.6391096,10
sul2,Staphylococcus aureus,1,11.461408,2.4383276,-6.5599527,10
qacB,Staphylococcus aureus,1,11.435293,2.463856,-6.6076727,10
catB3,Staphylococcus aureus,1,11.48448,2.371198,-6.529976,10
Saur_FosB,Staphylococcus aureus,1,11.4404,2.4045646,-6.534553,10
sdrM,Staphylococcus aureus,1,11.497901,2.4897065,-6.592756,10
CMY-56,Escherichia coli,1,6.8750515,2.2746582,10.157408,10
Saur_cls_DAP,Staphylococcus aureus,1,11.4580345,2.4273252,-6.557271,10
aadA24,Staphylococcus aureus,1,11.4673,2.4447525,-6.584323,10
mdtF,Staphylococcus aureus,1,11.457051,2.4540026,-6.609333,10
ANT(3'')-IIa,Staphylococcus aureus,1,11.487138,2.485527,-6.6272683,10
evgS,Staphylococcus aureus,1,11.561271,2.5487645,-6.6811543,10
Bpse_Omp38,Burkholderia lata,1,7.188649,9.191321,2.934384,10
fexB,Staphylococcus arlettae,1,9.081917,1.5073321,5.436538,10
catA8,Staphylococcus arlettae,1,9.081944,1.5072879,5.4369802,10
dfrG,Staphylococcus arlettae,1,9.082011,1.507188,5.4369493,10
tet(X),Aeromonas caviae,1,19.837057,10.573478,8.403548,10
AAC(6')-IIc,Salmonella enterica,1,7.1808867,14.3063965,12.2960205,10
AAC(3)-IIa,Pseudomonas aeruginosa,1,2.1484165,11.089714,0.25522482,10
adeF,Serratia rubidaea,1,,,,10
APH(3')-IIIa,Streptococcus pyogenes,1,16.985525,-2.6550088,8.228681,10
ErmT,Escherichia coli,1,7.0339,2.3517106,10.252324,10
ErmB,Streptococcus pyogenes,1,17.001379,-2.6635032,8.213012,10
QnrB68,Escherichia coli,1,6.9110928,2.2927475,10.172509,10
MCR-1.9,Escherichia coli,1,6.8682084,2.273347,10.186068,10
ANT3Ii_AAC6_IID,Escherichia coli,1,7.0044823,2.4016626,10.3301525,10
tet(L),Megasphaera stantonii,1,4.820042,3.698509,-1.7381256,10
AAC6_Ie_APH2_Ia,Megasphaera stantonii,1,4.8201165,3.6984806,-1.7380214,10
tet(45),Megasphaera stantonii,1,4.8201194,3.6986444,-1.7380954,10
adeF,Comamonas testosteroni,1,,,,10
Ecol_catII,Escherichia coli,1,6.903299,2.307647,10.21298,10
adeF,Brucella canis,1,,,,10
TEM-240,Escherichia coli,1,6.9025517,2.34494,10.303187,10
TEM-49,Escherichia coli,1,6.887313,2.3849757,10.313536,10
tet(W),Roseburia hominis,1,,,,10
tet(M),Mycoplasma mycoides,1,,,,10
tetB(P),Paeniclostridium sordellii,1,8.829395,4.117386,12.335581,10
AxyX,Escherichia coli,1,6.8545933,2.3360758,10.373985,10
CMY-130,Escherichia coli,1,6.899185,2.3192666,10.245941,10
SHV-178,Escherichia coli,1,6.8935647,2.309261,10.247392,10
tet(O/32/O),Campylobacter jejuni,1,-7.1119103,-5.7967567,3.857027,10
VIM-2,Escherichia coli,1,6.879713,2.2932281,10.217152,10
OXA-607,Campylobacter jejuni,1,-7.111904,-5.796693,3.8570912,10
dfrA21,Escherichia coli,1,6.92403,2.3545113,10.319097,10
TEM-120,Escherichia coli,1,6.8755784,2.3033476,10.31904,10
CTX-M-181,Escherichia coli,1,6.885019,2.3616767,10.404134,10
APH(3')-VI,Escherichia coli,1,6.8196187,2.326868,10.586992,10
DHA-6,Escherichia coli,1,6.8907676,2.3992138,10.49684,10
Saur_norA,Escherichia coli,1,6.903574,2.2625911,10.287252,10
TEM-186,Escherichia coli,1,6.859599,2.3512897,10.420841,10
OXA-585,Campylobacter jejuni,1,-7.163617,-5.7438993,3.9087763,10
tet(45),Campylobacter jejuni,1,-7.114596,-5.7937946,3.8597734,10
GES-5,Escherichia coli,1,6.7331023,2.3592389,10.6574745,10
CTX-M-176,Escherichia coli,1,6.8262577,2.1538587,10.567381,10
CTX-M-60,Escherichia coli,1,6.8263083,2.470126,10.697027,10
SHV-179,Escherichia coli,1,6.8531713,2.4678502,10.724714,10
NDM-13,Escherichia coli,1,6.7971215,2.3788266,10.612103,10
Ecol_PtsI_FOF,Escherichia coli,1,6.8168597,2.3550167,10.486262,10
CTX-M-175,Escherichia coli,1,6.8043246,2.3769643,10.603575,10
OXA-603,Campylobacter jejuni,1,-7.118323,-5.78461,3.8638234,10
TEM-207,Escherichia coli,1,6.2091846,2.0374815,10.943085,10
QnrB49,Escherichia coli,1,6.7672048,2.3790233,10.67226,10
CTX-M-227,Escherichia coli,1,6.7686996,2.371053,10.656297,10
VEB-25,Escherichia coli,1,6.6980863,2.364081,10.716015,10
ANT(6)-Ia,Escherichia coli,1,6.7859035,2.363805,10.562568,10
TEM-213,Escherichia coli,1,6.614778,2.3178947,10.79994,10
TEM-157,Campylobacter jejuni,1,-7.1236057,-5.784292,3.8687763,10
QnrB65,Escherichia coli,1,6.63856,2.429676,10.921383,10
Ecol_16S_EDN,Escherichia coli,1,6.7165093,2.368485,10.702363,10
CTX-M-101,Escherichia coli,1,6.6890006,2.3519218,10.72883,10
TEM-229,Campylobacter jejuni,1,-7.1278315,-5.7801185,3.8730102,10
OXA-608,Campylobacter jejuni,1,-7.111556,-5.796241,3.8567247,10
AAC6_Ie_APH2_Ia,Escherichia coli,1,6.601948,2.3431685,10.767025,10
TEM-32,Escherichia coli,1,6.653682,2.3250577,10.734049,10
TEM-109,Escherichia coli,1,6.5566397,2.2965522,10.823119,10
adeI,Escherichia coli,1,6.558344,2.281151,10.816268,10
fexA,Campylobacter jejuni,1,-7.107253,-5.816636,3.853887,10
APH(3')-IIIa,Campylobacter jejuni,1,-7.1059494,-5.800336,3.8511922,10
tet(X3),Escherichia coli,1,6.468442,2.2419252,10.884669,10
AcrE,Campylobacter jejuni,1,-7.0772896,-5.8301725,3.8224812,10
OXA-460,Campylobacter jejuni,1,-7.1345167,-5.7727833,3.879763,10
TEM-185,Escherichia coli,1,6.440308,2.1958413,10.897375,10
TEM-226,Escherichia coli,1,6.580176,2.2891269,10.78695,10
Sent_cmlA,Escherichia coli,1,6.4302044,2.2178912,10.923791,10
OXA-576,Campylobacter jejuni,1,-7.128448,-5.777769,3.8741941,10
TEM-209,Escherichia coli,1,6.229834,2.0842695,11.014336,10
TEM-197,Escherichia coli,1,6.5493774,2.278981,10.774247,10
OXA-453,Campylobacter jejuni,1,-7.134572,-5.7747574,3.8798892,10
KPC-24,Escherichia coli,1,6.423477,2.224189,10.918044,10
TEM-154,Escherichia coli,1,6.6438246,2.3744276,10.855152,10
CTX-M-24,Escherichia coli,1,6.454424,2.21408,10.887234,10
cmlA4,Escherichia coli,1,6.301235,2.1352663,10.994489,10
CTX-M-122,Escherichia coli,1,6.1535068,2.0134318,10.999337,10
AAC6_Ie_APH2_Ia,Bacillus cereus,1,1.9505115,-4.968848,-4.227926,10
OXA-786,Campylobacter jejuni,1,-7.0918527,-5.815943,3.8371117,10
OXA-605,Campylobacter jejuni,1,-7.152883,-5.756541,3.898841,10
TEM-63,Escherichia coli,1,6.337939,2.1071947,10.938313,10
TEM-8,Escherichia coli,1,6.3792663,2.166804,10.916601,10
TEM-86,Escherichia coli,1,6.2863355,2.1509023,11.143621,10
TEM-53,Escherichia coli,1,6.055289,1.9269283,11.11162,10
TEM-22,Escherichia coli,1,6.0442414,1.9333075,11.105367,10
TEM-11,Escherichia coli,1,6.0875287,1.9473634,11.23119,10
TEM-187,Escherichia coli,1,6.2079444,2.037471,11.010565,10
AAC(3)-Ib,Escherichia coli,1,5.895952,1.7783159,11.146459,10
Ecol_16rrsB_SPT,Escherichia coli,1,5.765422,1.6466154,11.133513,10
sul2,Acinetobacter haemolyticus,1,8.951139,-2.4823773,10.53519,10
msrE,Acinetobacter haemolyticus,1,8.9508915,-2.482033,10.535147,10
qacG,Acinetobacter haemolyticus,1,8.950778,-2.48196,10.535164,10
TEM-12,Acinetobacter haemolyticus,1,8.950895,-2.4820762,10.535155,10
tetR,Actinobacillus pleuropneumoniae,1,3.3760266,1.5838989,2.053154,10
Hpyl_23S_CLR,Escherichia coli,1,5.650313,1.5131478,11.240081,10
KPC-82,Escherichia coli,1,5.7093816,1.5701394,11.179456,10
sul2,Actinobacillus pleuropneumoniae,1,3.3761683,1.5839014,2.0531182,10
CARB-3,Escherichia coli,1,5.9334197,1.786794,11.126182,10
CARB-11,Escherichia coli,1,5.9986258,1.8442353,11.105452,10
adeF,Delftia tsuruhatensis,1,,,,10
CTX-M-170,Escherichia coli,1,6.0584235,1.879722,11.013479,10
CTX-M-22,Escherichia coli,1,5.3908153,1.1601455,11.225807,10
TEM-215,Escherichia coli,1,6.223546,2.0161736,10.893374,10
TEM-26,Escherichia coli,1,5.361181,1.2432197,11.298877,10
CTX-M-178,Escherichia coli,1,5.955375,1.7756312,11.192689,10
tet(H),Histophilus somni,1,9.087696,-2.8399837,5.4524536,10
Erm(42),Histophilus somni,1,9.087731,-2.8400419,5.4525385,10
tet(D),Histophilus somni,1,9.087707,-2.8407807,5.4525914,10
APH(6)-Id,Histophilus somni,1,9.087778,-2.8399901,5.4524894,10
floR,Histophilus somni,1,9.087717,-2.8406506,5.4524064,10
AcrS,Shigella dysenteriae,1,4.68692,-9.874344,9.171339,10
aadA,Shigella dysenteriae,1,4.704511,-9.854736,9.148428,10
MOX-9,Escherichia coli,1,5.9162197,1.7482159,11.08235,10
CTX-M-87,Escherichia coli,1,5.707677,1.5541413,11.127851,10
MCR-4.1,Escherichia coli,1,5.753779,1.5722954,11.132617,10
TEM-139,Escherichia coli,1,5.883466,1.7069418,11.0812235,10
Ecol_GlpT_FOF,Shigella dysenteriae,1,4.686199,-9.875272,9.172063,10
CTX-M-38,Escherichia coli,1,5.4197636,1.1718062,11.217689,10
TEM-235,Escherichia coli,1,5.3820333,1.1346564,11.08832,10
emrK,Shigella dysenteriae,1,4.6788616,-9.883521,9.181451,10
APH(3'')-Ib,Elizabethkingia anophelis,1,3.526069,1.0662452,10.981441,10
CTX-M-77,Escherichia coli,1,5.014209,0.6514301,11.281413,10
CTX-M-35,Escherichia coli,1,5.4540687,1.2655883,11.128729,10
mdtF,Shigella dysenteriae,1,4.69597,-9.867455,9.16643,10
TEM-10,Escherichia coli,1,5.450218,1.1967511,11.191043,10
Ecol_UhpT_FOF,Shigella dysenteriae,1,4.6870866,-9.874292,9.17201,10
TEM-220,Escherichia coli,1,5.734363,1.5222813,11.129368,10
aadA23,Escherichia coli,1,5.0884147,0.73666537,11.172932,10
APH(3')-IIIa,Escherichia coli,1,5.0767927,0.73897535,11.173656,10
APH(6)-Id,Shigella dysenteriae,1,4.6871867,-9.874165,9.171881,10
QnrB5,Escherichia coli,1,4.933289,0.4856119,11.154205,10
SAT-4,Escherichia coli,1,5.536973,1.2901498,11.1530075,10
PmrF,Shigella dysenteriae,1,4.6757884,-9.885222,9.182964,10
AAC(6')-Ib-cr5,Escherichia coli,1,5.6291246,1.3987243,11.119017,10
CTX-M-221,Escherichia coli,1,5.118463,0.7765545,11.126126,10
Ecol_EFTu_PLV,Shigella dysenteriae,1,4.687313,-9.876507,9.173965,10
mdtH,Shigella dysenteriae,1,4.6869197,-9.875079,9.17268,10
emrA,Shigella dysenteriae,1,4.6837645,-9.879873,9.181238,10
TEM-162,Escherichia coli,1,4.8046665,0.31543937,11.157599,10
baeS,Shigella dysenteriae,1,4.6866703,-9.875291,9.172753,10
efrB,Escherichia coli,1,5.263384,0.93793,11.180865,10
DHA-23,Escherichia coli,1,5.319734,0.95992917,11.239362,10
TEM-149,Escherichia coli,1,5.1316013,0.78296214,11.118318,10
TEM-112,Escherichia coli,1,4.7458177,0.24097788,11.060207,10
mphC,Escherichia coli,1,5.303014,0.9670188,11.169658,10
Saur_LmrS,Escherichia coli,1,4.5071054,-0.09805194,10.976176,10
APH(3'')-Ib,Shigella dysenteriae,1,4.6865706,-9.875427,9.172786,10
sul2,Shigella dysenteriae,1,4.6870522,-9.878493,9.172429,10
ugd,Shigella dysenteriae,1,4.685542,-9.875518,9.172667,10
cpxA,Shigella dysenteriae,1,4.6862397,-9.875588,9.17266,10
EC-14,Shigella dysenteriae,1,4.6860747,-9.875716,9.172715,10
TEM-48,Escherichia coli,1,4.99112,0.55747646,11.139095,10
DHA-22,Escherichia coli,1,4.945125,0.44415596,11.170111,10
CTX-M-79,Escherichia coli,1,5.213526,0.85521924,11.156073,10
AAC(6')-Ib8,Escherichia coli,1,4.974097,0.44433483,11.178066,10
qnrE1,Enterobacter cloacae,1,12.632615,-2.8185997,-6.1799064,10
lsaE,Escherichia coli,1,4.668931,0.058758516,11.069092,10
CTX-M-105,Escherichia coli,1,4.800135,0.27063382,11.103776,10
armA,Escherichia coli,1,5.104629,0.6780831,11.145643,10
Bla1,Bacillus cereus,1,1.9376181,-4.980534,-4.24063,10
MexB,Escherichia coli,1,4.6032805,-0.25006738,11.1989975,10
OprJ,Escherichia coli,1,4.814872,0.34388068,11.167673,10
CTX-M-115,Escherichia coli,1,4.726476,0.1700579,11.0610895,10
SHV-165,Escherichia coli,1,4.6996512,0.10528731,11.067771,10
CTX-M-158,Escherichia coli,1,4.3074164,-0.4718528,10.90355,10
CTX-M-23,Escherichia coli,1,4.8185267,0.28182077,11.097087,10
CMY-165,Escherichia coli,1,4.3102202,-0.4206628,10.902788,10
CTX-M-2,Escherichia coli,1,4.8268495,0.2681757,11.077558,10
SHV-84,Escherichia coli,1,4.521597,-0.09835944,10.9836445,10
SHV-152,Escherichia coli,1,4.5265784,-0.103498794,10.992023,10
tet(K),Escherichia coli,1,4.381774,-0.26996627,10.914485,10
vanR_in_vanB_cl,Escherichia coli,1,4.619516,0.024642125,11.016375,10
Sent_gyrA_FLO,Enterobacter cloacae,1,12.626724,-2.8246143,-6.1732936,10
aadA16,Enterobacter cloacae,1,12.590727,-2.8607376,-6.1377277,10
CMY-16,Escherichia coli,1,3.8364744,-1.1672888,10.654798,10
CTX-M-144,Escherichia coli,1,4.485915,-0.19047526,10.947185,10
OXA-1,Enterobacter cloacae,1,12.571499,-2.8797662,-6.1186013,10
aadA7,Escherichia coli,1,4.49972,-0.1330562,10.993227,10
MuxC,Escherichia coli,1,4.2114534,-0.24865168,10.834008,10
TEM-210,Escherichia coli,1,4.872254,0.35618907,11.04101,10
tet(A),Enterobacter cloacae,1,12.491219,-2.9599767,-6.0382814,10
TEM-54,Escherichia coli,1,4.2681217,-0.53691894,10.812295,10
CMY-4,Escherichia coli,1,3.9611015,-0.7299766,10.699288,10
AAC(6')-Ib9,Enterobacter cloacae,1,12.536632,-2.914622,-6.083789,10
CMY-7,Escherichia coli,1,4.055479,-0.5744842,10.719005,10
TEM-28,Escherichia coli,1,4.193911,-0.46230218,10.85152,10
TEM-242,Escherichia coli,1,4.0241485,-0.6520055,10.733631,10
CTX-M-102,Escherichia coli,1,4.2657943,-0.34133512,10.859419,10
OXA-9,Enterobacter cloacae,1,12.552164,-2.899327,-6.099258,10
CTX-M-53,Escherichia coli,1,3.964576,-0.7480496,10.702449,10
CTX-M-143,Escherichia coli,1,3.8791492,-0.62918687,10.616736,10
CTX-M-226,Escherichia coli,1,3.5880373,-0.98289514,10.446641,10
CMY-24,Escherichia coli,1,4.030284,-0.63306636,10.707024,10
Type_A_NfxB,Escherichia coli,1,3.6961486,-0.91370374,10.518959,10
MexW,Escherichia coli,1,3.8510635,-0.4865394,10.624216,10
CTX-M-9,Escherichia coli,1,3.9625287,-0.66044277,10.68611,10
CTX-M-130,Escherichia coli,1,3.5954783,-1.3502107,10.394189,10
Ecol_EFTu_KIR,Escherichia coli,1,3.98814,-0.64721555,10.694334,10
tet(O),Streptococcus porcinus,1,,,,10
AAC(6')-Ib-cr9,Escherichia coli,1,3.7309718,-0.7926493,10.596274,10
baeR,Enterobacter cloacae,1,12.534537,-2.9167452,-6.0816174,10
APH(3'')-Ib,Enterobacter cloacae,1,12.552723,-2.8988905,-6.099715,10
NDM-24,Escherichia coli,1,3.6087508,-0.99233174,10.494414,10
AAC(6')-Ib4,Enterobacter cloacae,1,12.586214,-2.865193,-6.133272,10
NDM-33,Escherichia coli,1,3.3324633,-1.0569463,10.332699,10
TEM-147,Escherichia coli,1,3.4127662,-1.0650153,10.337266,10
CTX-M-156,Escherichia coli,1,3.5254552,-0.9749179,10.434267,10
QnrB68,Enterobacter cloacae,1,12.515546,-2.9358923,-6.0627227,10
MexF,Escherichia coli,1,3.6783614,-0.91385293,10.541496,10
TEM-30,Escherichia coli,1,3.5638163,-0.8469812,10.459048,10
TEM-233,Escherichia coli,1,3.263744,-1.0875245,10.283384,10
Kpne_KpnH,Enterobacter cloacae,1,12.579056,-2.8723638,-6.126142,10
Ecol_catII,Enterobacter cloacae,1,12.583759,-2.8676486,-6.1309214,10
CTX-M-62,Escherichia coli,1,3.3830643,-1.0446836,10.360081,10
TEM-93,Escherichia coli,1,3.558555,-0.93233246,10.452791,10
TEM-143,Escherichia coli,1,3.4149923,-1.0121238,10.377814,10
AAC6_30_AAC6_Ib,Escherichia coli,1,3.1473002,-1.0564152,10.244728,10
IMP-38,Escherichia coli,1,2.9692852,-1.1882832,10.078152,10
TEM-121,Escherichia coli,1,2.822489,-1.3153791,9.941034,10
TEM-17,Escherichia coli,1,3.3509717,-0.99530435,10.362107,10
eptB,Enterobacter cloacae,1,12.516975,-2.9339914,-6.064295,10
CTX-M-66,Escherichia coli,1,3.0451164,-1.2653936,10.080389,10
TEM-76,Escherichia coli,1,3.0677907,-1.2858559,10.171193,10
TEM-88,Escherichia coli,1,3.0997212,-1.1319706,10.194598,10
ANT(3'')-IIa,Enterobacter cloacae,1,12.585173,-2.866223,-6.132421,10
arlR,Escherichia coli,1,2.8796418,-1.3678471,9.80129,10
TEM-79,Escherichia coli,1,3.1918576,-1.0668534,10.250707,10
CTX-M-48,Escherichia coli,1,2.8354983,-1.3849323,9.933087,10
APH(3')-Ia,Enterobacter cloacae,1,12.569122,-2.882629,-6.115105,10
CTX-M-43,Escherichia coli,1,2.9438338,-1.3138607,10.1351795,10
TEM-105,Escherichia coli,1,3.1152768,-1.2057372,10.223269,10
Kpne_KpnE,Enterobacter cloacae,1,12.561262,-2.8901243,-6.108218,10
dfrA25,Escherichia coli,1,2.9106987,-1.1719846,10.0386095,10
dfrA29,Escherichia coli,1,2.895498,-1.2267702,10.067102,10
CMY-15,Escherichia coli,1,2.758733,-1.170062,9.955753,10
TEM-141,Escherichia coli,1,2.8495145,-1.0655583,9.990622,10
TEM-144,Escherichia coli,1,2.634544,-1.1558025,9.870248,10
TEM-81,Escherichia coli,1,2.4553936,-1.4421352,9.851549,10
vanS_in_vanA_cl,Escherichia coli,1,2.67942,-1.0207697,9.92801,10
MexI,Enterobacter cloacae,1,12.577462,-2.8739645,-6.124429,10
MCR-1.8,Escherichia coli,1,2.8095763,-1.1812518,10.006483,10
ANT(2'')-Ia,Escherichia coli,1,2.593967,-1.138383,9.845597,10
oqxB,Enterobacter cloacae,1,12.493779,-2.9578023,-6.040587,10
CTX-M-239,Escherichia coli,1,2.4302423,-1.236459,9.775699,10
TEM-47,Enterobacter cloacae,1,12.606859,-2.8447065,-6.1538987,10
aadA,Enterobacter cloacae,1,12.568813,-2.8828163,-6.115751,10
AAC(6')-Ib',Enterobacter cloacae,1,12.653949,-2.797462,-6.201044,10
catB3,Enterobacter cloacae,1,12.581681,-2.8700092,-6.1285505,10
